"GEO_ID","NAME","S1901_C01_001E","S1901_C01_001M","S1901_C01_002E","S1901_C01_002M","S1901_C01_003E","S1901_C01_003M","S1901_C01_004E","S1901_C01_004M","S1901_C01_005E","S1901_C01_005M","S1901_C01_006E","S1901_C01_006M","S1901_C01_007E","S1901_C01_007M","S1901_C01_008E","S1901_C01_008M","S1901_C01_009E","S1901_C01_009M","S1901_C01_010E","S1901_C01_010M","S1901_C01_011E","S1901_C01_011M","S1901_C01_012E","S1901_C01_012M","S1901_C01_013E","S1901_C01_013M","S1901_C01_014E","S1901_C01_014M","S1901_C01_015E","S1901_C01_015M","S1901_C01_016E","S1901_C01_016M","S1901_C02_001E","S1901_C02_001M","S1901_C02_002E","S1901_C02_002M","S1901_C02_003E","S1901_C02_003M","S1901_C02_004E","S1901_C02_004M","S1901_C02_005E","S1901_C02_005M","S1901_C02_006E","S1901_C02_006M","S1901_C02_007E","S1901_C02_007M","S1901_C02_008E","S1901_C02_008M","S1901_C02_009E","S1901_C02_009M","S1901_C02_010E","S1901_C02_010M","S1901_C02_011E","S1901_C02_011M","S1901_C02_012E","S1901_C02_012M","S1901_C02_013E","S1901_C02_013M","S1901_C02_014E","S1901_C02_014M","S1901_C02_015E","S1901_C02_015M","S1901_C02_016E","S1901_C02_016M","S1901_C03_001E","S1901_C03_001M","S1901_C03_002E","S1901_C03_002M","S1901_C03_003E","S1901_C03_003M","S1901_C03_004E","S1901_C03_004M","S1901_C03_005E","S1901_C03_005M","S1901_C03_006E","S1901_C03_006M","S1901_C03_007E","S1901_C03_007M","S1901_C03_008E","S1901_C03_008M","S1901_C03_009E","S1901_C03_009M","S1901_C03_010E","S1901_C03_010M","S1901_C03_011E","S1901_C03_011M","S1901_C03_012E","S1901_C03_012M","S1901_C03_013E","S1901_C03_013M","S1901_C03_014E","S1901_C03_014M","S1901_C03_015E","S1901_C03_015M","S1901_C03_016E","S1901_C03_016M","S1901_C04_001E","S1901_C04_001M","S1901_C04_002E","S1901_C04_002M","S1901_C04_003E","S1901_C04_003M","S1901_C04_004E","S1901_C04_004M","S1901_C04_005E","S1901_C04_005M","S1901_C04_006E","S1901_C04_006M","S1901_C04_007E","S1901_C04_007M","S1901_C04_008E","S1901_C04_008M","S1901_C04_009E","S1901_C04_009M","S1901_C04_010E","S1901_C04_010M","S1901_C04_011E","S1901_C04_011M","S1901_C04_012E","S1901_C04_012M","S1901_C04_013E","S1901_C04_013M","S1901_C04_014E","S1901_C04_014M","S1901_C04_015E","S1901_C04_015M","S1901_C04_016E","S1901_C04_016M",
"Geography","Geographic Area Name","Estimate!!Households!!Total","Margin of Error!!Households!!Total","Estimate!!Households!!Total!!Less than $10,000","Margin of Error!!Households!!Total!!Less than $10,000","Estimate!!Households!!Total!!$10,000 to $14,999","Margin of Error!!Households!!Total!!$10,000 to $14,999","Estimate!!Households!!Total!!$15,000 to $24,999","Margin of Error!!Households!!Total!!$15,000 to $24,999","Estimate!!Households!!Total!!$25,000 to $34,999","Margin of Error!!Households!!Total!!$25,000 to $34,999","Estimate!!Households!!Total!!$35,000 to $49,999","Margin of Error!!Households!!Total!!$35,000 to $49,999","Estimate!!Households!!Total!!$50,000 to $74,999","Margin of Error!!Households!!Total!!$50,000 to $74,999","Estimate!!Households!!Total!!$75,000 to $99,999","Margin of Error!!Households!!Total!!$75,000 to $99,999","Estimate!!Households!!Total!!$100,000 to $149,999","Margin of Error!!Households!!Total!!$100,000 to $149,999","Estimate!!Households!!Total!!$150,000 to $199,999","Margin of Error!!Households!!Total!!$150,000 to $199,999","Estimate!!Households!!Total!!$200,000 or more","Margin of Error!!Households!!Total!!$200,000 or more","Estimate!!Households!!Median income (dollars)","Margin of Error!!Households!!Median income (dollars)","Estimate!!Households!!Mean income (dollars)","Margin of Error!!Households!!Mean income (dollars)","Estimate!!Households!!PERCENT ALLOCATED!!Household income in the past 12 months","Margin of Error!!Households!!PERCENT ALLOCATED!!Household income in the past 12 months","Estimate!!Households!!PERCENT ALLOCATED!!Family income in the past 12 months","Margin of Error!!Households!!PERCENT ALLOCATED!!Family income in the past 12 months","Estimate!!Households!!PERCENT ALLOCATED!!Nonfamily income in the past 12 months","Margin of Error!!Households!!PERCENT ALLOCATED!!Nonfamily income in the past 12 months","Estimate!!Families!!Total","Margin of Error!!Families!!Total","Estimate!!Families!!Total!!Less than $10,000","Margin of Error!!Families!!Total!!Less than $10,000","Estimate!!Families!!Total!!$10,000 to $14,999","Margin of Error!!Families!!Total!!$10,000 to $14,999","Estimate!!Families!!Total!!$15,000 to $24,999","Margin of Error!!Families!!Total!!$15,000 to $24,999","Estimate!!Families!!Total!!$25,000 to $34,999","Margin of Error!!Families!!Total!!$25,000 to $34,999","Estimate!!Families!!Total!!$35,000 to $49,999","Margin of Error!!Families!!Total!!$35,000 to $49,999","Estimate!!Families!!Total!!$50,000 to $74,999","Margin of Error!!Families!!Total!!$50,000 to $74,999","Estimate!!Families!!Total!!$75,000 to $99,999","Margin of Error!!Families!!Total!!$75,000 to $99,999","Estimate!!Families!!Total!!$100,000 to $149,999","Margin of Error!!Families!!Total!!$100,000 to $149,999","Estimate!!Families!!Total!!$150,000 to $199,999","Margin of Error!!Families!!Total!!$150,000 to $199,999","Estimate!!Families!!Total!!$200,000 or more","Margin of Error!!Families!!Total!!$200,000 or more","Estimate!!Families!!Median income (dollars)","Margin of Error!!Families!!Median income (dollars)","Estimate!!Families!!Mean income (dollars)","Margin of Error!!Families!!Mean income (dollars)","Estimate!!Families!!PERCENT ALLOCATED!!Household income in the past 12 months","Margin of Error!!Families!!PERCENT ALLOCATED!!Household income in the past 12 months","Estimate!!Families!!PERCENT ALLOCATED!!Family income in the past 12 months","Margin of Error!!Families!!PERCENT ALLOCATED!!Family income in the past 12 months","Estimate!!Families!!PERCENT ALLOCATED!!Nonfamily income in the past 12 months","Margin of Error!!Families!!PERCENT ALLOCATED!!Nonfamily income in the past 12 months","Estimate!!Married-couple families!!Total","Margin of Error!!Married-couple families!!Total","Estimate!!Married-couple families!!Total!!Less than $10,000","Margin of Error!!Married-couple families!!Total!!Less than $10,000","Estimate!!Married-couple families!!Total!!$10,000 to $14,999","Margin of Error!!Married-couple families!!Total!!$10,000 to $14,999","Estimate!!Married-couple families!!Total!!$15,000 to $24,999","Margin of Error!!Married-couple families!!Total!!$15,000 to $24,999","Estimate!!Married-couple families!!Total!!$25,000 to $34,999","Margin of Error!!Married-couple families!!Total!!$25,000 to $34,999","Estimate!!Married-couple families!!Total!!$35,000 to $49,999","Margin of Error!!Married-couple families!!Total!!$35,000 to $49,999","Estimate!!Married-couple families!!Total!!$50,000 to $74,999","Margin of Error!!Married-couple families!!Total!!$50,000 to $74,999","Estimate!!Married-couple families!!Total!!$75,000 to $99,999","Margin of Error!!Married-couple families!!Total!!$75,000 to $99,999","Estimate!!Married-couple families!!Total!!$100,000 to $149,999","Margin of Error!!Married-couple families!!Total!!$100,000 to $149,999","Estimate!!Married-couple families!!Total!!$150,000 to $199,999","Margin of Error!!Married-couple families!!Total!!$150,000 to $199,999","Estimate!!Married-couple families!!Total!!$200,000 or more","Margin of Error!!Married-couple families!!Total!!$200,000 or more","Estimate!!Married-couple families!!Median income (dollars)","Margin of Error!!Married-couple families!!Median income (dollars)","Estimate!!Married-couple families!!Mean income (dollars)","Margin of Error!!Married-couple families!!Mean income (dollars)","Estimate!!Married-couple families!!PERCENT ALLOCATED!!Household income in the past 12 months","Margin of Error!!Married-couple families!!PERCENT ALLOCATED!!Household income in the past 12 months","Estimate!!Married-couple families!!PERCENT ALLOCATED!!Family income in the past 12 months","Margin of Error!!Married-couple families!!PERCENT ALLOCATED!!Family income in the past 12 months","Estimate!!Married-couple families!!PERCENT ALLOCATED!!Nonfamily income in the past 12 months","Margin of Error!!Married-couple families!!PERCENT ALLOCATED!!Nonfamily income in the past 12 months","Estimate!!Nonfamily households!!Total","Margin of Error!!Nonfamily households!!Total","Estimate!!Nonfamily households!!Total!!Less than $10,000","Margin of Error!!Nonfamily households!!Total!!Less than $10,000","Estimate!!Nonfamily households!!Total!!$10,000 to $14,999","Margin of Error!!Nonfamily households!!Total!!$10,000 to $14,999","Estimate!!Nonfamily households!!Total!!$15,000 to $24,999","Margin of Error!!Nonfamily households!!Total!!$15,000 to $24,999","Estimate!!Nonfamily households!!Total!!$25,000 to $34,999","Margin of Error!!Nonfamily households!!Total!!$25,000 to $34,999","Estimate!!Nonfamily households!!Total!!$35,000 to $49,999","Margin of Error!!Nonfamily households!!Total!!$35,000 to $49,999","Estimate!!Nonfamily households!!Total!!$50,000 to $74,999","Margin of Error!!Nonfamily households!!Total!!$50,000 to $74,999","Estimate!!Nonfamily households!!Total!!$75,000 to $99,999","Margin of Error!!Nonfamily households!!Total!!$75,000 to $99,999","Estimate!!Nonfamily households!!Total!!$100,000 to $149,999","Margin of Error!!Nonfamily households!!Total!!$100,000 to $149,999","Estimate!!Nonfamily households!!Total!!$150,000 to $199,999","Margin of Error!!Nonfamily households!!Total!!$150,000 to $199,999","Estimate!!Nonfamily households!!Total!!$200,000 or more","Margin of Error!!Nonfamily households!!Total!!$200,000 or more","Estimate!!Nonfamily households!!Median income (dollars)","Margin of Error!!Nonfamily households!!Median income (dollars)","Estimate!!Nonfamily households!!Mean income (dollars)","Margin of Error!!Nonfamily households!!Mean income (dollars)","Estimate!!Nonfamily households!!PERCENT ALLOCATED!!Household income in the past 12 months","Margin of Error!!Nonfamily households!!PERCENT ALLOCATED!!Household income in the past 12 months","Estimate!!Nonfamily households!!PERCENT ALLOCATED!!Family income in the past 12 months","Margin of Error!!Nonfamily households!!PERCENT ALLOCATED!!Family income in the past 12 months","Estimate!!Nonfamily households!!PERCENT ALLOCATED!!Nonfamily income in the past 12 months","Margin of Error!!Nonfamily households!!PERCENT ALLOCATED!!Nonfamily income in the past 12 months",
"1400000US25025000101","Census Tract 1.01, Suffolk County, Massachusetts","627","70","0.0","6.2","1.9","3.0","0.0","6.2","1.9","2.3","6.2","6.4","9.7","7.3","22.0","12.5","29.5","10.5","12.9","7.8","15.8","7.2","118031","11063","136386","17753","44.2","(X)","(X)","(X)","(X)","(X)","208","67","0.0","17.4","0.0","17.4","3.4","5.5","0.0","17.4","0.0","17.4","4.3","6.5","18.3","11.4","27.9","17.7","8.7","10.2","37.5","20.1","122333","104320","188599","46889","(X)","(X)","35.1","(X)","(X)","(X)","161","64","0.0","21.8","0.0","21.8","0.0","21.8","0.0","21.8","0.0","21.8","5.6","8.6","11.2","10.9","23.6","18.2","11.2","13.3","48.4","22.3","189432","65220","N","N","(X)","(X)","(X)","(X)","(X)","(X)","419","73","0.0","9.1","2.9","4.5","0.0","9.1","2.9","3.6","9.3","9.8","12.4","10.0","22.2","17.7","30.3","13.7","15.0","11.1","5.0","5.0","107917","34426","109517","14897","(X)","(X)","(X)","(X)","48.7","(X)",
"1400000US25025000102","Census Tract 1.02, Suffolk County, Massachusetts","1322","271","3.3","3.6","1.9","2.4","13.2","6.8","3.8","3.0","9.5","7.2","7.5","4.5","8.2","4.8","39.2","14.3","7.2","4.5","6.3","6.6","102768","20712","100136","15964","56.2","(X)","(X)","(X)","(X)","(X)","597","111","1.3","2.4","0.0","6.5","21.6","11.7","4.4","5.1","4.0","5.1","9.2","7.2","11.4","7.9","39.0","11.9","5.5","6.6","3.5","4.4","98850","21535","105811","29017","(X)","(X)","48.4","(X)","(X)","(X)","458","110","0.0","8.4","0.0","8.4","7.6","11.1","5.7","6.7","3.3","5.7","5.9","5.6","14.8","9.9","50.9","15.5","7.2","8.1","4.6","5.8","103795","18853","N","N","(X)","(X)","(X)","(X)","(X)","(X)","725","274","5.0","6.2","3.4","4.5","6.3","7.3","3.3","3.5","13.9","13.3","6.1","5.7","10.5","8.4","36.4","26.1","6.5","5.2","8.6","11.1","110129","59125","93014","21510","(X)","(X)","(X)","(X)","59.7","(X)",
"1400000US25025000201","Census Tract 2.01, Suffolk County, Massachusetts","1805","301","3.6","3.5","0.0","2.2","7.7","5.9","7.3","4.5","6.9","3.7","8.1","3.4","12.6","5.6","36.2","11.8","11.4","4.5","6.1","3.1","108098","23781","104906","10132","50.6","(X)","(X)","(X)","(X)","(X)","660","178","0.0","5.9","0.0","5.9","13.8","14.6","8.5","7.0","12.6","9.5","6.1","4.1","8.9","6.1","31.4","13.1","9.8","5.8","8.9","6.2","100114","23139","104622","20861","(X)","(X)","41.4","(X)","(X)","(X)","533","159","0.0","7.2","0.0","7.2","17.1","17.6","6.2","5.9","8.1","6.9","4.5","2.8","11.1","7.7","34.7","15.2","10.3","6.4","8.1","6.1","101875","23249","N","N","(X)","(X)","(X)","(X)","(X)","(X)","1145","269","5.7","5.5","0.0","3.4","4.2","3.9","6.6","5.3","6.6","4.7","9.3","5.0","11.7","6.3","39.7","16.5","11.7","6.0","4.5","3.9","115878","30345","103804","12581","(X)","(X)","(X)","(X)","55.9","(X)",
"1400000US25025000202","Census Tract 2.02, Suffolk County, Massachusetts","1504","180","3.8","4.1","1.6","2.5","10.7","6.5","5.1","4.2","10.6","8.8","15.5","6.7","8.3","3.8","21.3","6.2","12.1","5.0","11.0","4.8","81371","21618","102627","11876","51.5","(X)","(X)","(X)","(X)","(X)","713","129","7.6","8.4","0.0","5.5","16.3","12.2","8.3","8.1","1.5","1.7","16.0","9.7","7.6","6.1","24.0","8.4","12.9","8.9","5.9","4.5","78281","20352","91463","16806","(X)","(X)","51.2","(X)","(X)","(X)","403","122","4.2","6.5","0.0","9.4","18.4","17.4","2.0","3.4","1.5","2.4","14.1","12.1","5.5","5.4","24.6","12.5","22.8","16.1","6.9","7.0","101750","40603","N","N","(X)","(X)","(X)","(X)","(X)","(X)","791","195","0.4","0.7","3.0","4.6","5.7","5.8","2.3","2.5","18.7","15.8","15.0","10.1","9.0","5.2","20.7","9.5","11.4","5.9","13.8","8.8","93594","34026","109589","17847","(X)","(X)","(X)","(X)","49.7","(X)",
"1400000US25025000301","Census Tract 3.01, Suffolk County, Massachusetts","1150","174","0.4","0.7","1.7","2.6","1.3","1.5","2.9","4.1","4.7","3.3","7.5","3.9","6.3","3.9","50.3","10.2","18.5","6.6","6.4","4.1","121585","11079","127127","13001","45.0","(X)","(X)","(X)","(X)","(X)","425","154","0.0","9.0","4.5","6.7","0.0","9.0","0.0","9.0","6.1","7.0","7.5","6.9","11.3","8.8","51.8","20.0","11.8","10.8","7.1","6.2","109010","33723","134153","31109","(X)","(X)","51.5","(X)","(X)","(X)","277","90","0.0","13.4","6.9","9.4","0.0","13.4","0.0","13.4","9.4","10.3","9.7","10.0","13.4","11.2","31.8","17.9","18.1","14.5","10.8","8.4","133417","48449","N","N","(X)","(X)","(X)","(X)","(X)","(X)","725","168","0.7","1.0","0.0","5.4","2.1","2.3","4.6","6.3","3.9","3.9","7.4","5.1","3.3","3.4","50.5","13.5","22.5","9.5","5.1","4.9","121919","11203","122227","10202","(X)","(X)","(X)","(X)","41.1","(X)",
"1400000US25025000302","Census Tract 3.02, Suffolk County, Massachusetts","1348","248","1.9","2.7","1.4","1.8","1.7","1.7","2.1","2.6","5.9","4.1","16.2","8.3","18.3","10.4","24.1","8.4","18.5","12.9","9.8","4.5","103696","12400","121419","16758","51.6","(X)","(X)","(X)","(X)","(X)","742","248","0.0","5.2","0.0","5.2","1.8","2.7","1.8","2.3","8.6","7.5","18.2","12.9","21.2","15.4","12.1","8.1","30.1","21.0","6.3","6.0","92426","61246","130517","27363","(X)","(X)","40.7","(X)","(X)","(X)","591","232","0.0","6.5","0.0","6.5","0.0","6.5","0.0","6.5","8.1","8.8","16.8","14.1","23.7","19.6","5.8","5.9","37.7","24.6","8.0","8.0","119432","97879","N","N","(X)","(X)","(X)","(X)","(X)","(X)","606","124","4.3","5.7","3.1","4.1","1.7","2.4","2.5","4.7","2.5","3.1","13.9","8.5","14.9","10.1","40.9","14.1","3.3","3.2","13.0","9.3","104094","4374","109197","16319","(X)","(X)","(X)","(X)","64.9","(X)",
"1400000US25025000401","Census Tract 4.01, Suffolk County, Massachusetts","2858","441","23.3","9.3","6.3","4.2","1.7","1.9","2.2","2.7","3.6","2.3","20.0","8.6","12.8","6.7","18.3","5.8","7.5","3.9","4.2","2.9","66457","4432","74900","10432","40.2","(X)","(X)","(X)","(X)","(X)","757","160","12.9","10.7","0.0","5.1","0.0","5.1","0.0","5.1","2.9","3.6","25.5","12.6","14.7","13.7","29.3","11.7","11.0","9.7","3.7","4.4","87630","27449","100108","20317","(X)","(X)","30.6","(X)","(X)","(X)","686","178","14.3","11.6","0.0","5.7","0.0","5.7","0.0","5.7","3.2","3.9","28.1","13.6","9.0","10.7","29.9","13.2","11.4","10.4","4.1","4.9","88333","40973","N","N","(X)","(X)","(X)","(X)","(X)","(X)","2101","460","27.0","11.9","8.6","5.6","2.3","2.7","3.0","3.8","3.9","2.6","18.0","10.8","14.5","8.2","12.8","5.8","5.6","3.7","4.4","3.8","65132","25122","64519","11941","(X)","(X)","(X)","(X)","43.0","(X)",
"1400000US25025000402","Census Tract 4.02, Suffolk County, Massachusetts","1433","197","2.0","1.7","2.6","2.1","4.8","3.3","3.1","2.1","8.4","6.7","14.7","5.5","15.6","5.8","19.7","5.9","12.1","5.8","16.9","8.2","98715","12144","156480","70545","38.8","(X)","(X)","(X)","(X)","(X)","593","174","0.0","6.5","0.0","6.5","3.5","3.0","1.5","2.4","10.3","8.5","15.3","8.0","8.6","7.7","17.4","8.1","12.6","9.8","30.7","16.9","128281","53055","240242","152809","(X)","(X)","46.4","(X)","(X)","(X)","538","166","0.0","7.2","0.0","7.2","3.9","3.3","1.7","2.7","4.1","4.0","13.9","8.9","9.5","8.5","19.1","9.0","13.9","10.9","33.8","17.8","148800","46330","N","N","(X)","(X)","(X)","(X)","(X)","(X)","840","140","3.5","2.8","4.4","3.6","5.7","5.1","4.3","3.1","7.0","10.0","14.3","7.2","20.6","7.9","21.4","8.0","12.5","7.3","6.3","4.1","89286","15406","96870","13643","(X)","(X)","(X)","(X)","33.5","(X)",
"1400000US25025000502","Census Tract 5.02, Suffolk County, Massachusetts","1620","147","8.4","3.9","9.5","3.5","6.2","3.0","7.9","4.5","7.6","3.7","13.1","4.3","12.2","3.6","20.7","6.9","7.8","3.2","6.6","2.4","70000","10666","89389","11496","28.6","(X)","(X)","(X)","(X)","(X)","392","93","1.0","1.6","6.4","6.6","7.1","9.1","0.0","9.7","1.8","3.0","13.8","9.7","8.9","5.8","35.2","11.6","5.1","4.2","20.7","7.6","119605","15834","149036","35335","(X)","(X)","11.0","(X)","(X)","(X)","323","82","1.2","1.9","7.7","7.9","8.7","11.0","0.0","11.6","0.0","11.6","5.6","4.6","10.8","7.0","34.7","13.1","6.2","4.8","25.1","9.8","123646","16718","N","N","(X)","(X)","(X)","(X)","(X)","(X)","1228","160","10.7","5.1","10.5","4.3","5.9","3.0","10.4","5.8","10.0","4.9","12.9","4.8","13.2","4.7","16.3","8.1","7.9","4.4","2.1","2.2","54643","20396","69617","11611","(X)","(X)","(X)","(X)","34.2","(X)",
"1400000US25025000503","Census Tract 5.03, Suffolk County, Massachusetts","1156","127","5.0","3.2","0.9","1.1","7.0","4.1","5.0","3.6","4.9","3.1","21.8","6.4","16.1","6.4","28.5","6.2","6.6","5.8","4.2","3.9","77857","11676","89756","10166","28.7","(X)","(X)","(X)","(X)","(X)","315","100","4.1","6.3","0.0","11.9","2.2","3.7","1.9","3.6","5.7","6.4","11.1","9.1","12.1","9.0","35.2","14.3","20.0","18.0","7.6","11.7","111580","2665","111744","21552","(X)","(X)","9.5","(X)","(X)","(X)","315","100","4.1","6.3","0.0","11.9","2.2","3.7","1.9","3.6","5.7","6.4","11.1","9.1","12.1","9.0","35.2","14.3","20.0","18.0","7.6","11.7","111580","2665","N","N","(X)","(X)","(X)","(X)","(X)","(X)","841","118","5.4","3.6","1.2","1.5","8.8","5.1","6.9","5.0","3.9","3.4","25.8","7.8","17.6","7.8","25.9","8.1","1.5","1.7","3.0","3.1","74384","3403","81463","9564","(X)","(X)","(X)","(X)","35.9","(X)",
"1400000US25025000505","Census Tract 5.05, Suffolk County, Massachusetts","1040","171","3.2","3.9","13.9","12.0","8.3","8.2","8.6","7.1","13.7","11.4","7.2","5.8","10.6","6.9","13.4","8.3","16.9","8.0","4.3","4.2","56094","31329","82105","15439","59.4","(X)","(X)","(X)","(X)","(X)","243","93","0.0","15.1","0.0","15.1","0.0","15.1","9.1","15.8","0.0","15.1","3.3","5.7","14.4","15.2","25.1","26.6","48.1","23.7","0.0","15.1","144338","74821","123777","19951","(X)","(X)","62.1","(X)","(X)","(X)","153","86","0.0","22.7","0.0","22.7","0.0","22.7","0.0","22.7","0.0","22.7","0.0","22.7","22.9","21.9","39.9","33.2","37.3","25.4","0.0","22.7","102358","99820","N","N","(X)","(X)","(X)","(X)","(X)","(X)","797","173","4.1","5.1","18.2","16.1","10.8","10.6","8.4","7.8","17.8","14.7","8.4","7.4","12.8","9.0","6.4","5.0","7.4","5.9","5.6","5.5","41896","12533","68466","19364","(X)","(X)","(X)","(X)","55.2","(X)",
"1400000US25025000506","Census Tract 5.06, Suffolk County, Massachusetts","1454","183","15.5","7.5","5.2","4.8","7.4","6.5","5.4","4.4","4.6","4.5","13.4","6.3","15.4","7.6","19.4","7.2","12.6","6.3","1.2","1.8","71458","15112","75176","10783","36.3","(X)","(X)","(X)","(X)","(X)","288","98","0.0","12.9","0.0","12.9","5.2","8.6","9.7","12.5","0.0","12.9","25.0","15.1","20.1","17.5","5.9","9.8","28.1","18.4","5.9","8.4","81859","29358","109411","22111","(X)","(X)","32.6","(X)","(X)","(X)","215","90","0.0","16.9","0.0","16.9","0.0","16.9","13.0","17.1","0.0","16.9","15.8","17.9","17.7","19.6","7.9","13.2","37.7","23.0","7.9","11.2","131103","89407","N","N","(X)","(X)","(X)","(X)","(X)","(X)","1166","178","19.3","9.2","6.4","6.1","7.9","7.5","4.4","4.6","5.7","5.6","13.8","6.8","14.2","7.4","19.5","8.1","8.7","6.0","0.0","3.4","61513","22721","65658","11753","(X)","(X)","(X)","(X)","37.2","(X)",
"1400000US25025000601","Census Tract 6.01, Suffolk County, Massachusetts","1366","108","4.5","3.0","2.1","2.1","4.0","2.7","4.5","3.2","6.0","3.6","9.2","3.9","16.4","6.0","27.7","6.2","16.5","5.7","9.1","4.3","111094","15111","116309","11092","41.9","(X)","(X)","(X)","(X)","(X)","574","99","0.0","6.7","1.4","2.4","4.7","4.6","3.0","3.2","2.6","3.9","4.5","4.2","15.9","8.5","39.9","9.4","18.1","12.2","9.9","7.1","127311","6817","130001","16553","(X)","(X)","41.1","(X)","(X)","(X)","425","87","0.0","9.0","1.9","3.3","3.1","5.0","0.0","9.0","3.5","5.3","1.9","3.5","12.9","8.6","38.8","11.1","24.5","15.3","13.4","9.3","133036","15270","N","N","(X)","(X)","(X)","(X)","(X)","(X)","792","123","7.8","5.3","2.7","3.3","3.4","3.5","5.6","5.0","8.5","5.6","12.5","6.6","18.8","9.0","19.3","9.5","15.4","7.1","6.1","4.3","91071","13821","102116","15934","(X)","(X)","(X)","(X)","41.7","(X)",
"1400000US25025000603","Census Tract 6.03, Suffolk County, Massachusetts","783","154","14.6","12.5","18.3","11.4","17.1","13.3","5.5","5.5","6.3","6.1","17.8","10.9","5.5","5.5","12.8","10.2","0.0","5.0","2.3","3.8","25039","20216","46135","12844","31.4","(X)","(X)","(X)","(X)","(X)","301","103","0.0","12.4","28.6","22.0","17.6","13.7","3.7","6.7","0.0","12.4","7.0","10.8","9.6","11.2","27.6","22.6","0.0","12.4","6.0","9.3","-","**","63610","25986","(X)","(X)","22.3","(X)","(X)","(X)","191","104","0.0","18.8","31.9","29.4","4.2","7.2","5.8","10.6","0.0","18.8","11.0","17.8","8.4","14.5","29.3","30.8","0.0","18.8","9.4","14.9","-","**","N","N","(X)","(X)","(X)","(X)","(X)","(X)","482","169","23.7","19.8","11.8","14.8","16.8","19.6","6.6","7.5","10.2","10.0","24.5","16.5","2.9","5.4","3.5","5.6","0.0","8.0","0.0","8.0","22160","16664","35222","10149","(X)","(X)","(X)","(X)","37.1","(X)",
"1400000US25025000604","Census Tract 6.04, Suffolk County, Massachusetts","1129","109","12.3","9.5","5.9","4.7","10.6","6.8","5.4","5.7","11.1","6.5","19.8","9.4","11.5","6.5","10.2","7.8","8.9","8.2","4.3","3.9","52225","12657","68238","15398","28.2","(X)","(X)","(X)","(X)","(X)","314","139","23.6","25.2","0.0","11.9","11.8","14.1","0.0","11.9","4.5","8.3","11.8","13.1","11.8","17.6","8.0","12.9","25.5","25.7","3.2","5.2","64625","54586","84118","43690","(X)","(X)","17.5","(X)","(X)","(X)","280","150","19.3","27.1","0.0","13.3","13.2","16.2","0.0","13.3","0.0","13.3","13.2","15.4","13.2","19.9","8.9","14.8","28.6","27.7","3.6","6.1","80811","59197","N","N","(X)","(X)","(X)","(X)","(X)","(X)","815","116","8.0","9.2","8.2","6.5","10.2","8.1","7.5","7.8","13.6","7.9","22.9","11.9","11.4","6.9","11.0","9.9","2.5","2.4","4.7","5.2","50869","9269","62120","11689","(X)","(X)","(X)","(X)","32.3","(X)",
"1400000US25025000701","Census Tract 7.01, Suffolk County, Massachusetts","2163","259","5.1","3.6","2.4","2.2","10.4","5.6","4.6","2.7","7.0","3.4","17.9","6.1","23.6","8.4","18.9","7.1","7.4","3.2","2.6","2.5","80208","13828","85954","13308","36.8","(X)","(X)","(X)","(X)","(X)","487","145","0.0","7.9","0.0","7.9","0.0","7.9","7.2","7.9","3.3","5.2","39.6","18.8","19.9","16.5","18.1","12.0","9.7","7.8","2.3","3.6","72463","26660","88427","11359","(X)","(X)","31.8","(X)","(X)","(X)","304","100","0.0","12.3","0.0","12.3","0.0","12.3","5.6","8.2","0.0","12.3","39.1","20.5","15.5","13.5","28.9","17.9","7.2","10.9","3.6","5.8","90395","29021","N","N","(X)","(X)","(X)","(X)","(X)","(X)","1676","291","6.6","4.7","3.1","2.9","13.5","7.1","3.8","3.0","9.0","4.6","11.6","5.1","24.9","10.0","19.2","9.0","5.7","3.7","2.7","3.2","79138","22181","83902","16923","(X)","(X)","(X)","(X)","38.2","(X)",
"1400000US25025000703","Census Tract 7.03, Suffolk County, Massachusetts","973","95","23.1","7.3","1.4","1.6","8.5","3.7","8.5","5.6","20.8","7.0","11.7","5.1","8.0","5.0","8.8","3.9","4.2","3.2","4.8","3.9","42706","4020","57496","10501","27.5","(X)","(X)","(X)","(X)","(X)","92","54","15.2","22.6","0.0","33.6","0.0","33.6","6.5","12.2","0.0","33.6","18.5","17.6","0.0","33.6","27.2","15.4","22.8","27.0","9.8","15.1","141500","91221","109580","38521","(X)","(X)","40.2","(X)","(X)","(X)","53","29","26.4","34.4","0.0","45.2","0.0","45.2","11.3","19.7","0.0","45.2","15.1","21.4","0.0","45.2","47.2","28.7","0.0","45.2","0.0","45.2","-","**","N","N","(X)","(X)","(X)","(X)","(X)","(X)","881","100","24.0","8.2","1.6","1.8","9.4","4.1","8.7","6.1","22.9","7.6","11.0","5.0","8.9","5.6","6.9","4.3","4.7","3.6","1.9","2.2","41349","5182","50148","7587","(X)","(X)","(X)","(X)","26.2","(X)",
"1400000US25025000704","Census Tract 7.04, Suffolk County, Massachusetts","2051","179","11.6","4.1","2.6","2.2","5.8","3.8","3.4","2.6","15.0","8.9","21.9","8.5","9.1","4.0","16.2","4.7","10.5","4.7","3.9","2.6","63874","7520","79558","8608","25.6","(X)","(X)","(X)","(X)","(X)","513","169","0.0","7.5","3.7","6.3","0.0","7.5","4.7","6.0","14.0","17.6","27.1","18.5","13.1","11.9","18.5","11.4","16.0","11.6","2.9","4.5","90208","57566","97967","19027","(X)","(X)","20.9","(X)","(X)","(X)","350","132","0.0","10.8","5.4","9.2","0.0","10.8","6.9","8.8","20.6","24.7","0.0","10.8","12.3","12.5","27.1","14.5","23.4","14.7","4.3","6.7","111250","45256","N","N","(X)","(X)","(X)","(X)","(X)","(X)","1538","178","15.4","5.4","2.2","2.2","7.7","5.0","3.0","2.8","15.3","8.9","20.2","7.3","7.8","4.0","16.5","5.9","8.7","5.5","3.1","3.0","54688","8908","71888","9548","(X)","(X)","(X)","(X)","27.2","(X)",
"1400000US25025000804","Census Tract 8.04, Suffolk County, Massachusetts","1230","192","1.5","2.3","2.5","3.9","11.1","7.8","4.2","4.2","9.3","10.9","12.5","7.6","12.9","6.6","27.5","10.2","5.6","6.4","12.8","6.3","96935","15014","109553","17793","42.3","(X)","(X)","(X)","(X)","(X)","618","208","0.0","6.3","0.0","6.3","16.0","13.5","5.3","6.0","18.6","20.2","10.4","11.4","7.9","8.4","30.4","14.8","1.9","4.0","9.4","8.8","-","**","92426","27819","(X)","(X)","61.5","(X)","(X)","(X)","381","133","0.0","10.0","0.0","10.0","20.2","17.9","8.7","9.5","3.9","7.9","4.2","8.9","3.9","5.9","40.7","19.3","3.1","6.9","15.2","12.9","114563","41597","N","N","(X)","(X)","(X)","(X)","(X)","(X)","612","158","3.1","4.7","5.1","7.8","6.0","8.2","3.1","4.9","1.5","3.0","13.1","11.1","18.0","11.3","28.8","14.9","5.1","8.7","16.3","9.5","100227","15221","125629","24476","(X)","(X)","(X)","(X)","22.9","(X)",
"1400000US25025000805","Census Tract 8.05, Suffolk County, Massachusetts","1358","141","19.5","7.8","7.7","4.1","7.0","4.5","11.4","6.1","12.3","8.5","6.2","4.3","7.7","4.9","14.4","6.7","6.6","3.9","7.2","5.7","40074","9311","66976","12519","44.4","(X)","(X)","(X)","(X)","(X)","249","106","0.0","14.8","0.0","14.8","8.8","12.2","5.2","8.8","36.9","30.9","0.0","14.8","12.4","16.6","27.7","20.9","8.8","12.0","0.0","14.8","-","**","80987","23081","(X)","(X)","32.9","(X)","(X)","(X)","182","108","0.0","19.6","0.0","19.6","7.1","16.0","7.1","12.5","31.9","38.6","0.0","19.6","3.8","7.1","37.9","28.3","12.1","16.7","0.0","19.6","-","**","N","N","(X)","(X)","(X)","(X)","(X)","(X)","1109","119","23.9","9.1","9.5","5.1","6.6","4.6","12.8","7.1","6.8","6.4","7.6","5.2","6.6","4.8","11.4","6.5","6.1","4.2","8.8","6.9","31424","19434","63830","14865","(X)","(X)","(X)","(X)","47.0","(X)",
"1400000US25025000806","Census Tract 8.06, Suffolk County, Massachusetts","672","102","18.2","7.9","2.7","2.4","9.7","6.6","6.7","4.3","6.1","3.6","14.7","6.5","17.0","10.4","11.9","6.2","4.0","3.6","9.1","6.7","58696","16431","79298","18097","32.9","(X)","(X)","(X)","(X)","(X)","162","77","11.7","19.1","3.1","4.9","7.4","9.3","0.0","21.7","3.1","4.7","29.0","24.1","27.8","33.2","11.7","11.1","3.1","4.6","3.1","5.4","67143","48192","72774","19920","(X)","(X)","59.9","(X)","(X)","(X)","162","77","11.7","19.1","3.1","4.9","7.4","9.3","0.0","21.7","3.1","4.7","29.0","24.1","27.8","33.2","11.7","11.1","3.1","4.6","3.1","5.4","67143","48192","N","N","(X)","(X)","(X)","(X)","(X)","(X)","510","78","20.2","9.0","2.5","2.7","10.4","8.0","8.8","5.7","7.1","4.5","10.2","5.5","13.5","7.6","12.0","7.0","4.3","4.5","11.0","8.4","54286","23392","81370","22781","(X)","(X)","(X)","(X)","24.3","(X)",
"1400000US25025000807","Census Tract 8.07, Suffolk County, Massachusetts","0","13","-","**","-","**","-","**","-","**","-","**","-","**","-","**","-","**","-","**","-","**","-","**","-","**","-","(X)","(X)","(X)","(X)","(X)","0","13","-","**","-","**","-","**","-","**","-","**","-","**","-","**","-","**","-","**","-","**","-","**","-","**","(X)","(X)","-","(X)","(X)","(X)","0","13","-","**","-","**","-","**","-","**","-","**","-","**","-","**","-","**","-","**","-","**","-","**","-","**","(X)","(X)","(X)","(X)","(X)","(X)","0","13","-","**","-","**","-","**","-","**","-","**","-","**","-","**","-","**","-","**","-","**","-","**","-","**","(X)","(X)","(X)","(X)","-","(X)",
"1400000US25025010103","Census Tract 101.03, Suffolk County, Massachusetts","412","71","22.8","10.0","7.0","5.9","7.5","6.5","22.1","12.7","8.3","6.6","1.9","2.3","5.1","4.6","4.9","4.8","4.6","4.6","15.8","11.0","33227","2710","97085","54183","19.9","(X)","(X)","(X)","(X)","(X)","78","52","0.0","37.2","0.0","37.2","0.0","37.2","0.0","37.2","0.0","37.2","6.4","10.0","0.0","37.2","3.8","7.9","12.8","22.3","76.9","25.1","222386","108332","353715","159471","(X)","(X)","15.4","(X)","(X)","(X)","78","52","0.0","37.2","0.0","37.2","0.0","37.2","0.0","37.2","0.0","37.2","6.4","10.0","0.0","37.2","3.8","7.9","12.8","22.3","76.9","25.1","222386","108365","N","N","(X)","(X)","(X)","(X)","(X)","(X)","334","63","28.1","11.9","8.7","7.2","9.3","7.9","27.2","14.7","10.2","8.3","0.9","1.5","6.3","5.8","5.1","5.6","2.7","3.2","1.5","2.4","30288","11110","37154","9070","(X)","(X)","(X)","(X)","21.0","(X)",
"1400000US25025010104","Census Tract 101.04, Suffolk County, Massachusetts","1703","185","21.7","7.1","3.6","2.8","4.0","2.4","4.9","2.8","6.8","3.4","13.2","6.1","6.3","3.1","13.5","5.5","10.9","5.0","15.0","5.1","59795","18284","109854","23047","26.8","(X)","(X)","(X)","(X)","(X)","452","124","0.0","8.5","0.0","8.5","6.0","6.8","6.9","8.1","5.5","6.4","11.1","10.2","2.0","2.3","17.9","10.0","13.3","9.1","37.4","11.6","168333","58991","189176","40926","(X)","(X)","34.3","(X)","(X)","(X)","371","104","0.0","10.2","0.0","10.2","1.6","3.1","8.4","9.6","6.7","7.9","5.7","8.8","1.3","2.3","21.8","11.5","11.1","8.8","43.4","14.0","190050","76974","N","N","(X)","(X)","(X)","(X)","(X)","(X)","1251","196","29.6","8.3","5.0","3.7","3.3","2.1","4.2","2.7","7.2","4.2","14.0","7.3","7.8","4.2","11.9","6.1","10.1","5.1","7.0","4.0","50950","13000","81177","24219","(X)","(X)","(X)","(X)","24.1","(X)",
"1400000US25025010204","Census Tract 102.04, Suffolk County, Massachusetts","1037","123","24.2","8.6","4.1","4.7","7.1","4.4","9.4","6.4","9.2","6.6","9.2","5.2","6.6","3.5","12.3","5.3","14.5","9.7","3.6","2.8","42841","19608","71849","15937","26.3","(X)","(X)","(X)","(X)","(X)","135","56","17.0","23.8","4.4","7.1","0.0","25.2","27.4","26.8","0.0","25.2","10.4","16.9","18.5","9.0","8.1","13.9","0.0","25.2","14.1","16.1","-","**","90940","55395","(X)","(X)","25.9","(X)","(X)","(X)","131","56","17.6","24.5","4.6","7.3","0.0","25.8","25.2","27.4","0.0","25.8","10.7","17.4","19.1","9.4","8.4","14.3","0.0","25.8","14.5","16.5","-","**","N","N","(X)","(X)","(X)","(X)","(X)","(X)","902","132","25.3","9.0","4.0","5.4","8.2","5.0","7.1","5.9","10.1","7.4","9.0","5.8","4.8","4.0","13.0","6.1","16.6","11.1","2.0","2.2","42727","19131","68960","17056","(X)","(X)","(X)","(X)","26.4","(X)",
"1400000US25025010205","Census Tract 102.05, Suffolk County, Massachusetts","2316","426","20.7","8.6","9.2","5.5","3.9","2.8","4.4","3.0","7.6","4.0","4.5","2.8","21.5","13.9","7.7","3.8","6.0","3.2","14.3","7.2","73750","38606","99658","23257","19.0","(X)","(X)","(X)","(X)","(X)","584","174","7.2","6.0","10.3","12.1","1.2","2.1","0.0","6.6","5.0","7.8","2.7","4.0","12.0","8.4","5.3","6.0","24.0","13.9","32.4","18.1","166623","21337","180390","58758","(X)","(X)","30.3","(X)","(X)","(X)","539","172","0.0","7.1","10.6","13.3","1.3","2.3","0.0","7.1","5.4","8.4","3.0","4.3","13.0","9.3","5.8","6.4","26.0","15.6","35.1","19.4","170260","12872","N","N","(X)","(X)","(X)","(X)","(X)","(X)","1732","440","25.8","12.0","8.8","6.4","4.3","3.6","5.9","4.0","8.5","4.7","5.1","3.6","24.8","17.7","8.5","4.5","0.0","2.3","8.3","7.0","45114","37911","72343","23446","(X)","(X)","(X)","(X)","14.7","(X)",
"1400000US25025010206","Census Tract 102.06, Suffolk County, Massachusetts","1147","358","15.2","8.9","10.3","10.0","6.1","5.5","0.0","3.4","15.4","16.2","12.5","9.3","3.5","3.8","28.0","22.7","9.1","8.7","0.0","3.4","57331","36614","70654","22126","23.5","(X)","(X)","(X)","(X)","(X)","218","188","0.0","16.7","0.0","16.7","10.6","21.6","0.0","16.7","60.6","50.8","0.0","16.7","4.6","9.3","6.9","13.2","17.4","32.9","0.0","16.7","-","**","67943","44255","(X)","(X)","72.0","(X)","(X)","(X)","95","77","0.0","32.9","0.0","32.9","24.2","30.9","0.0","32.9","9.5","20.2","0.0","32.9","10.5","17.1","15.8","27.1","40.0","45.1","0.0","32.9","-","**","N","N","(X)","(X)","(X)","(X)","(X)","(X)","929","360","18.7","11.2","12.7","11.3","5.1","5.0","0.0","4.2","4.8","5.2","15.4","11.9","3.2","4.4","32.9","26.6","7.1","8.5","0.0","4.2","63359","50770","71290","26690","(X)","(X)","(X)","(X)","12.1","(X)",
"1400000US25025010300","Census Tract 103, Suffolk County, Massachusetts","263","59","11.8","7.7","9.5","7.8","5.3","4.1","12.5","10.6","2.7","2.8","24.3","13.3","11.8","11.5","22.1","10.3","0.0","14.1","0.0","14.1","56875","17056","59714","11600","19.0","(X)","(X)","(X)","(X)","(X)","62","35","0.0","41.8","0.0","41.8","0.0","41.8","3.2","6.0","0.0","41.8","43.5","31.3","24.2","32.9","29.0","25.8","0.0","41.8","0.0","41.8","90333","31431","88934","14545","(X)","(X)","25.8","(X)","(X)","(X)","47","30","0.0","48.0","0.0","48.0","0.0","48.0","0.0","48.0","0.0","48.0","29.8","28.5","31.9","39.6","38.3","32.2","0.0","48.0","0.0","48.0","91583","23604","N","N","(X)","(X)","(X)","(X)","(X)","(X)","201","54","15.4","10.2","12.4","10.2","7.0","5.5","15.4","13.4","3.5","3.7","18.4","12.6","8.0","9.2","19.9","11.5","0.0","17.9","0.0","17.9","-","**","50701","13249","(X)","(X)","(X)","(X)","16.9","(X)",
"1400000US25025010403","Census Tract 104.03, Suffolk County, Massachusetts","1700","204","20.1","7.3","6.1","4.9","12.9","6.3","11.3","6.4","13.9","7.9","12.2","4.6","4.0","3.0","12.5","7.1","3.5","3.4","3.4","2.8","34718","6027","58717","14150","35.9","(X)","(X)","(X)","(X)","(X)","305","102","4.6","7.5","0.0","12.3","17.7","22.2","0.0","12.3","18.7","10.0","26.6","18.7","7.5","9.3","7.2","8.4","9.5","13.1","8.2","10.7","53177","21278","103757","57235","(X)","(X)","29.8","(X)","(X)","(X)","210","72","0.0","17.3","0.0","17.3","4.3","8.4","0.0","17.3","27.1","14.0","21.4","20.8","11.0","12.4","10.5","11.8","13.8","18.6","11.9","15.4","69375","48338","N","N","(X)","(X)","(X)","(X)","(X)","(X)","1395","198","23.5","8.7","7.5","5.9","15.1","7.6","13.8","7.8","9.7","8.3","9.0","4.5","3.2","3.1","13.7","8.3","2.2","2.6","2.4","2.4","27129","9934","48222","10682","(X)","(X)","(X)","(X)","37.2","(X)",
"1400000US25025010404","Census Tract 104.04, Suffolk County, Massachusetts","1200","154","28.1","7.1","7.0","3.1","14.2","5.4","6.1","3.2","6.3","4.2","15.7","6.8","6.7","3.4","10.3","4.4","1.8","1.8","4.0","2.3","26023","10845","52258","7217","30.8","(X)","(X)","(X)","(X)","(X)","243","88","16.5","8.7","0.0","15.1","0.0","15.1","7.0","7.6","9.1","13.4","20.6","19.0","2.5","3.5","23.5","12.5","8.6","9.1","12.3","10.7","72656","60411","106257","29198","(X)","(X)","39.1","(X)","(X)","(X)","171","58","15.8","9.6","0.0","20.7","0.0","20.7","4.7","6.9","12.9","18.1","0.0","20.7","3.5","4.8","33.3","14.8","12.3","12.8","17.5","14.5","113036","15811","N","N","(X)","(X)","(X)","(X)","(X)","(X)","957","145","31.0","8.8","8.8","3.8","17.8","6.5","6.7","3.7","5.6","3.8","13.6","6.2","7.7","4.2","6.9","4.4","0.0","4.1","1.9","2.2","21417","3945","38225","8861","(X)","(X)","(X)","(X)","27.9","(X)",
"1400000US25025010405","Census Tract 104.05, Suffolk County, Massachusetts","877","126","22.8","6.0","18.8","8.4","19.8","7.2","6.7","3.6","13.1","10.8","7.3","4.2","3.1","2.3","5.6","3.7","1.5","1.3","1.3","1.4","18481","3648","33524","5548","47.3","(X)","(X)","(X)","(X)","(X)","200","112","13.5","11.3","0.0","18.0","14.0","11.1","6.5","7.5","42.5","29.9","20.5","17.1","0.0","18.0","3.0","4.9","0.0","18.0","0.0","18.0","48051","7815","42462","6645","(X)","(X)","55.0","(X)","(X)","(X)","58","27","19.0","15.6","0.0","43.2","39.7","22.3","12.1","13.7","13.8","20.5","5.2","10.5","0.0","43.2","10.3","15.0","0.0","43.2","0.0","43.2","24038","7090","N","N","(X)","(X)","(X)","(X)","(X)","(X)","677","103","25.6","7.2","24.4","9.2","21.6","9.0","6.8","4.4","5.3","2.8","4.7","3.5","4.0","3.0","4.1","3.7","1.9","1.7","1.6","1.8","15033","3733","29748","5773","(X)","(X)","(X)","(X)","45.1","(X)",
"1400000US25025010408","Census Tract 104.08, Suffolk County, Massachusetts","832","87","13.6","5.2","3.7","3.7","5.2","3.3","4.2","3.7","8.9","5.2","25.8","7.1","11.4","4.3","15.7","6.3","8.4","3.9","3.0","2.1","64714","3865","74316","8978","34.0","(X)","(X)","(X)","(X)","(X)","123","37","5.7","8.9","0.0","27.2","7.3","6.4","4.1","6.2","6.5","7.4","14.6","11.9","17.9","19.9","23.6","17.3","11.4","9.0","8.9","9.4","96250","23885","99876","20012","(X)","(X)","42.3","(X)","(X)","(X)","86","33","8.1","12.9","0.0","35.1","4.7","8.4","0.0","35.1","4.7","7.1","16.3","14.1","25.6","25.4","18.6","15.4","16.3","13.0","5.8","8.4","96167","21663","N","N","(X)","(X)","(X)","(X)","(X)","(X)","709","91","15.0","6.2","4.4","4.4","4.8","3.7","4.9","4.3","9.9","5.9","27.8","8.1","9.0","4.0","14.4","6.7","7.9","4.5","2.0","1.9","62386","4309","69189","9355","(X)","(X)","(X)","(X)","32.6","(X)",
"1400000US25025010500","Census Tract 105, Suffolk County, Massachusetts","1750","424","16.4","5.5","5.1","3.8","4.9","3.5","5.2","3.4","21.1","19.0","11.1","8.0","7.5","3.5","7.7","4.1","10.7","4.4","10.2","4.6","47304","9587","84316","16403","50.2","(X)","(X)","(X)","(X)","(X)","331","84","16.3","10.1","0.0","11.4","6.0","4.8","10.6","12.2","11.5","10.1","16.0","16.5","6.9","6.8","8.2","7.1","7.3","7.2","17.2","11.6","57202","26521","105083","32998","(X)","(X)","27.5","(X)","(X)","(X)","201","83","18.4","14.4","0.0","17.9","3.5","5.5","4.5","8.4","0.0","17.9","26.4","22.8","3.5","5.7","3.5","5.7","11.9","12.1","28.4","19.4","-","**","N","N","(X)","(X)","(X)","(X)","(X)","(X)","1419","433","16.9","6.4","6.3","4.7","4.7","4.1","3.5","2.9","23.4","22.8","9.9","8.9","7.7","4.3","8.4","5.0","11.5","5.5","7.8","4.6","47147","6720","78789","17057","(X)","(X)","(X)","(X)","55.5","(X)",
"1400000US25025010600","Census Tract 106, Suffolk County, Massachusetts","2158","242","14.6","6.7","3.2","2.9","3.9","2.5","4.5","3.5","5.6","3.5","8.5","5.0","12.4","6.6","5.4","2.9","12.5","5.5","29.2","7.9","95543","29263","197168","44784","25.6","(X)","(X)","(X)","(X)","(X)","725","199","7.4","11.1","4.4","6.6","1.2","2.2","1.9","3.0","1.2","2.2","1.4","2.2","8.6","8.1","7.2","6.2","16.3","9.4","50.3","14.5","210391","80517","263478","69209","(X)","(X)","25.7","(X)","(X)","(X)","630","180","0.0","6.1","0.0","6.1","1.4","2.6","2.2","3.4","1.4","2.6","1.6","2.5","8.4","8.9","8.3","7.1","18.7","10.4","57.9","14.8","250,000+","***","N","N","(X)","(X)","(X)","(X)","(X)","(X)","1433","249","18.3","8.9","2.7","2.9","5.2","4.0","5.8","5.0","7.8","5.0","12.1","7.2","14.4","8.1","4.5","2.7","10.6","6.8","18.6","7.4","71489","15079","163620","49513","(X)","(X)","(X)","(X)","25.6","(X)",
"1400000US25025010701","Census Tract 107.01, Suffolk County, Massachusetts","1274","163","7.4","5.6","1.9","1.8","1.9","1.6","1.6","1.6","6.3","4.1","8.4","4.7","9.8","5.7","29.0","7.3","8.8","4.2","24.9","6.7","116267","11272","211493","67179","23.8","(X)","(X)","(X)","(X)","(X)","329","73","0.0","11.4","0.0","11.4","0.0","11.4","2.1","3.4","6.4","8.2","4.3","5.0","8.2","9.0","21.9","11.7","14.9","9.2","42.2","13.7","181875","54206","458219","243664","(X)","(X)","39.5","(X)","(X)","(X)","297","71","0.0","12.6","0.0","12.6","0.0","12.6","2.4","3.8","7.1","9.1","2.0","3.3","3.4","5.0","21.9","12.2","16.5","10.4","46.8","14.6","186806","66678","N","N","(X)","(X)","(X)","(X)","(X)","(X)","945","183","9.9","7.6","2.5","2.4","2.5","2.1","1.5","1.7","6.2","4.3","9.8","6.1","12.2","7.3","29.7","9.4","6.7","4.4","18.8","7.2","104049","12661","125006","20293","(X)","(X)","(X)","(X)","18.3","(X)",
"1400000US25025010702","Census Tract 107.02, Suffolk County, Massachusetts","1469","176","5.1","3.5","0.0","2.7","1.3","1.2","2.3","2.3","2.7","2.4","8.7","4.0","13.3","5.3","15.5","6.4","13.3","6.3","37.9","7.3","155485","38688","253822","38483","34.5","(X)","(X)","(X)","(X)","(X)","542","113","0.0","7.1","0.0","7.1","0.0","7.1","0.0","7.1","5.4","5.5","2.6","4.3","13.1","8.8","6.3","5.1","15.7","9.8","57.0","12.5","216250","24176","371346","90595","(X)","(X)","43.2","(X)","(X)","(X)","520","110","0.0","7.4","0.0","7.4","0.0","7.4","0.0","7.4","5.6","5.8","2.7","4.4","12.1","9.0","6.5","5.3","16.3","10.2","56.7","12.6","220690","25502","N","N","(X)","(X)","(X)","(X)","(X)","(X)","927","179","8.1","5.6","0.0","4.2","2.0","1.9","3.7","3.6","1.1","1.9","12.3","5.7","13.4","6.5","20.8","8.6","11.9","8.3","26.8","8.3","113523","15969","185107","34600","(X)","(X)","(X)","(X)","29.4","(X)",
"1400000US25025010801","Census Tract 108.01, Suffolk County, Massachusetts","1603","210","8.4","5.7","3.8","3.4","4.0","3.3","2.1","1.9","8.0","6.6","10.7","4.4","5.2","4.0","14.8","6.2","13.6","5.0","29.4","6.6","116507","33160","184541","30120","37.4","(X)","(X)","(X)","(X)","(X)","558","116","0.0","6.9","0.0","6.9","1.3","2.1","1.1","2.0","0.0","6.9","6.8","6.0","3.2","3.4","12.9","7.6","17.2","9.0","57.5","13.1","250,000+","***","307175","59660","(X)","(X)","34.8","(X)","(X)","(X)","493","107","0.0","7.8","0.0","7.8","0.0","7.8","1.2","2.3","0.0","7.8","7.7","6.9","3.7","3.9","9.7","5.5","12.6","8.8","65.1","11.3","250,000+","***","N","N","(X)","(X)","(X)","(X)","(X)","(X)","1045","200","12.8","8.1","5.8","5.3","5.5","4.9","2.7","2.7","12.2","9.9","12.8","6.0","6.2","5.7","15.9","8.3","11.7","6.7","14.4","6.4","73050","21906","118985","28510","(X)","(X)","(X)","(X)","38.8","(X)",
"1400000US25025010802","Census Tract 108.02, Suffolk County, Massachusetts","1857","165","5.0","2.8","2.2","2.1","3.2","3.2","0.8","1.0","3.8","2.7","9.1","3.5","8.1","3.4","18.2","5.2","13.1","6.0","36.6","6.3","146094","21244","240310","32041","36.1","(X)","(X)","(X)","(X)","(X)","614","130","0.0","6.3","0.0","6.3","0.0","6.3","0.0","6.3","1.8","2.7","5.2","5.5","10.3","7.2","9.4","8.0","7.2","5.4","66.1","10.4","250,000+","***","425821","89299","(X)","(X)","37.9","(X)","(X)","(X)","562","134","0.0","6.9","0.0","6.9","0.0","6.9","0.0","6.9","2.0","2.9","5.7","6.0","11.2","7.8","10.3","8.8","7.8","5.8","63.0","11.2","250,000+","***","N","N","(X)","(X)","(X)","(X)","(X)","(X)","1243","168","7.4","4.2","3.2","3.1","4.7","4.8","1.1","1.5","4.7","3.7","11.0","5.2","7.1","3.6","22.5","7.5","16.1","8.1","22.0","8.4","122530","23111","148294","23373","(X)","(X)","(X)","(X)","34.9","(X)",
"1400000US25025020101","Census Tract 201.01, Suffolk County, Massachusetts","2760","326","2.1","1.8","0.9","1.0","1.2","1.3","2.4","2.9","4.3","3.2","13.3","6.7","11.7","5.2","15.7","5.1","15.8","6.3","32.7","8.3","143529","44923","235475","37976","35.1","(X)","(X)","(X)","(X)","(X)","936","251","0.0","4.2","0.0","4.2","1.6","2.7","0.0","4.2","0.0","4.2","2.7","4.7","1.9","3.1","7.3","5.7","23.0","10.8","63.6","12.8","250,000+","***","375464","69260","(X)","(X)","42.6","(X)","(X)","(X)","921","249","0.0","4.2","0.0","4.2","1.6","2.8","0.0","4.2","0.0","4.2","2.7","4.8","2.0","3.1","5.8","5.3","23.3","11.0","64.6","12.7","250,000+","***","N","N","(X)","(X)","(X)","(X)","(X)","(X)","1824","275","3.2","2.8","1.3","1.6","1.8","1.9","3.7","4.4","6.5","4.6","17.9","9.9","16.7","7.8","20.1","7.4","12.1","8.2","16.8","7.5","92083","33567","162501","40095","(X)","(X)","(X)","(X)","31.2","(X)",
"1400000US25025020200","Census Tract 202, Suffolk County, Massachusetts","2056","208","5.7","3.7","3.0","2.2","6.9","4.9","0.6","0.7","4.9","3.0","14.0","5.1","14.2","6.5","24.8","7.6","7.1","3.5","18.8","5.7","103750","12554","136611","23809","25.1","(X)","(X)","(X)","(X)","(X)","482","147","0.0","8.0","0.0","8.0","0.0","8.0","1.5","2.3","2.5","4.1","7.5","8.8","2.5","4.4","33.2","19.3","11.4","9.8","41.5","17.1","172188","79000","245086","73467","(X)","(X)","18.0","(X)","(X)","(X)","452","143","0.0","8.5","0.0","8.5","0.0","8.5","0.0","8.5","0.0","8.5","5.5","8.7","2.7","4.6","35.4","20.6","12.2","10.4","44.2","17.9","187679","98286","N","N","(X)","(X)","(X)","(X)","(X)","(X)","1574","220","7.5","4.9","3.9","2.8","9.0","6.3","0.4","0.6","5.7","3.6","15.9","6.2","17.7","8.5","22.2","8.4","5.8","3.7","11.8","5.7","90956","11102","103393","17157","(X)","(X)","(X)","(X)","27.3","(X)",
"1400000US25025020301","Census Tract 203.01, Suffolk County, Massachusetts","1245","198","10.8","5.7","5.9","3.7","5.3","3.9","0.9","1.0","9.2","5.5","11.0","6.1","8.4","4.2","9.1","3.8","15.2","8.9","24.2","9.0","95179","34775","142156","25572","27.1","(X)","(X)","(X)","(X)","(X)","337","102","0.0","11.2","0.0","11.2","0.0","11.2","8.9","13.2","2.7","3.7","7.7","6.9","12.8","9.6","7.1","6.8","14.2","10.3","46.6","15.6","164750","70023","226377","51435","(X)","(X)","37.4","(X)","(X)","(X)","299","91","0.0","12.5","0.0","12.5","0.0","12.5","0.0","12.5","2.3","4.0","8.7","7.7","14.4","10.3","8.0","7.5","14.0","10.8","52.5","16.2","203250","69808","N","N","(X)","(X)","(X)","(X)","(X)","(X)","908","198","14.9","7.6","8.1","5.3","7.3","5.5","1.2","1.5","8.4","5.3","12.2","8.0","6.7","4.8","9.8","4.8","15.5","11.7","15.9","11.3","67935","42169","110683","31223","(X)","(X)","(X)","(X)","23.2","(X)",
"1400000US25025020302","Census Tract 203.02, Suffolk County, Massachusetts","526","46","4.4","4.4","1.5","2.2","1.3","1.7","5.5","4.8","4.9","5.4","14.4","6.8","10.5","6.6","10.8","5.8","14.6","7.4","31.9","9.5","131071","44219","165564","28482","28.7","(X)","(X)","(X)","(X)","(X)","145","47","0.0","23.8","0.0","23.8","4.1","6.2","3.4","5.1","2.1","3.4","18.6","16.4","0.0","23.8","0.0","23.8","19.3","13.3","52.4","18.9","223125","52734","259390","57161","(X)","(X)","19.3","(X)","(X)","(X)","120","46","0.0","27.7","0.0","27.7","5.0","7.6","4.2","6.1","0.0","27.7","8.3","10.4","0.0","27.7","0.0","27.7","23.3","15.6","59.2","19.0","224464","65334","N","N","(X)","(X)","(X)","(X)","(X)","(X)","381","57","6.0","6.2","2.1","3.1","0.3","0.5","6.3","6.5","6.0","6.8","12.9","7.8","14.4","9.0","15.0","8.4","12.9","8.7","24.1","10.3","106042","35821","125379","20214","(X)","(X)","(X)","(X)","32.3","(X)",
"1400000US25025020304","Census Tract 203.04, Suffolk County, Massachusetts","613","104","15.5","11.2","3.1","4.4","0.0","6.3","0.0","6.3","1.6","2.6","5.5","5.4","1.3","2.2","9.6","6.4","29.5","13.2","33.8","13.4","166250","22427","201276","49922","33.0","(X)","(X)","(X)","(X)","(X)","146","67","30.8","31.1","0.0","23.6","0.0","23.6","0.0","23.6","0.0","23.6","0.0","23.6","5.5","8.8","0.0","23.6","9.6","11.2","54.1","30.7","250,000+","***","295437","169645","(X)","(X)","17.8","(X)","(X)","(X)","135","64","25.2","33.4","0.0","25.2","0.0","25.2","0.0","25.2","0.0","25.2","0.0","25.2","5.9","9.4","0.0","25.2","10.4","12.3","58.5","32.6","250,000+","***","N","N","(X)","(X)","(X)","(X)","(X)","(X)","467","110","10.7","11.0","4.1","5.8","0.0","8.2","0.0","8.2","2.1","3.4","7.3","7.1","0.0","8.2","12.6","8.7","35.8","15.5","27.4","15.3","163708","19004","171838","50083","(X)","(X)","(X)","(X)","37.7","(X)",
"1400000US25025020305","Census Tract 203.05, Suffolk County, Massachusetts","1592","201","4.8","4.3","8.5","8.6","5.4","4.9","6.4","4.7","6.7","5.4","8.4","5.5","12.6","6.7","13.7","6.7","9.9","5.2","23.5","7.8","94643","16312","132312","20859","30.2","(X)","(X)","(X)","(X)","(X)","607","146","3.5","4.1","0.0","6.4","0.0","6.4","1.5","2.3","4.4","6.9","3.5","3.9","11.2","11.5","9.4","8.8","23.4","11.1","43.2","13.4","191098","33076","203466","33529","(X)","(X)","26.2","(X)","(X)","(X)","488","116","0.0","7.9","0.0","7.9","0.0","7.9","0.0","7.9","5.5","8.5","4.3","5.0","8.2","12.1","8.4","9.4","22.3","12.3","51.2","16.0","201364","49003","N","N","(X)","(X)","(X)","(X)","(X)","(X)","985","197","5.7","6.5","13.8","13.3","8.7","7.9","9.4","7.7","8.1","6.7","11.5","8.3","13.5","7.8","17.1","9.4","4.9","4.3","7.3","4.9","65848","25125","84723","19924","(X)","(X)","(X)","(X)","32.6","(X)",
"1400000US25025030100","Census Tract 301, Suffolk County, Massachusetts","1223","177","2.9","3.2","0.7","1.2","8.3","4.7","6.2","5.7","1.6","1.8","20.0","10.8","9.2","5.9","28.5","7.9","13.2","6.2","9.5","4.9","101648","17907","115419","17787","43.5","(X)","(X)","(X)","(X)","(X)","193","83","0.0","18.6","4.7","7.8","0.0","18.6","26.9","27.5","0.0","18.6","17.6","20.1","4.1","7.0","8.8","10.1","13.5","12.9","24.4","17.6","95469","83619","167022","90880","(X)","(X)","65.8","(X)","(X)","(X)","193","83","0.0","18.6","4.7","7.8","0.0","18.6","26.9","27.5","0.0","18.6","17.6","20.1","4.1","7.0","8.8","10.1","13.5","12.9","24.4","17.6","95469","83619","N","N","(X)","(X)","(X)","(X)","(X)","(X)","1030","176","3.5","3.9","0.0","3.8","9.8","5.6","2.3","3.0","1.8","2.1","20.4","12.6","10.1","6.9","32.2","9.3","13.1","6.9","6.7","5.4","102386","18397","105750","14164","(X)","(X)","(X)","(X)","39.3","(X)",
"1400000US25025030200","Census Tract 302, Suffolk County, Massachusetts","966","153","3.0","3.6","2.5","3.9","0.8","1.4","2.2","3.0","8.7","6.7","9.9","6.3","23.8","11.1","29.0","12.0","6.9","4.6","13.1","7.4","99550","19708","130444","24257","41.2","(X)","(X)","(X)","(X)","(X)","201","72","0.0","17.9","0.0","17.9","0.0","17.9","3.5","7.0","5.0","7.7","17.9","12.8","10.0","11.3","35.8","18.3","8.5","9.1","19.4","16.1","126339","36210","151022","36756","(X)","(X)","41.8","(X)","(X)","(X)","147","65","0.0","23.5","0.0","23.5","0.0","23.5","4.8","9.5","6.8","10.5","0.0","23.5","6.1","9.5","44.2","20.9","11.6","13.0","26.5","21.7","148177","27677","N","N","(X)","(X)","(X)","(X)","(X)","(X)","765","158","3.8","4.5","3.1","4.8","1.0","1.8","1.8","3.3","9.7","8.1","7.8","7.2","27.5","13.7","27.2","12.6","6.5","5.3","11.5","9.1","97774","13781","125038","31993","(X)","(X)","(X)","(X)","41.0","(X)",
"1400000US25025030301","Census Tract 303.01, Suffolk County, Massachusetts","921","206","1.4","2.3","3.0","3.5","1.6","2.7","3.3","3.6","4.6","4.1","12.3","7.8","11.3","7.2","23.0","16.4","12.1","8.5","27.5","10.3","111903","19071","263799","86132","29.6","(X)","(X)","(X)","(X)","(X)","478","198","0.0","8.0","3.1","5.1","0.0","8.0","0.0","8.0","8.8","8.8","2.3","4.2","9.0","8.9","28.0","28.1","22.8","17.8","25.9","14.4","131136","57374","294863","145094","(X)","(X)","34.1","(X)","(X)","(X)","450","202","0.0","8.5","3.3","5.5","0.0","8.5","0.0","8.5","3.1","5.0","2.4","4.5","9.6","9.7","29.8","29.2","24.2","18.8","27.6","16.0","151000","66210","N","N","(X)","(X)","(X)","(X)","(X)","(X)","443","111","2.9","4.9","2.9","4.9","3.4","5.6","6.8","7.3","0.0","8.6","23.0","13.1","13.8","12.3","17.6","10.0","0.5","0.9","29.1","13.5","96080","34859","230281","94709","(X)","(X)","(X)","(X)","24.8","(X)",
"1400000US25025030302","Census Tract 303.02, Suffolk County, Massachusetts","887","149","2.0","3.1","5.2","3.7","0.0","4.4","0.0","4.4","0.6","1.0","16.0","9.9","11.6","9.3","16.2","9.2","14.3","9.3","34.0","11.8","141841","31898","193036","34638","24.2","(X)","(X)","(X)","(X)","(X)","350","111","0.0","10.8","0.0","10.8","0.0","10.8","0.0","10.8","0.0","10.8","7.1","9.9","8.9","13.0","0.0","10.8","15.4","17.0","68.6","21.7","250,000+","***","290711","61768","(X)","(X)","29.4","(X)","(X)","(X)","333","107","0.0","11.3","0.0","11.3","0.0","11.3","0.0","11.3","0.0","11.3","2.4","4.3","9.3","13.7","0.0","11.3","16.2","18.0","72.1","21.3","250,000+","***","N","N","(X)","(X)","(X)","(X)","(X)","(X)","537","139","3.4","5.2","8.6","6.1","0.0","7.2","0.0","7.2","0.9","1.8","21.8","14.0","13.4","12.7","26.8","14.6","13.6","9.7","11.5","10.1","105583","27912","129374","37402","(X)","(X)","(X)","(X)","20.9","(X)",
"1400000US25025030400","Census Tract 304, Suffolk County, Massachusetts","2345","388","4.1","3.0","3.9","2.8","2.1","1.8","1.7","1.9","7.0","3.7","23.2","10.4","9.6","5.0","13.3","4.3","12.9","4.9","22.1","6.9","94886","17096","170102","38572","43.5","(X)","(X)","(X)","(X)","(X)","412","100","0.0","9.2","0.0","9.2","0.0","9.2","0.0","9.2","7.0","5.8","6.6","5.6","10.0","10.7","13.1","8.8","7.0","6.6","56.3","16.0","221944","101711","365578","173760","(X)","(X)","47.6","(X)","(X)","(X)","353","90","0.0","10.7","0.0","10.7","0.0","10.7","0.0","10.7","4.5","5.5","7.6","6.9","2.3","2.6","13.3","9.5","6.5","6.8","65.7","14.9","250,000+","***","N","N","(X)","(X)","(X)","(X)","(X)","(X)","1933","402","5.0","3.6","4.8","3.4","2.5","2.2","2.0","2.4","7.0","4.3","27.2","12.1","9.5","5.7","13.0","5.3","14.1","6.0","14.8","7.6","81654","19893","128247","23467","(X)","(X)","(X)","(X)","42.7","(X)",
"1400000US25025030500","Census Tract 305, Suffolk County, Massachusetts","1349","133","5.0","3.7","1.5","1.7","2.1","1.7","3.9","3.1","3.9","2.7","15.8","4.4","13.3","4.3","15.9","5.6","14.6","4.9","24.2","5.2","116078","23698","201106","33312","38.1","(X)","(X)","(X)","(X)","(X)","380","80","0.0","10.0","0.0","10.0","4.2","6.3","0.0","10.0","1.6","2.5","12.6","9.5","21.8","11.5","5.5","4.8","22.4","13.5","31.8","13.9","171333","48097","336485","94035","(X)","(X)","34.7","(X)","(X)","(X)","338","80","0.0","11.1","0.0","11.1","4.7","7.1","0.0","11.1","1.8","2.8","11.5","9.7","17.8","12.1","3.8","4.3","25.1","14.9","35.2","14.9","177903","16502","N","N","(X)","(X)","(X)","(X)","(X)","(X)","969","147","7.0","5.0","2.1","2.4","1.2","1.6","5.4","4.3","4.7","3.6","17.0","5.6","9.9","4.1","19.9","7.5","11.6","5.2","21.2","6.3","104205","20593","148016","30882","(X)","(X)","(X)","(X)","39.4","(X)",
"1400000US25025040100","Census Tract 401, Suffolk County, Massachusetts","1272","141","2.9","3.8","6.8","4.2","3.4","4.3","5.6","4.1","3.1","4.2","5.0","3.8","7.5","4.4","12.9","6.1","23.2","8.8","29.7","8.8","158357","25885","193686","32061","23.7","(X)","(X)","(X)","(X)","(X)","473","107","1.1","1.9","0.0","8.1","2.1","3.7","0.0","8.1","0.0","8.1","6.6","7.0","3.8","4.0","3.8","3.2","32.6","11.7","50.1","11.7","222625","65926","293210","60653","(X)","(X)","27.9","(X)","(X)","(X)","418","92","0.0","9.1","0.0","9.1","0.0","9.1","0.0","9.1","0.0","9.1","0.0","9.1","2.2","3.5","4.3","3.6","36.8","12.6","56.7","12.8","231310","53290","N","N","(X)","(X)","(X)","(X)","(X)","(X)","799","146","4.6","6.1","10.3","6.7","5.4","6.8","8.9","6.6","4.9","6.4","5.6","4.8","9.6","6.4","17.0","8.8","16.0","10.6","17.6","9.7","101250","44092","131378","28983","(X)","(X)","(X)","(X)","21.3","(X)",
"1400000US25025040200","Census Tract 402, Suffolk County, Massachusetts","714","107","12.5","6.4","7.0","5.5","5.7","5.2","5.5","3.0","3.9","3.4","7.6","6.1","4.5","3.2","6.0","3.6","20.3","11.1","27.0","7.0","128750","73927","149521","22003","42.9","(X)","(X)","(X)","(X)","(X)","499","120","11.6","8.3","5.0","4.8","2.6","3.1","6.2","4.3","7.0","6.4","8.8","8.2","8.2","6.3","4.8","3.8","20.2","15.8","25.5","8.9","118542","101626","155340","31432","(X)","(X)","43.1","(X)","(X)","(X)","305","104","7.5","8.6","4.9","6.8","0.0","12.3","1.0","1.7","0.0","12.3","4.6","7.0","1.6","2.8","7.9","6.1","30.8","23.6","41.6","16.3","179187","24681","N","N","(X)","(X)","(X)","(X)","(X)","(X)","215","55","14.4","9.7","11.6","12.6","13.0","14.9","3.7","5.3","4.7","5.6","0.0","16.9","2.8","4.5","8.8","8.0","10.2","8.2","30.7","13.9","-","**","125278","37974","(X)","(X)","(X)","(X)","31.2","(X)",
"1400000US25025040300","Census Tract 403, Suffolk County, Massachusetts","2188","227","4.7","3.2","1.8","2.4","2.7","3.2","2.1","2.2","4.3","3.5","11.4","5.4","8.2","4.6","20.7","4.8","12.3","4.4","31.8","6.6","138315","20480","164195","20434","30.4","(X)","(X)","(X)","(X)","(X)","1095","163","8.1","6.3","2.9","4.5","0.0","3.6","3.8","4.0","2.2","3.6","6.9","5.5","2.9","4.0","18.0","8.0","14.5","6.0","40.5","9.3","157917","32641","189465","33617","(X)","(X)","32.3","(X)","(X)","(X)","819","158","0.0","4.8","0.0","4.8","0.0","4.8","3.3","4.9","2.9","4.7","9.3","7.2","0.0","4.8","18.2","9.7","16.1","7.6","50.2","11.0","200150","21673","N","N","(X)","(X)","(X)","(X)","(X)","(X)","1093","211","3.7","3.0","0.7","1.2","5.4","6.3","1.6","2.0","6.5","5.9","12.1","8.3","13.5","7.8","24.4","7.3","9.4","6.2","22.6","10.6","109779","23764","135834","23762","(X)","(X)","(X)","(X)","27.1","(X)",
"1400000US25025040401","Census Tract 404.01, Suffolk County, Massachusetts","1330","140","6.1","5.1","1.4","1.7","8.9","6.2","6.7","5.9","6.7","4.1","6.5","4.5","12.8","5.6","18.3","5.4","13.2","6.4","19.3","6.2","101765","18554","134129","20151","30.3","(X)","(X)","(X)","(X)","(X)","701","147","0.0","5.5","0.0","5.5","6.0","6.7","11.3","10.5","11.4","8.5","7.3","7.6","1.6","2.5","18.5","8.8","15.4","9.8","28.5","10.6","131949","38199","165851","34538","(X)","(X)","36.2","(X)","(X)","(X)","433","114","0.0","8.8","0.0","8.8","0.7","1.1","2.5","5.1","1.8","3.2","11.8","12.3","0.0","8.8","14.1","10.1","24.9","15.1","44.1","14.8","181875","38574","N","N","(X)","(X)","(X)","(X)","(X)","(X)","629","121","12.9","10.8","3.0","3.5","12.1","10.5","1.6","2.3","4.1","3.8","5.7","4.2","25.3","10.8","16.7","7.8","10.8","8.4","7.8","5.0","85106","8302","95839","18111","(X)","(X)","(X)","(X)","23.7","(X)",
"1400000US25025040600","Census Tract 406, Suffolk County, Massachusetts","1607","199","1.3","1.4","0.7","1.1","8.6","9.0","1.2","1.2","2.9","2.4","5.0","2.8","5.5","3.4","22.9","6.7","18.8","6.1","33.0","6.9","150902","15946","192030","27023","23.6","(X)","(X)","(X)","(X)","(X)","665","109","0.0","5.8","1.7","2.6","1.4","2.0","1.4","2.1","0.0","5.8","0.0","5.8","5.0","5.9","27.7","10.0","18.0","9.1","45.0","10.7","197853","21328","251699","42890","(X)","(X)","28.7","(X)","(X)","(X)","593","115","0.0","6.5","1.9","2.9","1.5","2.3","1.5","2.4","0.0","6.5","0.0","6.5","4.0","5.8","25.3","10.3","17.5","9.5","48.2","11.4","198859","31838","N","N","(X)","(X)","(X)","(X)","(X)","(X)","942","216","2.2","2.5","0.0","4.2","13.7","14.5","1.2","1.4","5.0","4.2","8.6","5.2","6.9","4.8","20.2","9.5","17.7","9.1","24.5","9.8","135458","19380","147301","28779","(X)","(X)","(X)","(X)","20.0","(X)",
"1400000US25025040801","Census Tract 408.01, Suffolk County, Massachusetts","2279","286","7.2","3.9","12.6","7.3","10.9","6.0","5.2","2.9","4.3","2.7","5.5","3.0","6.6","4.3","12.9","6.5","6.5","2.8","28.3","5.9","86386","35492","159749","31995","31.6","(X)","(X)","(X)","(X)","(X)","1154","183","8.4","5.9","11.0","6.2","2.3","2.9","6.6","5.2","4.8","4.9","2.4","2.1","7.5","7.4","11.7","8.1","6.4","4.7","38.9","8.3","126250","64050","198863","38616","(X)","(X)","33.1","(X)","(X)","(X)","803","159","2.5","2.8","1.2","2.1","3.2","4.2","7.1","6.8","1.4","1.9","2.2","2.3","3.2","3.7","16.8","10.6","7.8","6.5","54.4","10.8","240809","70424","N","N","(X)","(X)","(X)","(X)","(X)","(X)","1125","275","8.0","4.9","15.5","14.0","17.7","11.1","2.6","2.2","3.7","3.1","8.6","6.0","5.7","3.9","14.1","10.0","6.6","3.8","17.5","8.2","51657","41221","118891","40105","(X)","(X)","(X)","(X)","28.1","(X)",
"1400000US25025050101","Census Tract 501.01, Suffolk County, Massachusetts","1850","220","12.7","6.4","8.0","4.0","9.8","4.6","7.3","4.4","11.1","5.2","12.9","5.7","14.5","7.2","9.8","3.9","7.0","4.4","6.8","3.0","52883","13255","75115","11332","55.6","(X)","(X)","(X)","(X)","(X)","1179","194","4.3","3.9","4.2","3.8","12.7","6.1","10.4","7.1","7.5","5.3","12.3","6.9","16.4","9.7","13.0","5.7","8.4","6.4","10.7","4.8","70066","22238","92647","14841","(X)","(X)","53.9","(X)","(X)","(X)","634","196","0.0","6.1","0.0","6.1","12.5","9.0","3.5","5.3","7.4","6.4","16.4","12.1","16.2","14.5","12.5","8.8","13.4","10.7","18.1","8.9","88750","22675","N","N","(X)","(X)","(X)","(X)","(X)","(X)","671","167","31.9","15.3","14.6","8.9","12.4","9.3","11.3","8.5","14.2","8.8","6.6","5.5","5.4","3.4","2.1","2.9","1.6","2.7","0.0","5.8","21420","14775","29654","7182","(X)","(X)","(X)","(X)","43.1","(X)",
"1400000US25025050200","Census Tract 502, Suffolk County, Massachusetts","1811","255","0.7","0.9","4.7","3.3","12.1","6.6","6.8","4.1","14.9","6.6","16.7","7.0","15.6","7.0","11.0","5.9","5.5","3.5","11.9","9.0","65975","9275","87971","18831","50.1","(X)","(X)","(X)","(X)","(X)","1088","204","3.3","5.1","1.8","2.9","12.3","8.5","7.7","7.0","27.1","12.1","18.8","9.9","13.1","7.9","4.8","3.5","5.1","4.2","6.0","4.2","49349","6248","68490","12151","(X)","(X)","46.2","(X)","(X)","(X)","576","180","0.0","6.7","0.0","6.7","7.1","8.1","6.9","8.0","25.2","15.0","16.3","12.8","17.4","12.4","6.1","5.5","9.7","7.7","11.3","7.8","66875","15022","N","N","(X)","(X)","(X)","(X)","(X)","(X)","723","229","1.8","2.3","9.0","7.1","11.5","9.0","8.6","8.6","9.7","7.8","9.3","7.5","14.2","8.0","14.4","9.6","1.8","2.3","19.8","20.7","75313","40407","97976","42673","(X)","(X)","(X)","(X)","43.7","(X)",
"1400000US25025050300","Census Tract 503, Suffolk County, Massachusetts","1419","192","18.9","6.7","15.4","9.6","11.5","4.9","4.8","3.1","5.8","3.7","16.8","6.5","6.3","3.8","6.8","3.7","7.7","3.7","6.0","2.7","32917","17161","63259","9620","42.1","(X)","(X)","(X)","(X)","(X)","612","95","13.2","10.0","4.2","6.2","18.5","10.4","6.5","5.9","3.8","3.7","20.6","10.5","9.8","7.5","7.5","5.5","12.7","7.1","3.1","4.6","60556","21857","70254","16664","(X)","(X)","63.4","(X)","(X)","(X)","347","100","2.0","3.1","0.0","10.9","19.6","14.2","11.5","9.7","6.6","6.2","20.2","14.1","7.8","6.9","10.4","9.4","16.4","11.1","5.5","8.0","66450","15825","N","N","(X)","(X)","(X)","(X)","(X)","(X)","807","177","23.2","9.5","27.0","15.4","6.2","3.3","3.5","3.0","7.4","5.6","10.7","7.5","3.7","3.0","7.6","5.1","3.8","3.3","6.9","3.9","-","**","54198","15500","(X)","(X)","(X)","(X)","26.0","(X)",
"1400000US25025050400","Census Tract 504, Suffolk County, Massachusetts","1051","168","13.4","10.2","5.9","4.2","10.8","5.8","3.5","2.2","3.6","3.0","16.7","7.0","10.8","5.9","19.9","6.7","8.7","3.7","6.9","4.6","66875","20837","91737","18807","41.2","(X)","(X)","(X)","(X)","(X)","316","78","0.0","11.9","0.0","11.9","23.1","13.4","1.9","2.9","22.5","16.3","18.4","12.2","5.1","5.5","11.4","9.3","8.9","6.3","8.9","7.5","53750","21057","105791","37212","(X)","(X)","45.3","(X)","(X)","(X)","170","50","0.0","20.8","0.0","20.8","11.8","16.5","0.0","20.8","29.4","22.5","7.1","9.0","9.4","10.1","12.9","12.3","12.9","10.9","16.5","13.0","76250","51702","N","N","(X)","(X)","(X)","(X)","(X)","(X)","735","157","19.2","14.1","8.4","6.0","9.9","7.0","4.2","3.0","1.4","2.3","14.6","8.8","8.2","6.2","19.6","8.6","8.6","4.8","6.0","5.6","61771","23130","78742","20845","(X)","(X)","(X)","(X)","36.9","(X)",
"1400000US25025050500","Census Tract 505, Suffolk County, Massachusetts","1019","122","1.5","1.6","1.6","1.8","3.2","2.8","4.9","4.0","18.5","9.3","18.1","6.5","13.5","5.1","25.6","8.1","4.6","2.5","8.4","4.4","86750","28722","95031","11347","49.9","(X)","(X)","(X)","(X)","(X)","396","79","0.0","9.6","1.5","2.2","3.0","4.6","12.1","9.8","16.4","9.0","11.4","8.3","8.8","8.1","26.5","11.7","3.5","3.8","16.7","9.7","93929","38826","110799","21511","(X)","(X)","67.7","(X)","(X)","(X)","222","66","0.0","16.4","0.0","16.4","0.0","16.4","8.6","11.5","9.5","9.1","19.4","14.0","15.8","13.7","18.5","10.3","6.3","6.6","22.1","13.0","96250","20532","N","N","(X)","(X)","(X)","(X)","(X)","(X)","623","119","2.4","2.6","2.6","3.0","5.3","4.5","1.0","1.4","25.4","13.6","15.2","8.6","16.5","7.6","23.1","10.5","5.3","3.2","3.2","2.6","69958","32430","81335","11986","(X)","(X)","(X)","(X)","36.0","(X)",
"1400000US25025050600","Census Tract 506, Suffolk County, Massachusetts","815","92","1.7","2.2","6.3","5.2","5.0","2.7","6.6","6.2","9.2","6.1","18.9","10.4","9.9","6.5","14.4","6.6","7.7","6.6","20.2","11.5","83319","24144","103729","18228","59.0","(X)","(X)","(X)","(X)","(X)","449","116","0.0","8.5","0.0","8.5","11.6","11.3","8.7","7.5","17.4","12.1","18.0","15.7","26.9","19.7","8.5","5.8","1.3","2.3","7.6","8.6","59602","35111","78806","15422","(X)","(X)","62.1","(X)","(X)","(X)","265","96","0.0","14.0","0.0","14.0","0.0","14.0","3.4","5.3","16.2","11.9","24.9","23.1","26.0","23.7","14.3","10.1","2.3","4.0","12.8","15.9","83750","34983","N","N","(X)","(X)","(X)","(X)","(X)","(X)","366","96","3.8","4.9","13.9","11.0","10.1","6.2","7.1","10.7","10.1","9.5","12.8","7.6","5.5","6.9","10.7","7.7","7.7","7.7","18.3","11.6","70543","47544","90604","21677","(X)","(X)","(X)","(X)","36.1","(X)",
"1400000US25025050700","Census Tract 507, Suffolk County, Massachusetts","1689","218","1.2","1.9","1.2","1.3","6.9","4.2","10.7","6.4","14.6","6.7","27.4","12.4","16.8","7.4","13.2","7.2","4.8","3.8","3.3","2.2","61153","12021","76449","9681","58.0","(X)","(X)","(X)","(X)","(X)","1023","169","4.2","4.8","0.0","3.8","7.8","5.9","17.2","9.3","22.8","9.8","19.0","9.8","11.4","7.0","13.1","8.8","2.1","2.4","2.4","3.0","43615","27458","65944","12831","(X)","(X)","51.5","(X)","(X)","(X)","434","147","0.0","8.8","0.0","8.8","0.0","8.8","12.9","12.1","26.0","17.5","18.2","12.8","19.1","13.8","16.1","11.9","4.8","6.0","2.8","4.5","63077","23366","N","N","(X)","(X)","(X)","(X)","(X)","(X)","666","233","0.0","5.8","3.0","3.4","4.5","5.2","8.4","8.2","8.6","8.2","31.5","25.1","17.0","12.6","15.5","11.2","9.0","8.6","2.6","4.2","56071","39733","80532","16735","(X)","(X)","(X)","(X)","57.8","(X)",
"1400000US25025050901","Census Tract 509.01, Suffolk County, Massachusetts","1444","189","1.7","2.8","2.1","2.8","6.9","5.5","6.2","4.9","12.0","7.0","22.4","8.4","9.0","6.1","10.9","6.4","19.0","8.7","9.6","8.3","73409","20752","101518","19394","64.4","(X)","(X)","(X)","(X)","(X)","1022","173","3.4","4.8","2.3","3.7","13.5","12.4","6.2","6.0","15.9","9.6","29.1","10.4","4.7","4.3","13.0","8.3","7.2","4.6","4.7","4.7","55943","15210","73973","16307","(X)","(X)","54.7","(X)","(X)","(X)","408","151","0.0","9.3","0.0","9.3","0.0","9.3","0.0","9.3","15.2","12.8","49.3","18.0","4.4","5.7","12.3","10.6","9.3","6.7","9.6","11.0","67458","7332","N","N","(X)","(X)","(X)","(X)","(X)","(X)","422","134","5.9","9.7","7.3","9.4","9.5","9.0","4.5","6.1","2.8","4.9","17.1","13.6","10.4","7.7","11.8","13.2","25.8","16.2","4.7","5.5","82813","56449","92505","23762","(X)","(X)","(X)","(X)","64.9","(X)",
"1400000US25025051000","Census Tract 510, Suffolk County, Massachusetts","1892","183","8.5","5.5","4.3","2.4","8.4","4.1","4.4","2.8","16.4","6.7","20.5","8.3","6.9","3.4","12.4","4.5","10.1","4.5","8.1","6.0","56696","9648","94985","20034","43.1","(X)","(X)","(X)","(X)","(X)","1133","204","5.4","5.0","0.6","1.1","2.6","2.8","9.5","10.2","13.3","8.2","17.0","9.1","7.3","4.5","19.5","8.3","12.7","6.6","11.9","9.3","83922","37030","123087","32291","(X)","(X)","46.5","(X)","(X)","(X)","566","170","4.4","5.0","0.0","6.8","0.0","6.8","5.1","6.3","4.9","7.3","13.6","9.4","14.7","9.9","17.1","9.3","18.0","10.3","22.1","16.3","119167","52229","N","N","(X)","(X)","(X)","(X)","(X)","(X)","759","148","17.9","11.7","9.9","6.2","16.9","8.6","5.8","5.3","16.2","8.8","16.6","8.9","6.2","4.4","3.3","3.5","6.2","5.2","1.1","1.6","34485","21197","46490","9620","(X)","(X)","(X)","(X)","34.8","(X)",
"1400000US25025051101","Census Tract 511.01, Suffolk County, Massachusetts","2677","470","8.9","8.2","4.7","6.3","3.5","2.7","5.4","4.2","14.0","6.3","20.5","9.8","11.1","8.2","18.9","6.4","7.5","4.8","5.5","2.7","59755","22749","84721","12444","67.8","(X)","(X)","(X)","(X)","(X)","1388","230","6.2","6.9","0.0","2.8","4.6","4.0","5.8","4.4","34.1","12.8","10.1","6.9","9.0","7.6","13.8","8.1","9.5","5.6","6.9","5.0","49744","27286","89269","19262","(X)","(X)","65.7","(X)","(X)","(X)","699","210","0.0","5.6","0.0","5.6","4.3","6.8","3.7","6.0","22.5","13.6","10.3","10.6","7.7","6.5","21.3","12.5","16.5","9.5","13.7","10.0","109250","54871","N","N","(X)","(X)","(X)","(X)","(X)","(X)","1289","495","14.9","16.2","9.7","13.0","3.3","3.3","7.0","7.9","2.8","3.5","22.9","19.3","13.3","15.0","16.8","9.9","6.7","8.1","2.7","3.0","52014","24798","69673","19095","(X)","(X)","(X)","(X)","70.1","(X)",
"1400000US25025051200","Census Tract 512, Suffolk County, Massachusetts","1451","192","8.4","7.2","2.5","2.3","8.1","5.1","4.0","3.6","4.7","2.9","14.7","6.4","18.7","8.1","16.6","6.3","12.3","9.2","9.9","4.4","85313","12577","100347","14930","44.9","(X)","(X)","(X)","(X)","(X)","615","133","1.5","2.4","2.4","3.9","7.6","8.1","2.4","4.1","3.3","4.0","11.5","10.4","21.3","11.8","20.8","11.1","11.2","7.7","17.9","9.0","97472","22395","120700","18744","(X)","(X)","59.2","(X)","(X)","(X)","412","106","0.0","9.2","0.0","9.2","0.0","9.2","3.6","6.3","4.9","6.0","14.8","14.2","12.9","11.3","20.4","12.9","16.7","11.1","26.7","13.9","131500","51458","N","N","(X)","(X)","(X)","(X)","(X)","(X)","836","222","14.6","11.9","2.6","2.8","7.3","6.0","5.1","5.4","5.7","4.4","17.1","9.9","16.9","9.6","13.5","7.1","13.0","14.3","4.1","4.0","68906","24095","83903","22552","(X)","(X)","(X)","(X)","34.4","(X)",
"1400000US25025060101","Census Tract 601.01, Suffolk County, Massachusetts","1599","158","2.6","2.7","1.3","1.4","0.5","0.9","0.3","0.5","9.4","4.7","10.1","3.5","12.9","5.3","18.3","5.2","15.5","7.0","29.0","6.3","135197","20061","174311","19514","34.3","(X)","(X)","(X)","(X)","(X)","622","113","0.0","6.2","0.0","6.2","0.0","6.2","0.0","6.2","11.1","7.5","4.7","4.2","5.5","6.0","18.3","8.3","12.2","7.9","48.2","11.3","184375","84950","237801","41453","(X)","(X)","27.7","(X)","(X)","(X)","481","108","0.0","8.0","0.0","8.0","0.0","8.0","0.0","8.0","8.5","8.4","0.0","8.0","0.0","8.0","14.8","6.7","14.3","9.1","62.4","12.6","250,000+","***","N","N","(X)","(X)","(X)","(X)","(X)","(X)","977","170","4.3","4.4","2.1","2.3","0.8","1.4","0.5","0.8","8.3","6.1","13.5","4.9","17.7","7.8","18.3","7.5","17.6","9.7","16.8","8.7","103679","23949","132335","21177","(X)","(X)","(X)","(X)","38.5","(X)",
"1400000US25025060200","Census Tract 602, Suffolk County, Massachusetts","909","89","2.4","2.5","1.5","2.4","6.2","4.7","3.5","2.5","3.3","2.5","9.6","5.3","10.2","5.0","20.0","6.5","17.2","5.6","26.1","7.1","137102","16515","153210","17354","46.5","(X)","(X)","(X)","(X)","(X)","335","62","0.0","11.2","0.0","11.2","6.6","5.7","1.8","2.5","5.1","4.4","4.2","4.3","9.6","6.8","21.8","12.7","13.7","8.5","37.3","12.8","150417","20824","181523","30754","(X)","(X)","50.1","(X)","(X)","(X)","243","54","0.0","15.1","0.0","15.1","3.3","4.3","0.0","15.1","7.0","6.1","5.8","6.0","4.9","4.6","18.1","11.6","18.9","11.1","42.0","14.7","155893","46806","N","N","(X)","(X)","(X)","(X)","(X)","(X)","574","86","3.8","4.0","2.4","3.9","5.9","6.6","4.5","3.8","2.3","2.9","12.7","8.3","13.2","7.0","19.0","8.0","20.4","8.1","15.7","8.3","109167","32971","123900","19886","(X)","(X)","(X)","(X)","40.6","(X)",
"1400000US25025060301","Census Tract 603.01, Suffolk County, Massachusetts","1706","202","6.2","4.3","1.1","1.1","4.0","3.5","1.1","1.2","1.5","1.7","7.4","5.2","8.4","4.5","14.5","5.3","26.2","7.2","29.5","9.3","156579","9183","170693","26311","37.0","(X)","(X)","(X)","(X)","(X)","535","130","6.7","9.9","0.0","7.2","0.0","7.2","3.6","3.9","2.6","4.3","3.4","3.7","6.5","5.1","14.6","9.5","35.5","12.3","27.1","12.1","156563","6390","179525","35280","(X)","(X)","36.8","(X)","(X)","(X)","432","119","8.3","12.1","0.0","8.8","0.0","8.8","2.1","3.1","0.0","8.8","2.3","3.6","3.5","4.4","13.9","11.1","42.4","15.8","27.5","14.0","158269","16385","N","N","(X)","(X)","(X)","(X)","(X)","(X)","1171","213","6.0","4.3","1.5","1.7","5.8","5.1","0.0","3.4","1.0","1.4","9.9","7.9","9.3","6.4","14.5","6.4","21.3","8.4","30.7","12.3","155905","36459","165220","35561","(X)","(X)","(X)","(X)","37.1","(X)",
"1400000US25025060400","Census Tract 604, Suffolk County, Massachusetts","2355","255","1.7","2.0","1.7","2.0","2.3","3.0","4.2","3.9","3.7","3.3","8.0","4.7","8.4","4.4","19.2","6.9","26.2","7.8","24.5","8.7","150784","20824","155923","23033","34.9","(X)","(X)","(X)","(X)","(X)","872","253","0.0","4.5","0.0","4.5","0.0","4.5","2.2","4.2","3.0","4.9","4.9","6.3","7.6","6.3","20.4","11.2","34.7","13.5","27.2","17.1","165395","22356","183697","46004","(X)","(X)","42.2","(X)","(X)","(X)","650","259","0.0","6.0","0.0","6.0","0.0","6.0","0.0","6.0","0.0","6.0","6.6","8.6","5.8","6.9","11.5","9.2","39.5","16.8","36.5","20.4","171071","19745","N","N","(X)","(X)","(X)","(X)","(X)","(X)","1483","220","2.6","3.2","2.6","3.2","3.7","4.8","5.5","5.6","4.1","4.2","9.8","6.8","8.9","6.1","21.4","9.3","19.2","9.3","22.2","9.1","133165","15362","136463","19131","(X)","(X)","(X)","(X)","30.7","(X)",
"1400000US25025060501","Census Tract 605.01, Suffolk County, Massachusetts","1986","216","1.4","1.6","0.0","2.0","5.7","4.6","1.0","1.6","4.4","3.7","7.4","5.0","11.9","6.2","24.4","8.4","16.8","7.7","27.0","8.8","137813","16322","160138","22605","32.2","(X)","(X)","(X)","(X)","(X)","730","183","0.0","5.3","0.0","5.3","0.0","5.3","0.0","5.3","8.4","8.3","14.7","10.6","4.4","7.1","29.2","16.8","13.2","9.5","30.3","16.5","138661","37625","192849","52695","(X)","(X)","30.5","(X)","(X)","(X)","609","170","0.0","6.4","0.0","6.4","0.0","6.4","0.0","6.4","5.1","7.0","14.4","11.5","5.3","8.3","35.0","19.8","5.9","6.6","34.3","18.9","138147","33371","N","N","(X)","(X)","(X)","(X)","(X)","(X)","1256","195","2.1","2.6","0.0","3.1","9.1","7.2","1.6","2.5","2.1","3.6","5.8","5.1","16.3","9.4","20.1","8.6","18.9","10.0","24.0","9.5","129286","32603","137835","17645","(X)","(X)","(X)","(X)","33.2","(X)",
"1400000US25025060601","Census Tract 606.01, Suffolk County, Massachusetts","1043","266","7.6","6.2","2.7","2.5","5.8","5.8","1.6","2.7","8.1","8.6","3.7","3.5","8.3","5.8","8.5","6.5","11.8","6.7","41.9","15.0","157457","73185","175123","40045","48.4","(X)","(X)","(X)","(X)","(X)","382","229","8.4","11.4","0.0","9.9","2.1","3.9","0.0","9.9","0.0","9.9","2.4","4.4","12.0","13.4","4.2","6.0","5.2","7.2","65.7","26.6","234886","88616","226276","72245","(X)","(X)","69.9","(X)","(X)","(X)","347","230","6.3","11.2","0.0","10.9","0.0","10.9","0.0","10.9","0.0","10.9","2.6","5.0","13.3","15.1","2.6","5.3","5.8","8.4","69.5","27.1","250,000+","***","N","N","(X)","(X)","(X)","(X)","(X)","(X)","661","155","7.1","7.8","4.2","3.8","7.9","8.6","2.6","4.1","12.7","12.9","4.5","4.1","6.2","6.1","11.0","8.2","15.6","8.5","28.1","10.3","110375","46383","145561","34044","(X)","(X)","(X)","(X)","36.0","(X)",
"1400000US25025060602","Census Tract 606.02, Suffolk County, Massachusetts","227","81","5.3","8.5","4.0","6.5","11.9","17.0","2.2","4.0","10.6","10.8","0.0","16.1","15.9","16.8","15.4","18.0","23.8","18.5","11.0","11.0","105139","70353","112548","34197","23.8","(X)","(X)","(X)","(X)","(X)","23","23","0.0","68.6","0.0","68.6","0.0","68.6","0.0","68.6","0.0","68.6","0.0","68.6","0.0","68.6","0.0","68.6","34.8","51.0","65.2","51.0","211750","46490","211735","21990","(X)","(X)","0.0","(X)","(X)","(X)","18","22","0.0","77.5","0.0","77.5","0.0","77.5","0.0","77.5","0.0","77.5","0.0","77.5","0.0","77.5","0.0","77.5","44.4","55.6","55.6","55.6","-","**","N","N","(X)","(X)","(X)","(X)","(X)","(X)","204","85","5.9","9.7","4.4","7.4","13.2","19.1","2.5","4.6","11.8","12.2","0.0","17.7","17.6","18.5","17.2","20.3","22.5","22.1","4.9","7.7","77232","68763","101366","36519","(X)","(X)","(X)","(X)","26.5","(X)",
"1400000US25025060603","Census Tract 606.03, Suffolk County, Massachusetts","559","117","0.0","6.9","0.0","6.9","0.0","6.9","3.0","4.7","0.0","6.9","9.8","7.2","15.7","10.7","14.0","9.7","20.0","9.1","37.4","12.9","186250","51207","205776","40168","27.5","(X)","(X)","(X)","(X)","(X)","238","88","0.0","15.4","0.0","15.4","0.0","15.4","0.0","15.4","0.0","15.4","11.3","16.3","14.3","16.3","2.5","4.2","26.9","15.6","45.0","20.9","192115","109836","237089","63290","(X)","(X)","38.2","(X)","(X)","(X)","201","81","0.0","17.9","0.0","17.9","0.0","17.9","0.0","17.9","0.0","17.9","0.0","17.9","16.9","18.7","3.0","4.9","31.8","18.4","48.3","21.9","199125","138026","N","N","(X)","(X)","(X)","(X)","(X)","(X)","321","114","0.0","11.7","0.0","11.7","0.0","11.7","5.3","8.0","0.0","11.7","8.7","12.1","19.3","14.2","22.4","15.9","15.0","14.5","29.3","16.6","136641","52831","178641","51201","(X)","(X)","(X)","(X)","19.6","(X)",
"1400000US25025060604","Census Tract 606.04, Suffolk County, Massachusetts","1085","193","0.4","0.6","2.9","2.8","1.6","1.9","1.8","2.1","3.6","3.2","3.9","3.3","7.2","3.8","9.6","4.2","12.8","5.2","56.3","7.5","212083","36137","309005","65763","21.3","(X)","(X)","(X)","(X)","(X)","272","90","0.0","13.6","0.0","13.6","0.0","13.6","0.0","13.6","0.0","13.6","10.3","11.6","0.0","13.6","13.2","9.7","11.0","10.2","65.4","15.4","250,000+","***","385558","104292","(X)","(X)","26.1","(X)","(X)","(X)","243","83","0.0","15.1","0.0","15.1","0.0","15.1","0.0","15.1","0.0","15.1","3.3","5.2","0.0","15.1","14.8","11.0","12.3","11.2","69.5","14.4","250,000+","***","N","N","(X)","(X)","(X)","(X)","(X)","(X)","813","165","0.5","0.8","3.8","3.8","2.1","2.5","2.5","2.8","4.8","4.2","1.7","2.0","9.6","5.1","8.4","4.5","13.4","6.3","53.3","9.1","205353","22611","283393","83800","(X)","(X)","(X)","(X)","19.7","(X)",
"1400000US25025060700","Census Tract 607, Suffolk County, Massachusetts","1074","236","23.3","9.0","13.3","7.3","34.5","15.7","7.5","4.5","7.2","3.9","9.3","4.9","3.6","2.8","1.0","1.2","0.0","3.7","0.3","0.4","19161","2450","25369","3467","36.9","(X)","(X)","(X)","(X)","(X)","602","91","25.9","11.4","12.6","9.2","20.3","9.6","13.5","6.9","8.6","5.6","14.1","7.4","2.7","3.0","1.8","2.0","0.0","6.4","0.5","0.7","20568","5247","28333","5135","(X)","(X)","34.4","(X)","(X)","(X)","113","51","0.0","29.0","8.0","12.7","11.5","14.9","0.9","3.7","35.4","22.2","29.2","20.7","5.3","7.7","9.7","11.4","0.0","29.0","0.0","29.0","44044","8365","N","N","(X)","(X)","(X)","(X)","(X)","(X)","472","243","19.9","15.8","14.2","13.1","52.5","29.2","0.0","8.1","5.3","6.8","3.2","5.2","4.9","5.6","0.0","8.1","0.0","8.1","0.0","8.1","18694","5338","21588","5885","(X)","(X)","(X)","(X)","40.0","(X)",
"1400000US25025060800","Census Tract 608, Suffolk County, Massachusetts","1986","239","4.7","3.1","1.0","1.1","0.6","0.9","2.1","2.3","2.0","1.9","4.1","2.7","11.3","5.9","33.8","11.2","16.0","7.2","24.5","9.3","134739","8037","174334","29356","32.1","(X)","(X)","(X)","(X)","(X)","667","175","0.0","5.8","0.0","5.8","0.0","5.8","3.3","5.4","0.0","5.8","3.1","3.5","4.0","5.0","34.5","19.5","24.0","16.8","31.0","17.7","180750","59473","192796","33488","(X)","(X)","34.2","(X)","(X)","(X)","586","167","0.0","6.6","0.0","6.6","0.0","6.6","3.8","6.2","0.0","6.6","3.6","3.9","2.9","4.7","30.4","19.7","27.3","18.3","32.1","19.9","184118","39036","N","N","(X)","(X)","(X)","(X)","(X)","(X)","1319","237","7.1","4.6","1.4","1.7","0.8","1.3","1.4","2.5","3.0","2.9","4.5","3.6","15.0","8.8","33.5","12.6","11.9","7.9","21.2","10.5","125346","15428","164998","44195","(X)","(X)","(X)","(X)","31.0","(X)",
"1400000US25025061000","Census Tract 610, Suffolk County, Massachusetts","1424","220","10.3","6.0","10.3","5.2","9.6","5.3","5.8","5.0","11.5","7.4","10.5","5.9","6.6","4.9","10.0","4.3","6.0","3.5","19.5","10.9","59079","25992","112476","25805","33.8","(X)","(X)","(X)","(X)","(X)","704","208","13.1","11.8","6.8","8.8","8.1","6.7","6.5","7.3","12.5","9.3","8.2","7.2","1.7","3.4","8.4","6.2","4.7","4.7","30.0","19.3","63152","50203","143060","49073","(X)","(X)","41.8","(X)","(X)","(X)","422","196","3.3","5.7","0.0","9.0","4.7","6.4","0.2","2.2","8.8","8.5","10.9","11.9","2.8","5.9","11.4","10.9","7.8","8.2","50.0","25.9","217500","188053","N","N","(X)","(X)","(X)","(X)","(X)","(X)","720","148","10.8","8.2","13.6","8.0","7.8","6.4","5.0","7.7","10.6","10.6","12.6","9.0","11.4","8.5","11.7","6.4","7.2","5.2","9.3","7.4","54100","33252","81808","20662","(X)","(X)","(X)","(X)","26.1","(X)",
"1400000US25025061101","Census Tract 611.01, Suffolk County, Massachusetts","1159","134","31.2","8.1","21.1","8.1","12.7","5.4","9.8","5.9","12.5","7.5","3.4","3.1","0.9","1.5","0.9","1.5","5.1","3.3","2.3","2.4","13459","4168","32358","6275","38.9","(X)","(X)","(X)","(X)","(X)","569","143","29.2","13.7","21.4","12.2","11.1","7.0","17.0","10.6","11.4","9.0","5.8","6.1","0.0","6.8","4.0","4.6","0.0","6.8","0.0","6.8","14028","12706","24114","6410","(X)","(X)","32.7","(X)","(X)","(X)","85","54","23.5","28.2","0.0","35.4","12.9","15.5","40.0","32.0","10.6","16.2","0.0","35.4","0.0","35.4","12.9","17.4","0.0","35.4","0.0","35.4","30250","12412","N","N","(X)","(X)","(X)","(X)","(X)","(X)","590","139","33.2","10.9","20.7","9.3","14.2","7.3","2.9","2.7","13.6","11.8","1.0","1.9","1.9","2.9","0.0","6.6","8.0","5.9","4.6","4.8","13309","4014","39158","10892","(X)","(X)","(X)","(X)","44.9","(X)",
"1400000US25025061201","Census Tract 612.01, Suffolk County, Massachusetts","862","198","3.9","4.9","16.4","17.0","6.3","6.0","7.2","6.4","2.0","2.4","3.0","0.8","12.8","7.8","26.1","12.9","10.0","6.7","12.4","7.9","99244","31287","99444","23486","31.9","(X)","(X)","(X)","(X)","(X)","259","181","5.0","11.3","54.4","36.6","3.5","6.9","0.0","14.3","0.0","14.3","0.0","14.3","0.0","14.3","16.2","18.6","0.0","14.3","20.8","21.3","-","**","79347","59388","(X)","(X)","4.6","(X)","(X)","(X)","223","180","5.8","13.6","47.1","48.0","4.0","8.4","0.0","16.4","0.0","16.4","0.0","16.4","0.0","16.4","18.8","23.0","0.0","16.4","24.2","27.4","-","**","N","N","(X)","(X)","(X)","(X)","(X)","(X)","603","120","3.5","5.8","0.0","6.4","7.5","8.0","10.3","8.8","2.8","3.3","4.3","1.0","18.2","9.8","30.3","14.5","14.3","8.8","8.8","8.0","106875","25846","108076","18310","(X)","(X)","(X)","(X)","43.6","(X)",
"1400000US25025061202","Census Tract 612.02, Suffolk County, Massachusetts","0","13","-","**","-","**","-","**","-","**","-","**","-","**","-","**","-","**","-","**","-","**","-","**","-","**","-","(X)","(X)","(X)","(X)","(X)","0","13","-","**","-","**","-","**","-","**","-","**","-","**","-","**","-","**","-","**","-","**","-","**","-","**","(X)","(X)","-","(X)","(X)","(X)","0","13","-","**","-","**","-","**","-","**","-","**","-","**","-","**","-","**","-","**","-","**","-","**","-","**","(X)","(X)","(X)","(X)","(X)","(X)","0","13","-","**","-","**","-","**","-","**","-","**","-","**","-","**","-","**","-","**","-","**","-","**","-","**","(X)","(X)","(X)","(X)","-","(X)",
"1400000US25025061203","Census Tract 612.03, Suffolk County, Massachusetts","1006","245","0.0","3.9","0.0","3.9","0.0","3.9","0.0","3.9","1.2","1.8","2.8","3.5","7.5","5.6","5.6","5.2","18.8","9.8","64.2","12.8","250,000+","***","263025","27541","39.0","(X)","(X)","(X)","(X)","(X)","293","93","0.0","12.7","0.0","12.7","0.0","12.7","0.0","12.7","0.0","12.7","5.5","8.8","0.0","12.7","4.4","6.9","32.4","16.9","57.7","18.6","236250","73947","252939","43367","(X)","(X)","20.8","(X)","(X)","(X)","277","92","0.0","13.4","0.0","13.4","0.0","13.4","0.0","13.4","0.0","13.4","0.0","13.4","0.0","13.4","4.7","7.4","34.3","18.0","61.0","18.4","250,000+","***","N","N","(X)","(X)","(X)","(X)","(X)","(X)","713","247","0.0","5.5","0.0","5.5","0.0","5.5","0.0","5.5","1.7","2.6","1.7","3.0","10.5","8.4","6.0","6.7","13.2","11.4","66.9","16.3","250,000+","***","267169","34521","(X)","(X)","(X)","(X)","46.4","(X)",
"1400000US25025061204","Census Tract 612.04, Suffolk County, Massachusetts","701","224","0.0","5.5","0.0","5.5","0.0","5.5","0.0","5.5","9.0","9.8","7.7","7.8","8.7","11.6","31.5","22.7","13.6","11.5","29.5","15.8","141634","28583","218939","64379","15.5","(X)","(X)","(X)","(X)","(X)","212","57","0.0","17.1","0.0","17.1","0.0","17.1","0.0","17.1","13.7","19.3","0.0","17.1","0.0","17.1","4.7","6.9","44.8","33.6","36.8","30.2","187742","80430","202507","53533","(X)","(X)","44.3","(X)","(X)","(X)","212","57","0.0","17.1","0.0","17.1","0.0","17.1","0.0","17.1","13.7","19.3","0.0","17.1","0.0","17.1","4.7","6.9","44.8","33.6","36.8","30.2","187742","80437","N","N","(X)","(X)","(X)","(X)","(X)","(X)","489","231","0.0","7.8","0.0","7.8","0.0","7.8","0.0","7.8","7.0","10.7","11.0","11.1","12.5","17.0","43.1","29.7","0.0","7.8","26.4","18.4","140438","22384","226063","95864","(X)","(X)","(X)","(X)","3.1","(X)",
"1400000US25025070102","Census Tract 701.02, Suffolk County, Massachusetts","1114","189","15.4","7.5","6.2","7.3","10.3","5.8","5.7","6.7","11.5","7.8","6.1","4.9","4.9","3.7","3.1","3.1","3.5","2.7","33.2","10.0","53281","32671","143949","34756","29.1","(X)","(X)","(X)","(X)","(X)","481","151","17.5","15.5","4.8","7.8","17.5","11.1","0.0","8.0","12.5","12.8","0.0","8.0","10.6","8.8","0.0","8.0","3.7","4.1","33.5","16.7","-","**","142452","55838","(X)","(X)","26.8","(X)","(X)","(X)","384","146","16.1","21.9","6.0","9.7","16.9","12.6","0.0","9.9","4.7","7.4","0.0","9.9","13.3","11.7","0.0","9.9","4.7","5.1","38.3","21.1","-","**","N","N","(X)","(X)","(X)","(X)","(X)","(X)","633","170","13.9","7.9","7.3","10.9","4.9","5.6","10.0","11.4","10.7","10.8","10.7","8.5","0.6","1.0","5.5","5.5","3.3","3.8","33.0","13.8","54102","46467","145086","51442","(X)","(X)","(X)","(X)","30.8","(X)",
"1400000US25025070103","Census Tract 701.03, Suffolk County, Massachusetts","209","58","0.0","17.3","15.3","16.7","3.8","7.2","0.0","17.3","13.9","14.2","25.8","23.5","7.2","12.1","8.6","12.1","21.5","15.7","3.8","6.6","58872","9742","86427","21634","31.1","(X)","(X)","(X)","(X)","(X)","81","62","0.0","36.4","0.0","36.4","0.0","36.4","0.0","36.4","35.8","34.5","45.7","38.8","18.5","29.1","0.0","36.4","0.0","36.4","0.0","36.4","52212","21555","54231","11676","(X)","(X)","65.4","(X)","(X)","(X)","68","56","0.0","39.9","0.0","39.9","0.0","39.9","0.0","39.9","42.6","42.3","35.3","45.3","22.1","34.5","0.0","39.9","0.0","39.9","0.0","39.9","58021","35240","N","N","(X)","(X)","(X)","(X)","(X)","(X)","128","53","0.0","26.3","25.0","22.3","6.3","11.1","0.0","26.3","0.0","26.3","13.3","22.5","0.0","26.3","14.1","20.4","35.2","25.5","6.3","11.3","-","**","106802","40782","(X)","(X)","(X)","(X)","9.4","(X)",
"1400000US25025070104","Census Tract 701.04, Suffolk County, Massachusetts","1146","179","15.8","9.2","0.0","3.4","5.7","5.5","3.3","3.6","0.0","3.4","5.4","6.4","6.3","4.7","10.6","8.8","8.1","6.1","44.8","11.7","162333","79077","296564","101160","21.8","(X)","(X)","(X)","(X)","(X)","586","166","10.2","13.3","0.0","6.6","4.4","6.4","0.0","6.6","0.0","6.6","2.9","4.3","4.3","5.4","9.0","13.3","8.9","8.6","60.2","16.3","246354","43031","424641","185608","(X)","(X)","17.9","(X)","(X)","(X)","477","137","0.0","8.0","0.0","8.0","5.5","7.8","0.0","8.0","0.0","8.0","0.0","8.0","5.2","6.6","11.1","15.8","7.8","9.1","70.4","17.2","250,000+","***","N","N","(X)","(X)","(X)","(X)","(X)","(X)","560","166","21.6","13.8","0.0","6.9","7.0","7.8","6.8","7.3","0.0","6.9","11.1","13.0","8.4","7.6","12.3","12.0","7.3","7.7","25.5","17.8","97823","72849","126144","48407","(X)","(X)","(X)","(X)","22.9","(X)",
"1400000US25025070201","Census Tract 702.01, Suffolk County, Massachusetts","951","167","14.1","7.5","17.4","10.4","9.8","4.7","1.9","2.0","13.0","7.8","4.6","3.2","3.6","2.8","3.2","2.1","4.2","4.3","28.3","8.4","39391","19898","125364","28757","30.8","(X)","(X)","(X)","(X)","(X)","469","100","8.3","7.5","12.2","11.2","15.4","8.5","2.6","3.4","20.9","13.3","0.0","8.2","0.6","1.5","2.3","3.0","0.0","8.2","37.7","11.9","39776","20421","154404","42454","(X)","(X)","28.4","(X)","(X)","(X)","375","80","8.0","8.2","8.0","9.2","17.6","10.4","2.1","4.1","15.5","12.0","0.0","10.1","0.8","1.8","2.9","3.7","0.0","10.1","45.1","13.0","-","**","N","N","(X)","(X)","(X)","(X)","(X)","(X)","482","154","19.7","12.8","22.4","17.8","4.4","5.3","1.2","1.9","5.4","6.4","9.1","6.5","6.4","5.4","3.9","4.1","8.3","8.5","19.1","11.8","-","**","97107","39276","(X)","(X)","(X)","(X)","33.2","(X)",
"1400000US25025070202","Census Tract 702.02, Suffolk County, Massachusetts","1881","279","18.7","6.9","14.1","5.7","12.0","6.5","11.2","5.5","5.2","3.6","7.1","4.4","3.0","3.2","6.6","3.7","4.9","3.4","17.2","8.6","29764","8860","92513","28933","23.1","(X)","(X)","(X)","(X)","(X)","758","228","0.9","2.0","13.6","9.6","18.7","13.2","16.4","11.4","10.9","9.0","10.9","10.2","0.0","5.1","5.1","5.0","0.0","5.1","23.4","17.2","35577","17638","107461","59375","(X)","(X)","36.7","(X)","(X)","(X)","541","187","1.3","2.8","11.8","12.3","15.7","15.1","10.2","7.7","12.9","10.9","10.5","11.5","0.0","7.1","7.2","7.0","0.0","7.1","30.3","22.2","-","**","N","N","(X)","(X)","(X)","(X)","(X)","(X)","1123","225","30.6","10.6","14.4","7.3","7.5","4.6","7.7","4.4","1.3","2.2","4.5","3.7","5.1","5.2","7.7","5.4","8.2","5.5","13.0","8.3","19034","16649","82424","28546","(X)","(X)","(X)","(X)","13.9","(X)",
"1400000US25025070301","Census Tract 703.01, Suffolk County, Massachusetts","1445","263","6.6","9.8","2.3","2.7","0.0","2.7","4.8","5.9","5.1","3.1","6.3","5.8","6.9","4.6","19.2","9.8","9.6","5.9","39.4","12.0","136157","77820","259643","88365","25.2","(X)","(X)","(X)","(X)","(X)","500","143","0.0","7.7","4.8","7.9","0.0","7.7","0.0","7.7","0.0","7.7","4.8","6.0","3.4","5.3","5.4","6.4","24.0","15.2","57.6","17.5","236979","63646","390482","197808","(X)","(X)","25.8","(X)","(X)","(X)","442","139","0.0","8.6","5.4","9.0","0.0","8.6","0.0","8.6","0.0","8.6","1.1","2.6","3.8","6.0","3.2","5.0","21.3","16.1","65.2","16.9","250,000+","***","N","N","(X)","(X)","(X)","(X)","(X)","(X)","945","258","10.1","14.6","1.0","1.7","0.0","4.1","7.3","8.9","7.7","4.8","7.1","8.0","8.7","6.8","27.8","14.2","3.3","3.7","27.1","12.9","112721","19754","187652","63030","(X)","(X)","(X)","(X)","24.9","(X)",
"1400000US25025070302","Census Tract 703.02, Suffolk County, Massachusetts","1168","127","11.9","7.2","12.0","10.6","0.8","1.4","1.7","2.7","1.8","2.8","5.5","4.4","3.6","4.1","10.3","6.9","15.6","7.9","36.9","11.3","158875","30366","241496","81932","30.1","(X)","(X)","(X)","(X)","(X)","487","117","6.6","10.1","3.5","6.4","1.8","3.3","0.0","7.9","0.0","7.9","0.0","7.9","4.3","6.9","0.0","7.9","23.2","16.2","60.6","18.9","245292","57998","406625","168854","(X)","(X)","40.9","(X)","(X)","(X)","425","119","0.0","9.0","4.0","7.4","2.1","3.7","0.0","9.0","0.0","9.0","0.0","9.0","4.9","7.9","0.0","9.0","26.6","19.1","62.4","18.8","250,000+","***","N","N","(X)","(X)","(X)","(X)","(X)","(X)","681","158","15.7","11.5","18.1","16.9","0.0","5.7","2.9","4.7","3.1","4.8","9.4","7.7","3.1","5.0","17.6","11.6","10.1","9.3","20.0","12.1","75655","75501","123408","46649","(X)","(X)","(X)","(X)","22.3","(X)",
"1400000US25025070402","Census Tract 704.02, Suffolk County, Massachusetts","1552","156","13.5","4.5","9.4","3.0","12.4","4.5","7.0","3.3","7.7","3.5","9.9","6.9","4.1","2.0","11.6","3.5","6.9","2.4","17.6","5.9","50208","25019","103103","17195","27.9","(X)","(X)","(X)","(X)","(X)","544","89","11.8","6.4","9.2","5.3","14.0","8.8","18.8","8.6","12.5","6.7","4.4","4.3","5.1","4.9","6.6","4.0","0.9","1.7","16.7","6.5","33276","5131","92305","22939","(X)","(X)","42.1","(X)","(X)","(X)","376","75","8.2","6.0","11.7","7.2","10.6","10.0","18.6","9.3","9.8","8.3","4.8","5.8","3.5","3.4","9.6","5.5","1.3","2.4","21.8","8.2","35259","12076","N","N","(X)","(X)","(X)","(X)","(X)","(X)","1008","163","14.9","6.1","9.5","3.5","11.1","5.2","0.6","0.9","5.1","3.8","12.9","9.9","3.5","2.0","14.3","5.3","10.1","3.7","18.1","8.3","66812","14910","108850","24038","(X)","(X)","(X)","(X)","19.7","(X)",
"1400000US25025070501","Census Tract 705.01, Suffolk County, Massachusetts","890","122","4.6","4.0","1.9","3.2","14.6","10.7","0.0","4.4","3.0","3.6","10.8","8.8","3.3","3.4","6.0","6.2","16.6","7.9","39.2","12.6","157222","52533","201752","42850","22.9","(X)","(X)","(X)","(X)","(X)","387","103","0.0","9.8","0.0","9.8","7.8","7.9","0.0","9.8","7.0","7.9","0.0","9.8","0.0","9.8","13.7","14.5","26.9","15.2","44.7","21.5","192417","33803","268595","90699","(X)","(X)","14.2","(X)","(X)","(X)","341","103","0.0","11.1","0.0","11.1","0.0","11.1","0.0","11.1","7.9","8.9","0.0","11.1","0.0","11.1","15.5","16.3","30.5","16.8","46.0","22.0","195813","40112","N","N","(X)","(X)","(X)","(X)","(X)","(X)","503","117","8.2","7.7","3.4","5.8","19.9","16.1","0.0","7.6","0.0","7.6","19.1","15.4","5.8","6.0","0.0","7.6","8.7","6.6","35.0","16.6","-","**","150324","48442","(X)","(X)","(X)","(X)","29.6","(X)",
"1400000US25025070502","Census Tract 705.02, Suffolk County, Massachusetts","1961","398","12.2","8.1","21.0","15.9","17.9","10.7","9.1","8.0","5.5","4.8","3.5","3.0","1.1","1.4","6.5","5.1","7.0","4.9","16.2","6.8","22485","11791","118033","38300","49.6","(X)","(X)","(X)","(X)","(X)","994","258","12.0","10.6","5.6","5.7","25.3","16.9","5.7","8.5","9.0","8.7","5.0","4.5","1.6","2.6","10.0","8.2","1.9","3.2","23.9","10.6","36667","20447","157658","60399","(X)","(X)","51.6","(X)","(X)","(X)","718","239","13.6","13.2","5.0","6.2","24.4","17.9","7.9","11.9","2.5","4.1","2.6","4.0","2.2","3.5","8.5","9.7","0.0","5.4","33.1","14.8","-","**","N","N","(X)","(X)","(X)","(X)","(X)","(X)","967","411","12.4","9.8","36.8","26.7","10.3","11.0","12.5","14.7","1.9","3.1","2.0","3.2","0.6","1.3","5.3","5.5","10.0","9.5","8.2","7.4","15188","13103","76049","46083","(X)","(X)","(X)","(X)","47.5","(X)",
"1400000US25025070600","Census Tract 706, Suffolk County, Massachusetts","1150","127","3.3","3.1","0.0","3.4","4.8","3.8","1.7","2.0","0.9","1.3","2.6","2.6","5.0","2.8","23.2","7.0","11.1","5.1","47.5","8.4","190313","31381","294974","46123","30.6","(X)","(X)","(X)","(X)","(X)","560","110","0.0","6.9","0.0","6.9","4.8","6.3","0.0","6.9","0.0","6.9","1.4","2.6","0.0","6.9","21.4","10.7","5.7","4.9","66.6","11.4","247250","26035","431220","82549","(X)","(X)","44.5","(X)","(X)","(X)","536","97","0.0","7.2","0.0","7.2","5.0","6.7","0.0","7.2","0.0","7.2","1.5","2.7","0.0","7.2","22.4","11.1","6.0","5.0","65.1","12.1","246250","45117","N","N","(X)","(X)","(X)","(X)","(X)","(X)","590","120","6.4","6.0","0.0","6.6","4.7","4.5","3.2","3.9","1.7","2.6","3.7","3.5","9.7","5.4","26.4","9.2","16.3","8.6","27.8","11.3","129408","28230","163354","28788","(X)","(X)","(X)","(X)","17.5","(X)",
"1400000US25025070700","Census Tract 707, Suffolk County, Massachusetts","1465","233","1.6","1.6","3.2","3.1","10.1","8.4","8.3","5.6","15.7","10.7","5.7","3.6","7.1","5.0","9.6","4.1","9.1","4.4","29.6","7.9","84464","67578","210892","44345","38.9","(X)","(X)","(X)","(X)","(X)","648","184","2.9","3.4","0.0","6.0","6.8","6.2","8.5","7.8","21.8","21.6","2.9","3.7","6.5","7.5","2.6","2.9","11.9","8.1","36.1","12.2","-","**","242451","72372","(X)","(X)","42.7","(X)","(X)","(X)","337","87","1.5","2.3","0.0","11.2","5.9","7.0","0.0","11.2","2.4","3.5","5.6","6.9","0.0","11.2","5.0","5.4","19.6","12.4","59.9","13.1","250,000+","***","N","N","(X)","(X)","(X)","(X)","(X)","(X)","817","188","0.5","1.0","5.8","5.4","12.7","13.7","8.2","7.3","10.9","8.7","7.8","6.3","7.6","6.8","15.1","7.1","7.0","5.1","24.5","11.5","78911","53971","185341","65747","(X)","(X)","(X)","(X)","35.9","(X)",
"1400000US25025070801","Census Tract 708.01, Suffolk County, Massachusetts","531","186","20.5","20.2","0.0","7.3","11.3","10.0","7.0","11.8","10.2","15.0","7.0","7.8","6.0","7.1","8.3","7.4","6.4","7.1","23.4","14.2","-","**","123690","55209","28.8","(X)","(X)","(X)","(X)","(X)","95","69","0.0","32.9","0.0","32.9","47.4","38.9","0.0","32.9","0.0","32.9","0.0","32.9","0.0","32.9","0.0","32.9","12.6","23.2","40.0","40.0","-","**","198632","159146","(X)","(X)","0.0","(X)","(X)","(X)","78","62","0.0","37.2","0.0","37.2","57.7","44.4","0.0","37.2","0.0","37.2","0.0","37.2","0.0","37.2","0.0","37.2","15.4","28.9","26.9","44.4","-","**","N","N","(X)","(X)","(X)","(X)","(X)","(X)","436","180","25.0","24.3","0.0","8.8","3.4","5.5","8.5","13.8","12.4","17.9","8.5","9.9","7.3","8.6","10.1","9.5","5.0","7.4","19.7","13.2","-","**","95264","36886","(X)","(X)","(X)","(X)","35.1","(X)",
"1400000US25025070802","Census Tract 708.02, Suffolk County, Massachusetts","1540","279","17.6","13.0","7.7","4.6","4.9","5.9","1.3","2.0","6.4","5.2","13.0","7.9","3.9","3.9","5.1","3.4","21.3","8.8","18.8","7.5","73587","57433","153838","39905","38.5","(X)","(X)","(X)","(X)","(X)","405","136","4.4","7.0","0.0","9.4","0.0","9.4","0.0","9.4","5.9","7.3","8.1","13.9","4.7","7.5","4.7","7.5","27.9","21.1","44.2","18.1","195954","65001","325366","124690","(X)","(X)","26.4","(X)","(X)","(X)","368","134","0.0","10.3","0.0","10.3","0.0","10.3","0.0","10.3","6.5","7.9","9.0","15.1","0.0","10.3","5.2","8.4","30.7","22.9","48.6","20.3","197171","56060","N","N","(X)","(X)","(X)","(X)","(X)","(X)","1135","283","22.3","17.3","10.4","6.6","6.7","8.0","1.8","2.8","6.5","6.5","14.7","10.5","3.6","4.7","5.3","4.2","18.9","9.8","9.8","7.8","60492","36745","92632","28950","(X)","(X)","(X)","(X)","42.8","(X)",
"1400000US25025070901","Census Tract 709.01, Suffolk County, Massachusetts","718","198","3.8","3.8","24.5","19.9","14.2","11.9","3.5","3.4","20.9","17.7","7.5","6.1","9.5","9.8","7.0","7.0","4.2","6.3","5.0","4.1","36051","17993","59464","17611","18.5","(X)","(X)","(X)","(X)","(X)","320","103","2.2","4.0","10.9","12.2","8.4","11.7","5.3","5.9","25.3","20.5","10.6","12.3","5.6","6.7","10.9","14.0","9.4","13.5","11.3","8.9","44713","32391","93056","32477","(X)","(X)","17.5","(X)","(X)","(X)","162","76","0.0","21.7","4.3","9.3","16.7","22.1","5.6","8.9","0.0","21.7","0.0","21.7","11.1","14.1","21.6","23.5","18.5","25.6","22.2","17.0","-","**","N","N","(X)","(X)","(X)","(X)","(X)","(X)","398","201","5.0","6.4","35.4","32.5","18.8","20.0","2.0","3.9","17.3","25.2","5.0","5.7","12.6","16.7","3.8","4.7","0.0","9.6","0.0","9.6","18767","15321","32456","11956","(X)","(X)","(X)","(X)","19.3","(X)",
"1400000US25025070902","Census Tract 709.02, Suffolk County, Massachusetts","999","143","8.1","5.2","7.1","6.9","4.0","3.3","1.7","2.0","5.3","5.0","11.0","6.3","2.3","2.4","12.1","8.2","7.8","4.2","40.5","9.0","134825","38928","197770","33456","26.9","(X)","(X)","(X)","(X)","(X)","296","78","0.0","12.6","0.0","12.6","5.7","8.7","0.0","12.6","2.4","4.0","0.0","12.6","0.0","12.6","9.1","8.5","4.4","4.7","78.4","12.8","250,000+","***","303059","53686","(X)","(X)","32.1","(X)","(X)","(X)","272","75","0.0","13.6","0.0","13.6","0.0","13.6","0.0","13.6","0.0","13.6","0.0","13.6","0.0","13.6","9.9","9.3","4.8","5.1","85.3","10.1","250,000+","***","N","N","(X)","(X)","(X)","(X)","(X)","(X)","703","143","11.5","7.2","10.1","10.1","3.3","3.2","2.4","2.8","6.5","7.0","15.6","8.8","3.3","3.4","15.2","11.4","9.2","5.6","22.8","10.0","95341","65897","148885","41175","(X)","(X)","(X)","(X)","22.9","(X)",
"1400000US25025071101","Census Tract 711.01, Suffolk County, Massachusetts","2195","261","12.7","6.5","5.1","4.2","7.3","5.0","3.5","3.5","7.7","4.8","11.6","5.6","14.8","6.7","13.3","5.7","7.0","5.4","17.0","7.3","75543","10386","107982","20764","39.3","(X)","(X)","(X)","(X)","(X)","755","219","1.3","2.1","0.0","5.2","0.0","5.2","7.9","8.8","12.2","11.5","12.7","12.6","21.3","12.9","15.9","15.0","4.0","4.4","24.6","15.5","83375","39801","141653","43771","(X)","(X)","43.3","(X)","(X)","(X)","414","144","2.4","3.6","0.0","9.2","0.0","9.2","4.1","7.6","11.1","13.6","23.2","21.3","2.9","4.8","12.1","12.5","2.4","3.9","41.8","21.9","-","**","N","N","(X)","(X)","(X)","(X)","(X)","(X)","1440","223","18.6","9.6","7.8","6.6","11.2","7.6","1.1","1.9","5.4","4.1","11.0","6.3","11.3","7.9","12.0","6.7","9.9","8.1","11.7","7.0","65313","24145","86547","20686","(X)","(X)","(X)","(X)","37.2","(X)",
"1400000US25025071201","Census Tract 712.01, Suffolk County, Massachusetts","1609","146","19.3","6.1","9.3","4.3","11.1","7.0","0.6","0.9","8.8","7.9","10.6","5.8","4.5","2.6","6.3","3.2","11.3","4.6","18.3","5.3","51140","26414","135074","32042","37.3","(X)","(X)","(X)","(X)","(X)","828","158","21.6","10.7","1.4","1.9","6.0","4.5","0.0","4.7","13.6","13.8","18.1","10.2","3.3","2.8","5.9","4.5","8.7","4.4","21.3","10.2","63333","23988","161711","69882","(X)","(X)","40.0","(X)","(X)","(X)","464","144","0.0","8.3","2.6","3.3","8.2","6.8","0.0","8.3","21.8","22.4","8.8","9.8","3.4","4.1","10.6","7.9","14.7","8.3","30.0","13.9","133654","89494","N","N","(X)","(X)","(X)","(X)","(X)","(X)","781","159","16.8","7.4","17.7","8.4","16.4","12.1","1.2","1.8","3.7","5.5","2.6","2.5","5.9","4.5","6.7","4.2","14.1","8.0","15.1","6.4","-","**","106835","35190","(X)","(X)","(X)","(X)","34.4","(X)",
"1400000US25025080100","Census Tract 801, Suffolk County, Massachusetts","711","98","16.9","7.7","6.2","4.2","11.7","6.8","8.6","6.8","17.2","7.4","13.1","6.8","8.7","6.0","6.0","4.2","11.5","7.3","0.1","0.5","41836","9428","57767","12195","39.4","(X)","(X)","(X)","(X)","(X)","381","104","8.4","7.1","2.4","3.9","4.2","6.5","13.9","11.3","17.3","10.0","16.3","10.4","12.3","10.0","9.4","7.4","15.5","11.0","0.3","0.9","51576","8265","73314","18455","(X)","(X)","45.7","(X)","(X)","(X)","218","77","3.2","5.1","4.1","6.8","0.0","16.7","2.8","4.5","19.7","14.2","12.4","13.6","21.6","17.5","12.8","12.3","23.4","17.7","0.0","16.7","77935","19062","N","N","(X)","(X)","(X)","(X)","(X)","(X)","330","71","26.7","13.7","10.6","8.0","20.3","13.8","2.4","3.7","17.0","11.1","9.4","7.6","4.5","5.7","2.1","2.9","7.0","7.7","0.0","11.4","19931","10487","38413","11642","(X)","(X)","(X)","(X)","32.1","(X)",
"1400000US25025080300","Census Tract 803, Suffolk County, Massachusetts","939","117","20.9","10.7","14.4","5.7","5.5","4.5","1.5","1.7","16.4","9.7","15.5","8.5","6.7","5.6","8.0","6.0","5.5","4.8","5.5","6.3","40063","9612","61026","16582","48.1","(X)","(X)","(X)","(X)","(X)","471","108","8.7","8.3","10.2","6.3","4.5","5.3","0.0","8.1","19.7","15.1","17.2","11.6","14.0","10.7","9.6","9.7","9.1","9.4","7.0","10.5","62031","26743","78079","23572","(X)","(X)","53.5","(X)","(X)","(X)","201","84","12.4","17.9","0.0","17.9","4.5","6.4","0.0","17.9","2.5","5.8","40.3","25.0","0.0","17.9","2.5","4.5","21.4","22.4","16.4","23.5","71392","64699","N","N","(X)","(X)","(X)","(X)","(X)","(X)","468","116","33.1","15.5","18.6","10.2","6.6","8.4","3.0","3.3","13.0","9.9","13.9","10.0","1.3","2.2","6.4","7.3","0.0","8.2","4.1","5.9","-","**","42044","19062","(X)","(X)","(X)","(X)","42.7","(X)",
"1400000US25025080401","Census Tract 804.01, Suffolk County, Massachusetts","1344","211","21.1","8.1","15.0","6.7","16.4","9.5","11.3","8.9","12.0","8.4","11.5","5.7","6.8","4.4","3.3","2.6","2.5","2.4","0.0","2.9","21250","12452","36037","6113","39.7","(X)","(X)","(X)","(X)","(X)","609","112","25.5","12.0","9.0","7.6","18.9","12.2","5.9","6.8","7.2","5.8","13.5","7.9","10.5","7.8","6.4","5.7","3.1","3.7","0.0","6.4","18719","16491","41311","9855","(X)","(X)","42.2","(X)","(X)","(X)","138","60","0.0","24.8","9.4","14.9","12.3","17.9","0.0","24.8","5.1","7.5","10.1","16.4","41.3","26.6","8.0","12.7","13.8","16.3","0.0","24.8","92368","18867","N","N","(X)","(X)","(X)","(X)","(X)","(X)","735","210","18.2","10.1","20.0","10.9","14.4","14.1","15.8","14.3","15.2","14.6","9.9","7.7","3.7","4.3","0.8","1.4","1.9","3.1","0.0","5.3","21804","13918","31064","7153","(X)","(X)","(X)","(X)","37.6","(X)",
"1400000US25025080500","Census Tract 805, Suffolk County, Massachusetts","1526","236","19.3","6.4","9.4","5.6","14.9","7.1","9.0","5.9","19.7","11.8","12.8","5.9","6.9","6.1","6.0","4.2","1.8","2.2","0.0","2.6","31480","13202","40752","6232","43.6","(X)","(X)","(X)","(X)","(X)","788","160","11.8","7.6","2.2","3.4","17.4","10.2","10.2","8.2","19.3","10.2","22.0","10.4","3.2","4.8","10.5","7.9","3.6","4.1","0.0","4.9","45238","16223","50695","9429","(X)","(X)","39.5","(X)","(X)","(X)","215","89","0.0","16.9","0.0","16.9","7.0","11.8","9.8","11.0","10.7","12.3","40.9","24.3","11.6","16.8","15.3","15.1","4.7","7.1","0.0","16.9","64310","14977","N","N","(X)","(X)","(X)","(X)","(X)","(X)","738","243","28.9","12.9","15.7","10.6","12.2","10.0","7.9","8.7","20.7","21.4","4.5","3.9","9.6","10.7","0.5","1.0","0.0","5.3","0.0","5.3","17439","16501","29096","8689","(X)","(X)","(X)","(X)","48.1","(X)",
"1400000US25025080601","Census Tract 806.01, Suffolk County, Massachusetts","801","91","34.2","9.5","17.7","8.1","9.4","7.5","12.2","6.0","6.1","4.1","5.2","3.7","4.5","3.8","8.1","5.2","0.7","1.1","1.7","2.3","14255","10147","34754","8020","42.6","(X)","(X)","(X)","(X)","(X)","359","89","11.1","8.4","14.8","9.6","13.6","14.4","18.1","10.9","8.6","7.6","6.1","6.5","10.0","8.3","15.9","11.6","1.7","2.5","0.0","10.5","27604","11261","48310","14188","(X)","(X)","53.2","(X)","(X)","(X)","145","74","11.7","15.9","7.6","10.8","22.1","29.6","0.0","23.8","2.8","4.6","2.1","3.3","14.5","19.5","39.3","25.0","0.0","23.8","0.0","23.8","-","**","N","N","(X)","(X)","(X)","(X)","(X)","(X)","442","89","52.9","12.2","20.1","12.0","5.9","5.7","8.4","6.3","4.1","3.9","3.6","2.8","0.0","8.6","1.8","1.9","0.0","8.6","3.2","4.0","9549","1751","23479","10698","(X)","(X)","(X)","(X)","33.9","(X)",
"1400000US25025080801","Census Tract 808.01, Suffolk County, Massachusetts","1141","190","23.8","10.0","20.3","9.9","8.0","3.4","7.3","4.8","5.5","4.1","16.6","13.6","11.4","6.5","5.5","4.3","1.7","2.5","0.0","3.4","21406","19481","38950","7725","60.3","(X)","(X)","(X)","(X)","(X)","674","194","17.4","10.5","26.9","17.1","4.0","3.3","12.3","8.2","6.2","5.3","11.9","9.3","13.5","9.6","5.0","4.6","2.8","4.3","0.0","5.8","28750","22280","41486","8874","(X)","(X)","68.7","(X)","(X)","(X)","124","57","9.7","15.8","3.2","6.9","4.8","9.0","26.6","21.5","11.3","13.1","5.6","7.5","16.9","17.6","21.8","18.7","0.0","27.0","0.0","27.0","46750","24610","N","N","(X)","(X)","(X)","(X)","(X)","(X)","467","119","33.0","19.4","30.2","19.4","13.7","8.1","0.0","8.2","4.5","4.9","4.1","5.9","8.4","10.4","6.2","7.6","0.0","8.2","0.0","8.2","11743","2153","24987","11097","(X)","(X)","(X)","(X)","48.2","(X)",
"1400000US25025080900","Census Tract 809, Suffolk County, Massachusetts","1504","145","7.2","3.4","4.3","3.5","5.2","3.4","4.3","3.2","16.5","5.9","16.1","6.3","15.3","7.1","15.7","4.9","12.1","5.0","3.3","2.3","62315","16337","82241","9709","34.6","(X)","(X)","(X)","(X)","(X)","168","77","0.0","21.0","0.0","21.0","5.4","8.6","0.0","21.0","23.2","22.0","8.3","18.4","29.2","18.8","10.1","13.2","19.0","19.9","4.8","8.6","78452","31297","97042","30215","(X)","(X)","29.2","(X)","(X)","(X)","91","50","0.0","33.9","0.0","33.9","9.9","15.3","0.0","33.9","15.4","13.7","0.0","33.9","23.1","19.4","7.7","12.3","35.2","27.4","8.8","14.1","128036","115396","N","N","(X)","(X)","(X)","(X)","(X)","(X)","1336","144","8.2","3.9","4.9","4.0","5.2","3.4","4.9","3.6","15.6","5.7","17.1","6.8","13.5","7.5","16.4","5.2","11.2","5.1","3.1","2.4","61296","9846","80380","10346","(X)","(X)","(X)","(X)","35.3","(X)",
"1400000US25025081001","Census Tract 810.01, Suffolk County, Massachusetts","2422","349","16.8","6.1","18.9","6.8","9.9","4.9","4.5","4.3","13.5","6.6","17.0","7.8","6.0","2.4","7.5","5.6","5.0","5.9","0.9","1.2","34783","21612","46964","9964","40.9","(X)","(X)","(X)","(X)","(X)","723","205","13.3","10.7","6.9","7.5","7.5","7.7","10.8","13.6","24.3","18.4","24.2","10.9","5.0","5.9","2.9","4.7","2.5","4.3","2.6","3.9","41463","13199","49478","13684","(X)","(X)","37.1","(X)","(X)","(X)","261","121","0.0","14.2","12.3","15.2","8.8","11.1","29.9","30.9","9.6","14.2","11.9","13.2","5.4","8.8","8.0","14.0","6.9","11.8","7.3","10.7","-","**","N","N","(X)","(X)","(X)","(X)","(X)","(X)","1699","318","18.3","7.6","24.0","9.5","10.9","6.6","1.9","2.0","8.9","5.2","17.8","9.8","2.9","2.3","9.1","7.7","6.1","8.1","0.2","0.4","21639","19141","45008","13536","(X)","(X)","(X)","(X)","42.5","(X)",
"1400000US25025081101","Census Tract 811.01, Suffolk County, Massachusetts","628","117","11.0","9.1","1.9","2.2","8.6","8.8","0.0","6.2","2.5","2.9","25.2","14.5","25.3","12.9","7.2","6.4","13.1","11.6","5.3","4.9","75291","10996","82206","16645","18.0","(X)","(X)","(X)","(X)","(X)","125","66","10.4","19.2","0.0","26.8","0.0","26.8","0.0","26.8","0.0","26.8","16.0","19.5","40.0","34.3","14.4","18.7","12.8","16.5","6.4","11.3","77379","45130","101651","29862","(X)","(X)","26.4","(X)","(X)","(X)","125","66","10.4","19.2","0.0","26.8","0.0","26.8","0.0","26.8","0.0","26.8","16.0","19.5","40.0","34.3","14.4","18.7","12.8","16.5","6.4","11.3","77379","45130","N","N","(X)","(X)","(X)","(X)","(X)","(X)","503","111","11.1","10.5","2.4","2.7","10.7","10.9","0.0","7.6","3.2","3.6","27.4","17.6","21.7","12.5","5.4","6.6","13.1","14.2","5.0","5.4","69718","14464","77373","19413","(X)","(X)","(X)","(X)","15.9","(X)",
"1400000US25025081102","Census Tract 811.02, Suffolk County, Massachusetts","1245","235","12.9","7.1","11.7","9.3","6.0","4.2","8.2","6.0","2.2","2.3","18.8","8.5","11.7","7.0","15.6","16.1","7.7","5.4","5.1","4.5","64841","23411","78569","20419","36.6","(X)","(X)","(X)","(X)","(X)","444","244","0.0","8.6","0.0","8.6","9.7","9.4","10.4","12.0","2.3","4.0","14.4","12.9","5.9","6.8","36.5","36.5","6.5","10.8","14.4","15.0","100543","39251","122900","52029","(X)","(X)","26.6","(X)","(X)","(X)","189","99","0.0","19.0","0.0","19.0","3.2","8.9","24.3","21.9","5.3","8.5","10.1","15.2","7.4","9.7","3.7","8.9","15.3","23.9","30.7","23.1","-","**","N","N","(X)","(X)","(X)","(X)","(X)","(X)","801","127","20.1","10.4","18.2","13.0","5.4","4.9","7.0","5.6","2.1","2.7","19.9","12.8","15.0","10.0","4.0","3.8","8.4","6.3","0.0","4.9","-","**","53476","11255","(X)","(X)","(X)","(X)","42.2","(X)",
"1400000US25025081200","Census Tract 812, Suffolk County, Massachusetts","1325","167","16.6","7.7","13.3","6.2","15.2","6.1","5.3","2.9","8.4","5.1","10.2","5.2","10.1","5.9","10.8","6.2","5.5","3.1","4.7","3.5","33393","13236","61050","9768","48.5","(X)","(X)","(X)","(X)","(X)","811","168","19.4","10.4","12.2","8.0","12.0","7.5","7.9","4.6","6.8","6.4","9.6","6.4","8.0","7.6","12.3","8.5","4.2","3.6","7.6","5.6","32098","20041","67019","15156","(X)","(X)","54.1","(X)","(X)","(X)","211","77","0.0","17.2","0.0","17.2","19.4","15.8","4.7","8.0","3.8","5.9","10.0","12.2","5.2","7.8","24.2","18.3","16.1","14.1","16.6","16.3","127670","51525","N","N","(X)","(X)","(X)","(X)","(X)","(X)","514","99","12.3","9.6","15.0","10.2","20.2","14.0","1.2","1.9","14.0","11.0","8.0","7.4","13.4","9.7","11.7","11.2","4.3","4.6","0.0","7.5","36094","32950","49882","13824","(X)","(X)","(X)","(X)","39.7","(X)",
"1400000US25025081301","Census Tract 813.01, Suffolk County, Massachusetts","1048","196","21.2","9.1","19.1","11.2","10.0","8.2","3.9","4.0","12.2","10.6","13.3","13.1","1.6","3.0","15.5","8.7","1.8","3.3","1.4","2.0","-","**","45348","9877","42.0","(X)","(X)","(X)","(X)","(X)","510","215","13.3","15.6","1.8","4.4","0.0","7.5","6.5","8.1","20.6","19.2","18.0","23.7","3.3","6.2","29.8","19.4","3.7","7.0","2.9","3.9","51087","40919","73374","18040","(X)","(X)","37.8","(X)","(X)","(X)","239","177","0.0","15.4","3.8","9.4","0.0","15.4","5.9","10.5","24.7","33.3","38.5","42.1","7.1","14.8","5.9","13.6","7.9","15.0","6.3","11.4","51019","31585","N","N","(X)","(X)","(X)","(X)","(X)","(X)","538","167","28.6","21.6","35.5","18.8","19.5","15.6","1.5","2.4","4.3","9.0","8.7","9.8","0.0","7.2","1.9","3.3","0.0","7.2","0.0","7.2","11879","4211","18781","7554","(X)","(X)","(X)","(X)","45.9","(X)",
"1400000US25025081302","Census Tract 813.02, Suffolk County, Massachusetts","1146","139","35.5","17.6","16.8","9.9","25.8","22.7","11.3","13.7","1.7","5.6","2.6","3.2","3.7","5.3","2.5","3.7","0.0","3.4","0.0","3.4","-","**","22206","6886","52.4","(X)","(X)","(X)","(X)","(X)","539","168","34.0","30.2","3.3","6.1","32.8","41.0","24.1","23.6","1.7","10.4","1.7","3.0","1.3","8.0","1.1","4.5","0.0","7.1","0.0","7.1","23414","9241","22419","11125","(X)","(X)","52.7","(X)","(X)","(X)","212","138","1.9","3.9","0.0","17.1","68.4","56.8","20.8","34.5","0.0","17.1","4.2","9.5","1.9","14.5","2.8","15.8","0.0","17.1","0.0","17.1","24227","2356","N","N","(X)","(X)","(X)","(X)","(X)","(X)","607","154","36.9","19.7","28.7","18.0","19.6","18.9","0.0","6.4","1.8","3.0","3.5","5.6","5.8","7.5","3.8","6.0","0.0","6.4","0.0","6.4","12028","3231","22016","8722","(X)","(X)","(X)","(X)","52.1","(X)",
"1400000US25025081400","Census Tract 814, Suffolk County, Massachusetts","1259","139","14.9","7.1","4.2","4.0","8.3","5.8","4.1","3.2","19.0","7.8","12.3","5.5","7.5","4.8","15.5","6.1","6.8","5.1","7.5","5.6","49556","13667","91175","29175","44.7","(X)","(X)","(X)","(X)","(X)","506","109","1.8","3.5","0.0","7.6","6.1","9.1","8.1","8.2","17.2","10.5","8.1","7.6","8.1","6.9","28.5","13.6","12.3","11.2","9.9","7.1","100682","31528","139306","60776","(X)","(X)","39.5","(X)","(X)","(X)","281","94","0.0","13.2","0.0","13.2","0.0","13.2","2.5","4.0","10.0","9.8","0.0","13.2","7.1","9.8","45.6","19.5","22.1","18.6","12.8","11.4","135709","32963","N","N","(X)","(X)","(X)","(X)","(X)","(X)","753","131","23.8","10.5","7.0","6.6","9.7","7.3","2.3","2.3","20.6","10.7","13.8","7.0","7.0","5.9","6.8","4.1","3.1","3.8","6.0","8.1","42602","11239","58533","19981","(X)","(X)","(X)","(X)","48.2","(X)",
"1400000US25025081500","Census Tract 815, Suffolk County, Massachusetts","1014","221","15.1","8.9","6.3","5.1","6.2","5.6","12.8","6.9","12.6","5.9","7.9","5.8","20.8","15.1","10.1","5.8","4.5","3.7","3.6","2.8","48155","27881","64948","12517","53.1","(X)","(X)","(X)","(X)","(X)","628","198","9.9","9.2","4.5","5.9","2.4","3.5","17.2","10.7","15.6","11.1","8.3","8.6","25.8","22.6","10.5","7.0","3.2","3.5","2.7","2.9","55577","35811","64305","12307","(X)","(X)","58.9","(X)","(X)","(X)","167","66","0.0","21.1","0.0","21.1","0.6","1.6","34.1","21.4","20.4","23.0","3.0","10.2","7.2","9.0","21.6","20.1","3.0","5.7","10.2","10.7","-","**","N","N","(X)","(X)","(X)","(X)","(X)","(X)","386","99","23.6","15.4","9.3","9.4","12.4","12.4","5.7","5.1","11.9","9.9","9.1","7.5","8.5","7.5","10.4","9.7","5.7","7.3","3.4","3.9","-","**","55699","19050","(X)","(X)","(X)","(X)","40.7","(X)",
"1400000US25025081700","Census Tract 817, Suffolk County, Massachusetts","2064","377","20.9","9.4","9.3","7.0","15.1","9.3","9.0","5.1","20.2","10.6","9.5","5.3","6.7","4.3","6.2","4.0","2.4","2.8","0.8","0.9","29032","10341","43002","7675","39.5","(X)","(X)","(X)","(X)","(X)","780","146","4.1","4.6","8.1","6.9","16.5","11.1","14.0","8.0","13.8","9.7","20.3","12.0","10.8","8.4","6.2","5.4","6.3","6.7","0.0","5.0","42286","16072","57091","11336","(X)","(X)","54.1","(X)","(X)","(X)","295","119","0.0","12.7","9.8","12.9","19.3","17.9","3.1","6.8","9.2","14.0","27.5","20.3","6.4","11.7","8.1","8.5","16.6","15.8","0.0","12.7","56542","30273","N","N","(X)","(X)","(X)","(X)","(X)","(X)","1284","393","31.2","15.5","10.0","9.8","14.2","13.8","6.7","6.8","24.0","16.2","4.7","4.0","2.6","2.5","5.5","4.6","0.0","3.1","1.2","1.4","23768","12911","33403","8578","(X)","(X)","(X)","(X)","30.0","(X)",
"1400000US25025081800","Census Tract 818, Suffolk County, Massachusetts","1373","221","22.4","10.0","9.9","5.8","15.2","7.7","7.6","5.1","10.3","6.7","10.6","6.7","5.0","4.6","13.8","9.1","2.3","2.1","2.9","3.1","31250","14425","50118","9866","52.2","(X)","(X)","(X)","(X)","(X)","714","166","12.3","9.7","0.0","5.4","22.4","13.7","8.0","6.5","13.4","11.5","5.7","7.2","6.6","7.5","24.2","16.2","1.7","2.6","5.6","5.9","43750","17509","66877","16945","(X)","(X)","59.2","(X)","(X)","(X)","159","80","6.9","12.7","0.0","22.0","0.0","22.0","5.7","8.8","33.3","29.8","6.3","8.9","11.9","14.8","18.9","16.8","7.5","11.6","9.4","16.1","-","**","N","N","(X)","(X)","(X)","(X)","(X)","(X)","659","176","34.9","15.3","20.6","12.1","5.8","5.1","9.0","8.6","5.2","6.6","15.8","11.1","3.3","5.2","3.9","3.4","1.5","2.4","0.0","5.9","13914","4815","30843","8822","(X)","(X)","(X)","(X)","44.6","(X)",
"1400000US25025081900","Census Tract 819, Suffolk County, Massachusetts","1529","336","18.7","8.9","8.8","6.1","7.3","6.2","11.0","6.1","4.4","3.8","10.9","6.9","4.9","4.8","6.5","4.5","5.6","5.3","21.8","16.2","49453","31432","97054","34830","48.7","(X)","(X)","(X)","(X)","(X)","892","283","11.3","9.6","1.3","2.3","9.4","10.0","10.0","8.4","7.4","6.6","8.3","8.4","8.4","8.1","8.6","6.9","9.6","8.9","25.6","24.6","81136","65764","104184","39481","(X)","(X)","60.8","(X)","(X)","(X)","341","271","0.0","11.1","0.0","11.1","0.0","11.1","1.2","3.1","2.9","5.5","6.5","15.1","0.0","11.1","4.4","7.9","25.2","28.1","59.8","43.7","210336","52981","N","N","(X)","(X)","(X)","(X)","(X)","(X)","637","204","29.0","15.4","19.3","13.3","4.2","3.8","12.4","9.6","2.0","3.2","14.6","11.3","0.0","6.1","3.6","4.2","0.0","6.1","14.8","17.7","-","**","83058","68500","(X)","(X)","(X)","(X)","31.7","(X)",
"1400000US25025082000","Census Tract 820, Suffolk County, Massachusetts","1285","183","11.2","6.4","4.8","4.6","5.1","4.4","16.2","9.0","4.0","4.3","11.6","6.5","12.5","7.5","15.2","7.9","9.1","5.9","10.3","9.9","65369","21202","87169","23289","60.9","(X)","(X)","(X)","(X)","(X)","869","157","9.9","8.8","2.5","4.0","5.6","5.7","15.8","11.6","3.8","3.9","6.7","7.1","12.4","9.2","16.6","10.7","13.5","9.2","13.2","14.0","80380","27237","101417","32145","(X)","(X)","66.9","(X)","(X)","(X)","345","172","5.5","8.3","0.0","10.9","0.0","10.9","17.1","15.6","4.9","7.2","0.0","10.9","7.2","9.6","30.4","21.4","1.4","2.7","33.3","29.1","116850","51356","N","N","(X)","(X)","(X)","(X)","(X)","(X)","416","113","13.9","10.2","9.6","11.8","3.8","6.0","17.1","15.3","4.6","10.1","21.9","16.8","12.7","11.1","12.3","11.8","0.0","9.2","4.1","7.0","50238","32546","57406","19130","(X)","(X)","(X)","(X)","48.6","(X)",
"1400000US25025082100","Census Tract 821, Suffolk County, Massachusetts","2201","308","12.2","8.2","13.7","6.7","25.4","11.5","7.3","5.4","9.8","7.1","7.1","5.5","6.1","5.5","10.6","8.2","5.3","5.4","2.5","3.0","24573","7541","53022","11651","39.8","(X)","(X)","(X)","(X)","(X)","1178","304","7.1","9.7","13.1","10.4","28.4","15.5","4.0","4.9","12.4","11.2","5.6","6.9","5.9","6.9","17.1","13.0","1.6","2.5","4.8","5.4","28351","18263","58647","17071","(X)","(X)","45.3","(X)","(X)","(X)","351","227","11.1","19.0","0.0","10.8","26.8","30.0","0.0","10.8","13.4","21.6","0.0","10.8","10.0","15.8","33.3","34.6","0.0","10.8","5.4","9.8","-","**","N","N","(X)","(X)","(X)","(X)","(X)","(X)","1023","279","18.0","11.4","14.4","10.8","21.9","18.2","11.0","11.4","7.9","7.4","8.9","8.8","5.3","7.9","3.1","5.1","9.5","10.8","0.0","3.8","22825","9176","45888","17808","(X)","(X)","(X)","(X)","32.4","(X)",
"1400000US25025090100","Census Tract 901, Suffolk County, Massachusetts","2002","331","18.8","11.9","6.1","4.0","14.8","6.4","17.6","6.3","7.0","3.6","14.1","5.3","8.8","4.6","10.6","4.7","1.6","1.7","0.6","0.9","33069","3693","50010","10252","56.7","(X)","(X)","(X)","(X)","(X)","1331","331","21.1","17.3","6.9","5.7","12.2","7.9","17.1","8.3","9.0","5.6","12.2","7.2","12.1","7.1","8.1","5.7","0.3","0.5","0.9","1.4","33139","8009","49583","14852","(X)","(X)","66.9","(X)","(X)","(X)","494","255","40.5","41.4","0.0","7.8","17.0","20.1","3.4","4.7","2.6","4.4","11.5","12.9","11.9","13.2","9.7","9.0","0.8","1.5","2.4","4.3","-","**","N","N","(X)","(X)","(X)","(X)","(X)","(X)","671","133","14.8","9.4","4.6","3.9","23.5","12.1","19.2","10.1","4.0","4.5","16.1","10.4","2.2","3.6","14.5","8.4","1.0","1.9","0.0","5.8","31276","6619","45368","8747","(X)","(X)","(X)","(X)","35.9","(X)",
"1400000US25025090200","Census Tract 902, Suffolk County, Massachusetts","730","89","24.8","7.6","9.9","6.3","10.4","5.8","13.8","10.3","10.1","6.3","17.9","9.1","6.7","4.9","5.9","4.4","0.0","5.3","0.4","2.3","28462","9269","37359","9089","30.1","(X)","(X)","(X)","(X)","(X)","498","87","21.7","12.0","7.0","7.1","8.4","6.3","13.1","14.6","15.3","9.4","19.9","11.6","5.4","4.7","8.6","6.3","0.0","7.7","0.6","3.4","34773","11855","41620","11081","(X)","(X)","30.1","(X)","(X)","(X)","182","74","0.0","19.6","19.2","17.8","2.2","6.2","13.2","18.9","0.0","19.6","42.3","18.9","12.1","11.9","9.3","10.1","0.0","19.6","1.6","8.8","54167","16827","N","N","(X)","(X)","(X)","(X)","(X)","(X)","232","70","31.5","16.1","15.9","13.0","14.7","11.9","15.5","17.0","1.3","2.0","11.6","16.1","9.5","11.0","0.0","15.8","0.0","15.8","0.0","15.8","15833","11476","28037","12118","(X)","(X)","(X)","(X)","30.2","(X)",
"1400000US25025090300","Census Tract 903, Suffolk County, Massachusetts","1135","162","16.5","8.9","9.3","5.8","7.5","5.6","21.4","9.0","5.9","3.7","19.2","7.3","5.2","4.5","7.5","5.2","7.5","8.0","0.0","3.5","32247","6730","51695","15336","55.1","(X)","(X)","(X)","(X)","(X)","680","164","11.8","9.1","0.0","5.7","12.5","9.2","20.4","13.0","5.7","4.4","28.4","11.1","11.8","12.9","6.0","5.5","3.4","3.7","0.0","5.7","44583","26457","51528","10599","(X)","(X)","59.7","(X)","(X)","(X)","133","84","8.3","13.0","0.0","25.5","12.8","22.6","38.3","30.8","4.5","9.7","22.6","30.5","0.0","25.5","3.8","10.8","9.8","13.3","0.0","25.5","31887","9168","N","N","(X)","(X)","(X)","(X)","(X)","(X)","455","134","23.5","15.1","23.3","14.1","0.0","8.4","22.9","14.5","6.2","7.1","10.5","8.7","9.0","8.6","4.6","7.5","0.0","8.4","0.0","8.4","28843","24349","33420","9775","(X)","(X)","(X)","(X)","48.1","(X)",
"1400000US25025090400","Census Tract 904, Suffolk County, Massachusetts","1388","200","3.7","3.9","11.6","8.6","22.0","8.7","9.0","6.2","5.6","5.6","15.6","7.9","12.5","7.3","12.0","6.5","2.4","2.0","5.7","5.0","47955","23803","63817","11611","72.2","(X)","(X)","(X)","(X)","(X)","1050","203","5.0","5.1","9.0","10.0","19.9","9.8","9.3","7.2","6.1","6.7","12.1","8.5","15.2","9.0","15.8","8.8","3.1","2.6","4.5","4.9","50465","24098","66735","12442","(X)","(X)","81.4","(X)","(X)","(X)","523","178","0.0","7.4","18.0","18.7","7.3","8.6","4.8","6.1","10.1","13.0","14.9","12.4","12.8","13.8","21.6","14.6","4.8","4.7","5.7","8.5","66250","36920","N","N","(X)","(X)","(X)","(X)","(X)","(X)","338","118","0.0","11.1","19.8","17.9","28.4","20.1","11.5","14.8","4.1","6.0","22.8","18.1","3.8","6.2","0.0","11.1","0.0","11.1","9.5","14.1","-","**","53623","32497","(X)","(X)","(X)","(X)","43.5","(X)",
"1400000US25025090600","Census Tract 906, Suffolk County, Massachusetts","852","136","9.7","5.4","10.9","10.7","11.2","5.6","4.3","3.5","17.5","8.0","17.5","6.6","8.8","4.6","7.9","4.3","6.5","4.0","5.8","4.9","44667","10284","66429","15794","50.0","(X)","(X)","(X)","(X)","(X)","516","106","3.9","3.3","10.9","15.2","5.0","5.7","4.3","4.6","14.0","8.7","23.3","9.7","10.1","5.9","10.7","6.2","9.9","6.2","8.1","7.1","53929","17808","81633","20201","(X)","(X)","51.9","(X)","(X)","(X)","254","103","0.0","14.5","22.0","28.0","0.0","14.5","3.5","5.0","6.7","7.9","15.0","14.8","5.9","6.2","17.7","11.5","16.9","13.6","12.2","13.7","91250","70559","N","N","(X)","(X)","(X)","(X)","(X)","(X)","336","99","18.8","12.0","11.0","14.4","20.5","10.9","8.3","7.8","27.4","15.5","4.8","6.2","2.4","3.5","3.6","5.3","3.3","5.4","0.0","11.2","24792","17881","35148","11216","(X)","(X)","(X)","(X)","47.0","(X)",
"1400000US25025090700","Census Tract 907, Suffolk County, Massachusetts","1632","163","7.0","5.0","11.2","7.0","5.6","3.3","3.4","3.0","4.4","3.7","13.1","5.4","8.0","4.0","8.9","3.6","18.5","5.7","20.0","6.1","87368","28164","112222","13822","37.8","(X)","(X)","(X)","(X)","(X)","753","149","0.0","5.2","13.5","12.4","5.2","5.1","0.8","2.0","2.3","3.4","12.0","8.1","10.1","6.7","9.7","6.0","19.5","10.4","27.0","11.4","129896","67364","132484","27500","(X)","(X)","30.1","(X)","(X)","(X)","393","111","0.0","9.7","0.0","9.7","4.3","7.2","0.0","9.7","0.0","9.7","7.9","8.8","14.0","11.7","15.5","10.3","22.1","13.2","36.1","17.5","159688","27478","N","N","(X)","(X)","(X)","(X)","(X)","(X)","879","154","13.1","9.0","11.3","7.6","5.9","4.1","3.4","3.4","6.1","6.0","14.3","6.9","6.1","4.6","8.3","5.2","17.6","8.5","13.8","6.6","70625","22399","93888","15194","(X)","(X)","(X)","(X)","44.4","(X)",
"1400000US25025090901","Census Tract 909.01, Suffolk County, Massachusetts","1326","143","27.5","6.6","10.4","5.1","10.9","5.1","11.0","4.7","10.0","5.1","9.6","4.2","6.8","3.8","7.5","4.8","5.4","4.2","1.0","1.5","25685","9039","45617","9252","42.0","(X)","(X)","(X)","(X)","(X)","456","112","5.9","6.6","10.5","7.5","22.8","11.3","11.2","6.8","9.0","8.0","6.8","5.5","15.6","9.0","9.2","9.6","6.1","7.3","2.9","4.2","34583","20948","62838","18062","(X)","(X)","53.9","(X)","(X)","(X)","201","75","7.5","11.7","9.0","9.7","12.4","16.1","12.4","9.6","0.0","17.9","10.9","10.6","16.9","13.2","20.9","19.4","3.5","5.7","6.5","9.6","64063","58115","N","N","(X)","(X)","(X)","(X)","(X)","(X)","870","132","38.7","9.1","10.3","6.2","5.1","4.8","10.9","6.7","11.6","5.9","10.6","5.8","1.1","1.5","6.6","4.6","5.1","4.8","0.0","4.5","16111","14866","35958","9335","(X)","(X)","(X)","(X)","34.7","(X)",
"1400000US25025091001","Census Tract 910.01, Suffolk County, Massachusetts","1354","240","1.3","2.3","5.5","4.9","4.7","3.6","2.5","2.1","15.3","8.7","5.4","3.3","12.5","9.5","29.0","10.4","14.2","6.7","9.7","5.1","104821","28247","112492","18518","26.7","(X)","(X)","(X)","(X)","(X)","561","203","3.0","5.4","0.0","6.9","2.1","3.6","2.1","3.3","24.1","17.4","5.0","5.6","24.8","20.8","20.0","11.5","7.0","7.4","11.9","8.9","76839","29284","111170","34790","(X)","(X)","35.5","(X)","(X)","(X)","467","193","0.0","8.2","0.0","8.2","2.6","4.4","2.6","4.1","23.1","19.2","0.0","8.2","26.8","23.4","24.0","14.2","8.4","8.9","12.6","10.1","96023","47614","N","N","(X)","(X)","(X)","(X)","(X)","(X)","793","185","0.0","4.9","9.3","7.7","6.6","5.4","2.8","2.6","9.1","7.1","5.7","4.8","5.5","4.6","35.3","13.4","17.5","9.4","8.2","6.9","120823","24794","111636","19360","(X)","(X)","(X)","(X)","20.6","(X)",
"1400000US25025091100","Census Tract 911, Suffolk County, Massachusetts","1963","260","6.6","6.5","1.3","1.3","10.2","6.5","8.3","4.5","7.3","3.3","9.2","4.2","11.9","5.1","20.5","6.2","14.1","5.8","10.6","4.1","89267","15933","104594","13917","34.0","(X)","(X)","(X)","(X)","(X)","765","173","0.8","1.4","0.0","5.1","0.9","1.4","5.4","6.0","11.0","6.4","12.0","8.2","15.7","8.4","26.1","11.7","11.8","13.0","16.3","8.0","119250","33142","128577","17681","(X)","(X)","24.7","(X)","(X)","(X)","507","152","1.2","2.2","0.0","7.6","1.4","2.2","5.3","7.8","9.7","7.4","12.0","9.5","16.6","10.8","22.3","12.6","17.8","19.0","13.8","8.3","118750","41880","N","N","(X)","(X)","(X)","(X)","(X)","(X)","1198","234","10.4","10.3","2.2","2.1","16.2","10.2","10.1","5.8","4.9","3.7","8.2","5.3","11.8","6.6","13.8","7.2","15.5","6.3","7.0","4.9","69444","34080","88012","18606","(X)","(X)","(X)","(X)","40.0","(X)",
"1400000US25025091200","Census Tract 912, Suffolk County, Massachusetts","1241","177","11.1","6.3","7.3","7.2","5.9","3.9","4.4","3.1","4.8","4.2","9.7","6.0","4.4","2.9","28.2","10.7","9.5","4.7","14.7","5.3","101773","27233","107065","16267","37.6","(X)","(X)","(X)","(X)","(X)","563","140","14.6","9.6","11.4","14.0","5.0","6.0","3.9","3.3","3.4","4.7","8.3","5.7","6.4","6.4","25.4","12.0","9.6","7.3","12.1","6.1","97829","54243","98810","22644","(X)","(X)","29.5","(X)","(X)","(X)","408","111","7.8","8.5","2.5","4.3","6.9","8.0","2.5","2.9","0.0","9.3","9.3","6.8","8.8","8.4","32.4","14.5","13.2","9.6","16.7","8.1","118750","17515","N","N","(X)","(X)","(X)","(X)","(X)","(X)","678","183","11.8","9.5","3.8","5.0","3.1","3.7","4.9","5.0","5.9","7.4","10.8","8.9","5.6","4.5","27.7","17.1","9.4","6.8","17.0","7.9","101628","39487","112317","23803","(X)","(X)","(X)","(X)","44.2","(X)",
"1400000US25025091300","Census Tract 913, Suffolk County, Massachusetts","843","114","12.9","6.7","10.3","6.4","11.7","6.8","6.0","4.2","18.1","7.9","10.6","5.4","13.4","5.4","5.5","3.6","6.8","6.5","4.6","3.6","43151","4003","63915","14240","54.7","(X)","(X)","(X)","(X)","(X)","543","118","5.2","5.4","8.3","8.0","13.8","9.7","9.4","6.1","19.0","10.1","13.4","7.5","14.9","7.2","5.7","4.4","9.2","9.9","1.1","1.5","44570","8110","63606","16205","(X)","(X)","58.4","(X)","(X)","(X)","132","48","3.8","6.8","7.6","12.3","13.6","17.1","3.0","6.2","5.3","8.3","7.6","12.1","43.2","23.4","9.8","13.7","1.5","5.8","4.5","6.2","85469","29307","N","N","(X)","(X)","(X)","(X)","(X)","(X)","300","79","27.0","14.7","14.0","10.4","8.0","7.8","0.0","12.5","16.7","12.0","10.3","9.4","5.7","8.8","7.3","7.4","2.3","3.5","8.7","9.0","-","**","58821","24088","(X)","(X)","(X)","(X)","43.7","(X)",
"1400000US25025091400","Census Tract 914, Suffolk County, Massachusetts","1087","155","8.2","5.0","15.4","8.2","9.0","4.6","8.5","4.8","11.5","5.3","18.6","7.8","8.5","9.8","9.2","4.9","6.3","3.3","5.0","2.7","45486","19095","83037","24054","36.9","(X)","(X)","(X)","(X)","(X)","761","171","2.5","2.7","10.2","8.7","7.4","6.6","7.8","5.0","14.3","7.2","24.0","9.9","11.2","13.3","10.8","6.3","8.1","4.5","3.7","3.1","56745","15187","83674","22761","(X)","(X)","41.4","(X)","(X)","(X)","300","130","0.0","12.5","2.0","3.0","0.0","12.5","4.7","5.7","19.0","14.6","21.7","16.2","22.3","29.5","7.3","7.5","17.3","11.5","5.7","6.6","75299","11299","N","N","(X)","(X)","(X)","(X)","(X)","(X)","326","89","21.5","13.6","27.3","16.2","13.8","11.2","10.1","10.4","4.0","4.2","5.8","6.3","4.0","5.8","5.5","8.2","2.1","3.3","5.8","5.6","15714","10620","76000","56419","(X)","(X)","(X)","(X)","26.4","(X)",
"1400000US25025091500","Census Tract 915, Suffolk County, Massachusetts","1611","175","15.8","5.4","5.7","4.1","11.1","4.9","6.7","4.3","7.1","4.6","21.6","8.1","9.5","4.6","8.1","4.2","7.1","4.2","7.3","4.2","53380","8141","86682","25101","45.9","(X)","(X)","(X)","(X)","(X)","957","140","13.7","8.6","4.2","4.9","10.7","7.1","6.8","5.3","12.1","7.9","20.8","9.3","12.7","6.9","10.8","6.2","3.4","2.8","4.8","3.9","53678","16812","82779","31505","(X)","(X)","49.6","(X)","(X)","(X)","471","126","12.3","13.9","0.0","8.1","5.1","7.7","5.1","5.8","14.6","12.7","17.0","13.5","18.9","12.4","13.2","10.4","7.0","5.6","6.8","6.4","68523","18712","N","N","(X)","(X)","(X)","(X)","(X)","(X)","654","150","25.7","10.7","8.0","7.2","8.6","7.5","6.6","6.0","3.4","3.7","22.8","13.5","1.8","3.2","5.7","5.2","6.7","8.2","10.9","7.5","41563","31734","83404","33507","(X)","(X)","(X)","(X)","32.1","(X)",
"1400000US25025091600","Census Tract 916, Suffolk County, Massachusetts","1034","139","5.1","5.3","7.4","5.2","19.1","10.0","5.0","5.3","9.1","7.5","15.1","10.7","19.1","9.2","7.1","4.4","9.4","9.4","3.8","4.9","61299","23160","68619","15607","41.7","(X)","(X)","(X)","(X)","(X)","562","134","0.0","6.9","5.7","7.4","19.6","14.5","17.6","13.4","6.8","8.8","7.3","7.8","20.6","12.7","2.0","2.5","14.9","16.9","5.5","9.2","50139","39184","73635","26752","(X)","(X)","44.1","(X)","(X)","(X)","243","126","0.0","15.1","6.6","12.6","1.2","3.0","2.1","3.5","0.0","15.1","0.0","15.1","40.3","28.7","2.5","4.3","34.6","33.3","12.8","18.8","-","**","N","N","(X)","(X)","(X)","(X)","(X)","(X)","472","121","11.2","11.8","9.3","8.0","18.4","11.9","6.4","5.9","11.9","10.2","8.1","11.5","17.2","12.7","13.1","9.5","2.8","4.4","1.7","2.3","43600","34375","56908","13892","(X)","(X)","(X)","(X)","22.5","(X)",
"1400000US25025091700","Census Tract 917, Suffolk County, Massachusetts","979","129","5.3","3.7","6.2","4.2","6.9","4.7","8.2","5.3","7.0","4.5","29.3","11.4","12.5","6.8","16.2","7.4","2.6","2.5","5.7","4.3","54564","10957","76452","12998","54.1","(X)","(X)","(X)","(X)","(X)","772","130","4.1","3.8","6.6","5.0","2.8","3.6","11.4","9.2","9.7","7.1","30.1","12.5","14.0","8.0","12.6","6.0","2.5","3.0","6.2","4.9","55357","17045","73527","12279","(X)","(X)","57.3","(X)","(X)","(X)","286","120","0.0","13.0","7.7","7.5","2.4","4.4","5.9","8.7","19.2","16.3","35.0","23.2","11.5","10.4","11.5","10.3","0.0","13.0","6.6","8.0","54926","19081","N","N","(X)","(X)","(X)","(X)","(X)","(X)","207","86","9.7","10.8","4.8","7.9","22.2","16.5","15.0","15.2","8.7","9.7","5.3","7.7","10.1","11.8","21.3","22.9","2.9","4.6","0.0","17.5","32218","27825","53642","21424","(X)","(X)","(X)","(X)","42.5","(X)",
"1400000US25025091800","Census Tract 918, Suffolk County, Massachusetts","1275","176","20.1","9.6","5.9","3.6","17.5","8.3","3.9","3.4","10.7","6.9","10.3","7.5","14.1","8.1","13.5","7.2","2.9","4.7","1.1","1.6","35997","18706","54175","12534","57.4","(X)","(X)","(X)","(X)","(X)","777","151","12.4","11.2","5.0","4.9","15.4","9.6","5.8","5.4","8.8","7.1","11.8","8.2","16.5","10.9","17.8","10.6","4.8","7.7","1.8","2.5","63310","36418","68142","18421","(X)","(X)","65.4","(X)","(X)","(X)","205","111","26.3","35.0","0.0","17.6","0.0","17.6","6.3","11.1","0.0","17.6","11.2","14.9","12.7","19.3","42.0","32.5","0.0","17.6","1.5","4.3","96202","77860","N","N","(X)","(X)","(X)","(X)","(X)","(X)","498","144","32.1","17.3","9.0","7.6","21.5","15.1","1.0","1.9","13.9","11.6","12.0","14.1","10.4","10.3","0.0","7.7","0.0","7.7","0.0","7.7","17115","6065","27842","9651","(X)","(X)","(X)","(X)","38.2","(X)",
"1400000US25025091900","Census Tract 919, Suffolk County, Massachusetts","1355","188","8.2","5.3","9.4","5.8","6.3","4.6","12.0","7.0","9.7","6.0","19.9","8.6","8.9","5.7","10.0","5.7","6.2","4.4","9.5","6.6","51534","7280","78079","16249","52.5","(X)","(X)","(X)","(X)","(X)","947","174","4.2","4.7","6.4","6.1","8.3","6.8","8.0","7.4","9.8","7.1","17.8","9.2","9.8","7.2","13.0","7.7","14.7","9.9","7.8","5.1","60859","42017","91129","16753","(X)","(X)","54.6","(X)","(X)","(X)","386","147","0.0","9.8","0.0","9.8","0.0","9.8","9.3","14.3","10.6","11.8","17.9","15.6","10.6","11.1","11.4","9.7","28.5","19.6","11.7","10.7","101667","54743","N","N","(X)","(X)","(X)","(X)","(X)","(X)","408","150","17.4","13.6","16.2","14.2","5.1","6.5","17.6","16.4","9.6","11.0","24.5","20.6","6.6","7.8","2.9","5.2","0.0","9.3","0.0","9.3","28000","21365","36700","11122","(X)","(X)","(X)","(X)","47.5","(X)",
"1400000US25025092000","Census Tract 920, Suffolk County, Massachusetts","1774","198","5.5","3.1","10.7","4.6","7.3","4.0","3.7","3.3","17.9","8.8","14.9","5.5","10.7","5.0","17.4","5.9","5.7","3.5","6.1","5.6","57000","15455","81679","15884","47.6","(X)","(X)","(X)","(X)","(X)","1334","170","4.5","3.9","7.2","5.8","6.0","4.1","6.7","5.4","18.1","10.8","16.1","6.8","11.5","5.6","19.2","7.2","7.3","4.6","3.4","3.7","65561","16357","78212","11830","(X)","(X)","48.9","(X)","(X)","(X)","555","137","0.0","6.9","11.5","12.1","4.7","5.4","10.6","9.8","8.6","7.7","8.8","7.6","22.3","10.0","21.1","10.3","9.7","6.2","2.5","3.9","77250","22355","N","N","(X)","(X)","(X)","(X)","(X)","(X)","440","145","13.6","8.8","21.4","11.8","11.1","9.4","3.4","5.5","13.0","11.8","15.7","9.7","0.0","8.7","7.5","8.0","0.0","8.7","14.3","18.2","37763","32557","79928","55868","(X)","(X)","(X)","(X)","38.6","(X)",
"1400000US25025092101","Census Tract 921.01, Suffolk County, Massachusetts","2755","431","2.0","1.9","14.8","9.7","17.5","8.4","5.8","3.6","7.1","4.0","10.5","5.9","13.9","6.9","13.4","6.0","7.3","4.0","7.8","4.3","55769","16941","75753","12410","43.2","(X)","(X)","(X)","(X)","(X)","1439","268","2.8","3.3","4.5","4.9","13.8","8.5","8.2","6.5","13.4","9.9","14.2","8.3","17.6","11.6","15.3","9.0","5.9","5.1","4.2","3.3","57166","26004","75747","12438","(X)","(X)","52.8","(X)","(X)","(X)","708","212","0.0","5.5","5.2","7.3","16.0","11.8","5.2","6.4","13.0","15.2","17.8","12.0","15.5","10.4","12.9","11.1","5.9","6.1","8.5","6.6","63800","24016","N","N","(X)","(X)","(X)","(X)","(X)","(X)","1316","406","3.1","3.5","26.1","16.7","28.0","15.9","3.2","4.1","9.6","7.8","0.0","3.0","5.6","4.5","10.3","8.2","6.3","4.8","7.8","6.7","21643","11111","59530","20293","(X)","(X)","(X)","(X)","27.1","(X)",
"1400000US25025092200","Census Tract 922, Suffolk County, Massachusetts","1126","154","8.3","4.6","0.9","1.5","7.0","4.9","5.0","3.5","9.3","6.9","16.7","6.6","8.6","6.4","22.9","7.2","11.2","8.8","10.0","5.8","80375","25729","99906","16099","45.3","(X)","(X)","(X)","(X)","(X)","735","128","0.4","1.1","1.4","2.3","5.4","6.3","4.1","3.7","7.8","8.3","20.0","8.5","14.4","9.0","19.9","8.9","15.9","13.1","10.7","7.6","96118","20553","107710","16585","(X)","(X)","51.7","(X)","(X)","(X)","337","76","0.0","11.2","3.0","5.0","0.0","11.2","3.0","5.4","0.0","11.2","13.6","10.4","16.3","16.1","30.6","15.3","10.1","10.0","23.4","15.4","122396","28025","N","N","(X)","(X)","(X)","(X)","(X)","(X)","391","107","23.3","12.2","0.0","9.7","10.0","6.9","6.6","6.1","12.3","11.0","14.1","10.8","10.7","10.2","12.0","8.9","2.3","3.4","8.7","8.7","45729","23176","81480","35328","(X)","(X)","(X)","(X)","33.2","(X)",
"1400000US25025092300","Census Tract 923, Suffolk County, Massachusetts","1067","138","8.2","4.8","3.3","2.9","12.5","5.9","11.1","7.2","3.7","3.0","11.5","6.0","23.5","7.4","11.8","6.8","11.3","5.1","3.1","2.5","72171","16675","76632","9066","59.7","(X)","(X)","(X)","(X)","(X)","744","112","3.2","2.8","1.9","3.1","10.5","6.1","7.9","5.1","4.4","4.0","16.0","8.4","25.5","9.1","19.2","7.8","8.6","4.7","2.7","2.9","79265","6556","84376","9835","(X)","(X)","59.3","(X)","(X)","(X)","241","87","2.5","3.7","0.0","15.2","5.4","8.5","11.2","10.0","6.6","6.6","10.0","9.4","25.3","13.8","16.6","12.3","14.1","10.4","8.3","8.2","81595","14435","N","N","(X)","(X)","(X)","(X)","(X)","(X)","323","94","19.5","14.1","6.5","6.2","17.0","13.8","21.7","16.6","2.2","3.1","5.6","8.6","11.1","9.4","12.1","15.6","4.3","7.2","0.0","11.6","26278","7770","46392","17125","(X)","(X)","(X)","(X)","54.8","(X)",
"1400000US25025092400","Census Tract 924, Suffolk County, Massachusetts","2099","299","9.5","6.4","9.4","5.3","23.7","9.2","8.9","5.5","12.3","6.7","8.1","4.8","6.9","4.8","14.6","8.6","3.2","3.6","3.5","3.8","31909","12107","57949","10409","53.0","(X)","(X)","(X)","(X)","(X)","1622","302","9.4","8.1","7.6","5.2","22.3","10.9","10.3","6.2","12.0","8.1","11.0","6.5","14.0","10.3","8.0","7.1","1.0","1.9","4.5","4.9","36167","18100","53957","11889","(X)","(X)","53.5","(X)","(X)","(X)","448","228","13.2","15.0","0.0","8.5","0.0","8.5","0.0","8.5","3.3","8.9","12.3","14.2","34.8","31.9","17.4","17.5","2.7","5.0","16.3","17.4","84022","19347","N","N","(X)","(X)","(X)","(X)","(X)","(X)","477","189","10.1","9.9","20.3","16.1","28.3","17.2","8.8","13.9","8.6","10.4","3.6","6.9","0.0","8.0","20.3","19.6","0.0","8.0","0.0","8.0","22642","8857","47307","24384","(X)","(X)","(X)","(X)","51.4","(X)",
"1400000US25025100100","Census Tract 1001, Suffolk County, Massachusetts","2100","240","15.3","7.1","9.3","4.6","13.0","5.9","15.1","6.9","11.1","5.6","10.0","6.3","7.5","4.7","12.0","6.8","2.8","2.7","3.8","3.6","31071","9826","53702","10270","39.7","(X)","(X)","(X)","(X)","(X)","1644","234","8.6","6.0","4.7","3.7","14.0","7.1","20.4","8.6","12.2","6.5","10.5","6.8","8.2","5.4","14.2","8.8","2.4","2.8","4.8","4.6","35969","9323","60033","11651","(X)","(X)","41.6","(X)","(X)","(X)","507","190","0.0","7.6","1.8","3.0","2.0","3.3","11.6","11.7","18.7","13.7","6.7","10.6","11.0","10.0","29.0","20.0","7.9","8.4","11.2","12.2","96313","46389","N","N","(X)","(X)","(X)","(X)","(X)","(X)","456","159","39.7","21.4","25.9","16.0","9.4","7.0","3.9","6.6","7.5","8.7","0.2","0.6","9.4","9.8","3.9","6.4","0.0","8.4","0.0","8.4","11546","3277","24584","10344","(X)","(X)","(X)","(X)","29.2","(X)",
"1400000US25025100200","Census Tract 1002, Suffolk County, Massachusetts","1068","148","5.9","3.6","6.9","3.9","7.5","4.4","3.8","3.0","15.4","6.6","24.1","8.2","11.0","6.1","17.6","9.8","6.3","4.7","1.5","1.7","61221","8290","72743","9400","52.0","(X)","(X)","(X)","(X)","(X)","820","128","5.9","4.2","6.6","4.7","6.6","4.4","2.9","3.1","15.1","6.4","24.8","8.3","11.7","7.8","18.2","12.2","6.3","5.3","2.0","2.2","61047","7448","74183","10612","(X)","(X)","52.1","(X)","(X)","(X)","277","114","0.0","13.4","4.3","6.9","7.2","8.5","4.3","6.4","12.6","10.6","18.1","12.1","8.3","10.0","35.0","28.2","10.1","13.0","0.0","13.4","86979","56844","N","N","(X)","(X)","(X)","(X)","(X)","(X)","248","102","6.0","7.9","8.1","7.7","10.5","9.8","6.9","7.9","16.5","13.5","31.0","25.4","4.8","7.8","14.5","13.1","1.6","3.0","0.0","14.9","55962","27177","57710","13246","(X)","(X)","(X)","(X)","42.7","(X)",
"1400000US25025100300","Census Tract 1003, Suffolk County, Massachusetts","1343","176","12.8","6.1","4.0","4.0","7.6","5.3","13.7","7.5","6.5","5.2","15.0","10.7","17.9","8.9","14.7","6.4","2.1","3.1","5.7","4.0","68209","22241","77922","15366","54.4","(X)","(X)","(X)","(X)","(X)","970","194","11.6","6.8","5.6","5.8","1.0","1.8","10.9","7.6","9.3","5.8","16.8","13.7","24.9","12.4","14.3","7.6","1.3","2.1","4.1","4.5","71262","13888","72347","10830","(X)","(X)","52.0","(X)","(X)","(X)","358","191","0.0","10.6","0.0","10.6","0.0","10.6","0.0","10.6","0.0","10.6","27.9","31.5","32.4","25.9","26.3","18.2","3.6","5.8","9.8","13.5","91136","31703","N","N","(X)","(X)","(X)","(X)","(X)","(X)","373","110","15.8","14.0","0.0","10.2","27.3","17.1","19.8","15.1","8.8","11.0","8.8","9.2","5.9","9.7","3.2","4.8","7.5","10.6","2.7","4.7","32623","11307","71956","51738","(X)","(X)","(X)","(X)","44.0","(X)",
"1400000US25025100400","Census Tract 1004, Suffolk County, Massachusetts","1933","278","14.7","7.8","4.3","4.3","9.8","5.4","6.9","4.0","4.1","3.8","5.9","4.1","10.8","5.5","26.0","8.6","12.4","9.3","5.1","3.1","89556","21460","90841","15912","44.6","(X)","(X)","(X)","(X)","(X)","1400","300","14.1","10.2","1.1","1.8","12.1","6.9","2.4","2.4","3.4","2.7","7.0","5.9","10.1","6.4","27.9","11.3","17.1","12.1","4.6","3.2","94519","18747","94505","18139","(X)","(X)","47.8","(X)","(X)","(X)","669","250","0.0","5.8","2.4","3.8","8.4","9.4","3.3","4.6","0.0","5.8","0.4","1.4","13.0","9.7","37.2","16.6","28.1","23.1","7.2","5.7","136250","36615","N","N","(X)","(X)","(X)","(X)","(X)","(X)","533","156","16.3","13.0","12.6","14.4","3.8","4.1","18.6","12.2","8.1","9.6","12.0","10.2","1.7","2.7","20.8","12.5","0.0","7.2","6.2","6.6","34583","14143","76064","33404","(X)","(X)","(X)","(X)","36.2","(X)",
"1400000US25025100500","Census Tract 1005, Suffolk County, Massachusetts","2560","396","14.7","7.0","14.8","12.1","11.7","6.6","5.2","4.4","8.9","6.5","9.5","4.9","8.2","4.2","8.5","4.7","12.5","6.7","5.9","3.1","39466","17495","73591","15226","38.0","(X)","(X)","(X)","(X)","(X)","1532","226","8.0","6.0","7.1","5.6","8.9","7.9","4.3","5.8","16.1","11.2","8.3","5.7","11.8","7.7","11.9","6.7","16.9","10.0","6.6","3.8","58750","45557","90369","16269","(X)","(X)","38.6","(X)","(X)","(X)","922","185","0.0","4.2","5.3","4.6","0.0","4.2","7.2","9.7","14.4","13.7","3.0","3.8","15.4","11.0","15.6","9.3","28.1","16.5","11.0","6.3","123950","46626","N","N","(X)","(X)","(X)","(X)","(X)","(X)","1028","419","24.6","15.7","26.3","25.9","16.0","12.6","6.5","7.8","1.8","3.5","7.7","8.1","6.3","5.3","3.3","4.3","4.5","5.0","3.0","4.1","12417","11507","40155","16967","(X)","(X)","(X)","(X)","29.7","(X)",
"1400000US25025100601","Census Tract 1006.01, Suffolk County, Massachusetts","2087","254","2.6","3.1","0.9","1.7","9.0","6.0","3.8","3.0","9.4","5.6","12.1","7.2","19.6","9.2","23.2","9.6","10.2","7.6","9.2","4.6","92714","11556","100358","12398","39.8","(X)","(X)","(X)","(X)","(X)","1314","242","2.5","4.1","3.3","3.9","8.4","7.4","2.6","3.3","13.9","8.0","13.2","9.5","19.2","11.7","21.0","11.0","7.2","6.3","8.7","5.8","78438","22549","92586","14688","(X)","(X)","45.1","(X)","(X)","(X)","766","229","4.3","6.7","0.0","5.1","9.4","10.6","4.4","5.7","6.1","6.3","6.3","6.4","18.0","10.5","28.7","15.4","12.3","10.9","10.4","8.2","107882","25882","N","N","(X)","(X)","(X)","(X)","(X)","(X)","773","208","2.7","4.4","0.0","5.0","10.1","10.7","2.5","3.3","6.5","8.4","12.2","12.2","19.1","17.5","24.3","16.4","15.3","14.5","7.4","7.9","98892","12429","104050","23647","(X)","(X)","(X)","(X)","30.9","(X)",
"1400000US25025100603","Census Tract 1006.03, Suffolk County, Massachusetts","854","119","3.2","2.9","1.3","1.5","0.0","4.6","6.4","5.1","7.3","5.5","14.8","6.5","19.4","7.7","19.4","9.1","15.6","6.4","12.6","5.4","92411","22241","112445","11139","32.0","(X)","(X)","(X)","(X)","(X)","442","114","0.9","1.5","0.9","1.6","0.0","8.6","1.6","2.9","10.0","6.6","12.7","7.9","26.2","12.5","25.3","13.9","14.5","8.4","7.9","5.3","93684","38980","112403","11327","(X)","(X)","42.8","(X)","(X)","(X)","232","72","1.7","2.9","0.0","15.8","0.0","15.8","0.0","15.8","5.2","6.1","21.1","14.1","23.7","17.4","19.4","11.9","16.8","10.5","12.1","9.4","94474","56581","N","N","(X)","(X)","(X)","(X)","(X)","(X)","412","89","5.6","5.8","1.7","2.5","0.0","9.2","11.7","9.3","6.6","7.4","14.8","8.8","12.1","6.3","17.5","11.1","12.4","10.0","17.7","9.6","89375","32297","110514","21300","(X)","(X)","(X)","(X)","20.4","(X)",
"1400000US25025100700","Census Tract 1007, Suffolk County, Massachusetts","1792","167","4.3","2.8","1.9","1.4","4.5","3.4","8.6","5.5","3.7","2.9","9.7","5.2","9.2","4.5","25.1","6.6","11.4","4.5","21.6","6.7","113603","20636","154736","27601","36.0","(X)","(X)","(X)","(X)","(X)","1023","160","0.0","3.8","0.0","3.8","4.1","3.8","10.2","9.2","0.0","3.8","3.8","3.5","5.6","4.8","30.4","9.2","12.1","6.0","33.8","9.7","147394","17886","202301","42195","(X)","(X)","40.0","(X)","(X)","(X)","837","143","0.0","4.7","0.0","4.7","0.0","4.7","12.4","10.8","0.0","4.7","3.0","3.2","6.8","5.8","28.7","9.9","14.5","7.4","34.6","10.7","147182","36103","N","N","(X)","(X)","(X)","(X)","(X)","(X)","769","154","10.0","6.2","4.4","3.4","4.9","6.1","6.6","5.4","8.7","7.0","17.6","10.5","13.9","8.8","18.1","9.8","10.4","6.8","5.3","6.4","70880","18908","91149","27883","(X)","(X)","(X)","(X)","30.7","(X)",
"1400000US25025100800","Census Tract 1008, Suffolk County, Massachusetts","2854","350","7.8","4.4","5.0","3.7","2.9","3.1","8.6","5.3","12.6","7.0","10.8","6.5","8.3","4.5","19.8","6.8","12.2","4.1","12.0","6.1","82054","25896","102210","14246","33.4","(X)","(X)","(X)","(X)","(X)","1526","315","6.7","6.2","0.0","2.6","1.2","2.1","6.4","4.5","4.3","4.4","8.5","8.5","12.6","7.4","27.9","10.0","18.2","9.5","14.3","8.2","109722","25051","125962","18342","(X)","(X)","36.7","(X)","(X)","(X)","926","236","9.0","9.8","0.0","4.2","0.0","4.2","3.8","4.2","3.8","4.4","1.4","2.4","14.9","10.4","26.3","11.6","17.3","11.4","23.5","12.3","133682","20000","N","N","(X)","(X)","(X)","(X)","(X)","(X)","1328","303","10.5","7.0","10.8","7.7","4.9","6.2","11.1","9.6","22.2","13.9","12.0","9.5","5.0","4.1","10.5","5.9","8.7","6.5","4.3","3.7","43676","9349","66327","14320","(X)","(X)","(X)","(X)","29.6","(X)",
"1400000US25025100900","Census Tract 1009, Suffolk County, Massachusetts","1669","194","3.7","3.0","2.3","2.9","2.6","2.5","4.7","3.6","8.7","4.9","10.8","4.6","24.6","9.2","18.6","6.2","12.2","6.4","11.6","5.2","93359","9281","119548","19262","40.1","(X)","(X)","(X)","(X)","(X)","1075","152","1.9","2.5","0.0","3.6","1.6","2.2","6.8","5.2","9.4","6.5","11.3","5.7","19.3","10.2","26.1","9.8","10.4","5.6","13.2","5.9","99432","14232","130441","22201","(X)","(X)","48.5","(X)","(X)","(X)","576","97","0.0","6.7","0.0","6.7","3.0","4.2","4.9","5.5","9.2","8.8","6.6","7.3","8.9","6.7","24.7","11.0","18.2","9.4","24.7","9.5","130700","21716","N","N","(X)","(X)","(X)","(X)","(X)","(X)","594","167","7.1","7.4","6.6","8.2","4.5","5.7","1.0","1.9","7.4","5.3","10.1","7.7","34.0","16.2","15.5","11.0","5.1","5.5","8.8","8.8","85739","5650","98291","25298","(X)","(X)","(X)","(X)","25.1","(X)",
"1400000US25025101001","Census Tract 1010.01, Suffolk County, Massachusetts","2269","303","9.8","6.6","8.2","6.9","3.2","2.5","13.4","8.3","6.2","4.8","9.0","5.4","21.4","8.6","18.6","8.2","1.1","1.9","9.1","7.0","75168","19085","110114","46767","47.9","(X)","(X)","(X)","(X)","(X)","1565","289","6.5","5.7","0.0","2.5","4.4","3.7","18.1","10.8","11.6","7.5","11.4","7.8","12.2","8.0","25.2","10.3","0.9","1.7","9.6","8.0","71761","17614","127551","66302","(X)","(X)","56.3","(X)","(X)","(X)","611","194","7.0","10.8","0.0","6.3","0.0","6.3","10.8","12.0","12.8","14.0","4.7","7.2","25.4","15.9","37.0","17.8","2.3","4.5","0.0","6.3","90208","34012","N","N","(X)","(X)","(X)","(X)","(X)","(X)","704","237","17.2","14.9","26.3","20.4","2.6","3.5","7.7","8.7","2.8","5.1","6.4","7.8","33.8","18.6","3.3","5.1","0.0","5.5","0.0","5.5","-","**","46183","15680","(X)","(X)","(X)","(X)","24.4","(X)",
"1400000US25025101002","Census Tract 1010.02, Suffolk County, Massachusetts","2328","287","7.9","4.9","7.3","5.2","13.4","6.2","10.1","6.5","16.5","10.1","16.8","7.1","11.5","6.8","10.9","5.7","2.5","2.7","3.0","2.6","44886","9436","62409","9635","41.2","(X)","(X)","(X)","(X)","(X)","1644","353","2.6","3.0","6.4","6.1","18.1","8.5","11.4","8.6","17.0","13.0","17.7","9.6","6.9","7.2","13.2","7.8","3.5","3.8","3.2","3.2","44129","11567","64939","12373","(X)","(X)","43.3","(X)","(X)","(X)","580","213","0.0","6.7","0.0","6.7","12.9","10.6","17.2","16.4","1.9","3.3","6.4","7.1","19.5","18.9","25.2","16.3","7.9","10.4","9.0","9.1","92128","21296","N","N","(X)","(X)","(X)","(X)","(X)","(X)","684","177","20.6","13.5","9.6","10.1","2.3","3.6","7.0","7.6","17.1","14.3","22.1","13.4","15.6","12.7","2.8","4.4","0.0","5.7","2.8","4.6","48647","11513","52151","17027","(X)","(X)","(X)","(X)","36.3","(X)",
"1400000US25025101101","Census Tract 1011.01, Suffolk County, Massachusetts","1200","143","4.2","3.3","4.1","4.1","9.8","5.7","13.4","7.2","17.4","7.3","17.2","7.7","16.3","8.4","7.7","5.1","5.9","5.4","4.2","4.6","50473","10911","67345","10908","38.2","(X)","(X)","(X)","(X)","(X)","851","136","5.9","5.9","5.8","5.6","8.6","6.3","8.2","6.3","12.7","8.1","17.6","8.9","19.5","10.7","11.8","7.1","7.4","7.2","2.6","3.4","52097","14406","71573","13805","(X)","(X)","43.0","(X)","(X)","(X)","329","123","0.0","11.4","0.0","11.4","9.7","11.0","0.0","11.4","0.0","11.4","7.3","9.5","32.2","17.9","24.9","17.3","19.1","17.0","6.7","8.6","103021","42234","N","N","(X)","(X)","(X)","(X)","(X)","(X)","349","137","6.6","7.1","0.0","10.8","12.6","11.5","19.5","17.3","28.9","16.9","16.0","15.3","8.3","11.2","0.0","10.8","0.0","10.8","8.0","13.1","36567","7651","53679","24530","(X)","(X)","(X)","(X)","26.4","(X)",
"1400000US25025101102","Census Tract 1011.02, Suffolk County, Massachusetts","1743","216","13.1","6.8","6.4","4.5","8.8","4.7","8.4","4.5","15.0","7.0","16.9","8.0","12.2","6.2","10.7","5.0","5.3","4.5","3.1","2.9","48859","8745","63004","10800","45.3","(X)","(X)","(X)","(X)","(X)","1170","177","8.2","5.8","1.6","2.5","6.3","5.1","10.4","6.0","13.2","7.2","23.3","10.5","10.4","7.2","17.9","8.8","3.8","4.1","4.6","4.3","60231","11421","74703","11985","(X)","(X)","55.1","(X)","(X)","(X)","467","103","0.0","8.2","0.0","8.2","0.0","8.2","16.5","11.3","8.4","9.1","20.1","14.6","23.6","16.1","23.6","15.7","0.0","8.2","7.9","7.6","80893","27506","N","N","(X)","(X)","(X)","(X)","(X)","(X)","573","196","27.9","16.3","15.0","12.0","14.0","11.2","7.7","8.7","15.0","11.9","8.7","8.4","10.8","10.4","0.9","3.1","0.0","6.7","0.0","6.7","19561","11129","31227","9784","(X)","(X)","(X)","(X)","24.1","(X)",
"1400000US25025110104","Census Tract 1101.04, Suffolk County, Massachusetts","609","118","7.6","9.8","1.5","5.0","13.0","10.0","14.1","13.1","16.4","9.7","15.8","5.2","7.6","8.6","2.5","3.9","14.4","9.3","7.2","8.1","47324","18585","76560","19148","73.9","(X)","(X)","(X)","(X)","(X)","485","110","11.3","13.9","0.0","7.9","9.7","9.8","19.8","16.2","18.1","10.2","22.9","9.3","0.0","7.9","0.0","7.9","18.1","12.4","0.0","7.9","46426","6123","64498","19601","(X)","(X)","66.0","(X)","(X)","(X)","185","108","0.0","19.3","0.0","19.3","25.4","24.0","21.6","30.9","5.4","12.1","0.0","19.3","0.0","19.3","0.0","19.3","47.6","31.4","0.0","19.3","-","**","N","N","(X)","(X)","(X)","(X)","(X)","(X)","124","70","0.0","27.0","0.0","27.0","25.8","26.7","12.9","24.9","9.7","18.2","0.0","27.0","16.1","18.4","0.0","27.0","0.0","27.0","35.5","31.7","-","**","105271","59905","(X)","(X)","(X)","(X)","83.9","(X)",
"1400000US25025110105","Census Tract 1101.05, Suffolk County, Massachusetts","1172","227","6.1","5.6","1.5","2.6","0.0","3.4","0.5","0.9","4.8","4.6","9.6","8.6","16.2","8.6","21.6","10.7","21.0","12.7","18.8","10.6","109412","45240","129022","18790","51.0","(X)","(X)","(X)","(X)","(X)","565","213","0.0","6.8","0.0","6.8","0.0","6.8","0.0","6.8","0.0","6.8","6.2","7.8","9.0","10.4","38.1","21.2","37.5","22.3","9.2","9.9","133844","37279","146896","22854","(X)","(X)","60.7","(X)","(X)","(X)","458","206","0.0","8.4","0.0","8.4","0.0","8.4","0.0","8.4","0.0","8.4","2.6","5.3","6.6","8.8","40.8","24.7","38.6","27.5","11.4","12.7","143750","45283","N","N","(X)","(X)","(X)","(X)","(X)","(X)","607","174","11.7","10.5","3.0","5.0","0.0","6.4","1.0","1.7","9.2","9.2","12.7","15.0","22.9","14.2","14.3","11.8","5.6","3.3","19.6","14.3","92911","19683","103486","25136","(X)","(X)","(X)","(X)","42.0","(X)",
"1400000US25025110106","Census Tract 1101.06, Suffolk County, Massachusetts","827","333","1.9","3.6","0.0","4.7","4.7","7.1","0.0","4.7","32.2","31.9","8.9","7.9","16.7","12.3","18.3","11.0","6.8","6.6","10.5","10.7","83717","58627","95413","24853","60.9","(X)","(X)","(X)","(X)","(X)","437","354","0.0","8.7","0.0","8.7","0.0","8.7","0.0","8.7","54.5","46.1","3.7","8.8","10.5","13.3","23.8","26.8","0.0","8.7","7.6","11.2","-","**","84328","43531","(X)","(X)","74.1","(X)","(X)","(X)","437","354","0.0","8.7","0.0","8.7","0.0","8.7","0.0","8.7","54.5","46.1","3.7","8.8","10.5","13.3","23.8","26.8","0.0","8.7","7.6","11.2","-","**","N","N","(X)","(X)","(X)","(X)","(X)","(X)","390","97","4.1","7.3","0.0","9.7","10.0","11.7","0.0","9.7","7.2","10.4","14.9","16.7","23.6","15.4","12.1","11.7","14.4","12.5","13.8","17.0","91082","29528","107091","27710","(X)","(X)","(X)","(X)","39.2","(X)",
"1400000US25025110201","Census Tract 1102.01, Suffolk County, Massachusetts","905","110","6.4","4.0","12.9","6.8","5.3","3.9","8.5","5.7","15.1","7.2","15.1","6.9","16.6","9.2","10.7","5.0","4.1","3.7","5.2","3.1","55240","17669","70504","8483","46.3","(X)","(X)","(X)","(X)","(X)","598","118","3.0","3.9","4.7","4.0","5.5","5.4","8.0","5.9","14.2","9.0","15.9","9.0","22.7","13.3","11.9","6.5","6.2","5.7","7.9","4.9","72250","15845","87772","13291","(X)","(X)","53.2","(X)","(X)","(X)","344","107","0.0","11.0","1.2","1.8","0.0","11.0","4.9","7.7","15.4","11.9","17.7","12.9","25.9","20.7","15.1","11.0","7.3","7.9","12.5","8.3","90560","18416","N","N","(X)","(X)","(X)","(X)","(X)","(X)","307","86","13.0","9.0","29.0","16.1","4.9","5.2","12.1","10.6","21.8","13.3","13.7","10.1","2.0","3.0","3.6","4.1","0.0","12.2","0.0","12.2","26319","19381","31928","7240","(X)","(X)","(X)","(X)","32.9","(X)",
"1400000US25025110301","Census Tract 1103.01, Suffolk County, Massachusetts","1005","115","5.4","4.4","2.0","1.8","0.7","1.0","11.0","5.4","7.5","3.2","24.0","7.6","11.9","6.8","14.7","5.4","12.1","5.3","10.6","3.9","71641","22733","105011","13136","53.2","(X)","(X)","(X)","(X)","(X)","653","99","1.4","2.1","0.8","1.2","3.5","4.8","4.1","4.6","9.2","4.8","23.3","9.3","15.6","9.7","15.6","6.4","15.5","6.7","11.0","5.1","88575","10440","112366","13110","(X)","(X)","57.6","(X)","(X)","(X)","400","94","0.0","9.5","0.0","9.5","0.0","9.5","6.8","7.4","6.8","6.6","15.3","8.7","18.0","15.6","19.8","9.4","17.3","8.3","16.3","8.3","117656","47791","N","N","(X)","(X)","(X)","(X)","(X)","(X)","352","78","12.8","11.3","4.3","4.7","1.4","2.5","17.9","11.1","8.2","5.5","27.6","13.8","3.4","4.1","11.6","8.1","6.8","6.6","6.0","5.2","59615","21881","83318","24875","(X)","(X)","(X)","(X)","40.9","(X)",
"1400000US25025110401","Census Tract 1104.01, Suffolk County, Massachusetts","1489","164","3.3","2.8","5.3","4.7","8.7","5.1","6.9","4.0","0.8","1.4","26.9","7.7","9.5","4.0","11.2","4.8","14.7","6.9","12.6","7.1","73059","11388","114739","30107","39.8","(X)","(X)","(X)","(X)","(X)","1108","175","3.6","3.5","3.7","5.3","10.7","7.0","9.7","6.0","1.1","1.9","17.6","7.2","12.1","6.3","12.3","6.3","14.0","7.5","15.2","9.2","83804","20102","125291","39280","(X)","(X)","39.9","(X)","(X)","(X)","560","145","0.0","6.9","0.0","6.9","7.1","7.7","7.0","6.7","0.0","6.9","20.4","10.5","4.8","4.5","16.6","10.0","14.1","8.2","30.0","17.1","138947","51545","N","N","(X)","(X)","(X)","(X)","(X)","(X)","381","103","2.4","4.1","10.0","10.5","2.9","4.4","10.8","10.5","0.0","10.0","42.0","15.9","9.7","8.5","8.1","6.8","13.1","11.7","1.0","2.2","59917","8467","71852","17052","(X)","(X)","(X)","(X)","29.1","(X)",
"1400000US25025110403","Census Tract 1104.03, Suffolk County, Massachusetts","1927","165","2.2","2.0","7.9","6.0","6.8","4.8","2.2","2.1","8.4","4.4","7.3","3.0","11.7","5.6","23.1","6.1","16.6","6.0","13.8","6.5","108194","20467","122957","21628","41.8","(X)","(X)","(X)","(X)","(X)","1209","198","2.0","2.3","0.5","0.8","5.6","5.6","0.5","0.7","1.8","2.0","8.4","4.3","7.9","4.2","32.3","9.6","22.8","8.6","18.1","8.6","137454","12862","154875","26581","(X)","(X)","34.3","(X)","(X)","(X)","907","172","0.0","4.3","0.7","1.0","0.4","0.7","0.0","4.3","0.0","4.3","7.5","5.1","5.1","3.7","34.8","11.7","27.3","11.2","24.1","11.1","152664","16878","N","N","(X)","(X)","(X)","(X)","(X)","(X)","718","183","3.8","4.0","20.5","14.9","8.8","8.5","5.0","5.1","18.2","11.0","7.7","5.3","15.9","12.0","14.3","9.3","4.5","4.3","1.4","2.1","43800","16871","62305","15738","(X)","(X)","(X)","(X)","46.9","(X)",
"1400000US25025110501","Census Tract 1105.01, Suffolk County, Massachusetts","1389","151","2.4","2.6","3.2","2.7","1.7","1.9","5.0","4.1","12.0","8.2","13.4","6.9","9.9","5.1","22.3","6.5","13.8","6.4","16.2","6.8","103994","15934","126765","23362","35.1","(X)","(X)","(X)","(X)","(X)","765","177","2.7","4.0","0.0","5.1","0.0","5.1","3.7","5.1","12.0","12.9","17.3","9.7","7.3","5.6","20.4","8.4","19.5","10.3","17.1","8.6","125195","30474","138794","34962","(X)","(X)","38.8","(X)","(X)","(X)","571","159","0.0","6.8","0.0","6.8","0.0","6.8","0.0","6.8","11.6","16.0","13.1","11.4","3.2","3.8","23.1","9.3","26.1","13.4","22.9","11.5","141813","37071","N","N","(X)","(X)","(X)","(X)","(X)","(X)","624","105","1.9","3.0","7.2","5.7","3.8","4.4","6.7","7.2","11.9","8.3","8.7","8.5","14.4","7.5","23.4","10.9","6.9","6.7","15.1","9.7","91912","21389","111365","29346","(X)","(X)","(X)","(X)","30.6","(X)",
"1400000US25025110502","Census Tract 1105.02, Suffolk County, Massachusetts","1787","278","0.8","1.3","5.7","4.7","6.8","4.2","6.0","4.0","12.1","5.7","7.6","5.6","7.9","4.0","20.2","6.8","21.8","11.4","11.1","4.5","101402","22739","108604","14437","41.0","(X)","(X)","(X)","(X)","(X)","1150","255","0.0","3.4","3.5","5.2","2.8","3.9","8.3","6.0","8.3","4.7","6.5","4.9","13.5","9.0","23.9","9.1","21.1","14.4","12.1","6.0","107174","39678","117619","13528","(X)","(X)","41.4","(X)","(X)","(X)","693","97","0.0","5.6","0.0","5.6","0.0","5.6","5.9","6.8","13.9","7.0","7.5","5.8","10.7","8.9","26.4","10.3","17.2","7.8","18.5","8.1","128125","28723","N","N","(X)","(X)","(X)","(X)","(X)","(X)","637","145","2.2","3.6","9.7","10.4","14.0","12.1","6.1","7.0","18.8","13.0","11.6","13.4","4.1","5.0","11.8","7.9","20.6","14.7","1.1","1.9","48281","20301","73771","20492","(X)","(X)","(X)","(X)","37.4","(X)",
"1400000US25025110601","Census Tract 1106.01, Suffolk County, Massachusetts","1427","192","3.4","3.6","3.1","3.4","2.2","2.2","4.3","2.4","9.0","4.2","10.7","5.3","11.1","8.4","14.9","5.4","11.9","5.3","29.4","8.7","110163","38043","143986","18183","37.2","(X)","(X)","(X)","(X)","(X)","754","141","1.3","2.1","0.0","5.2","0.0","5.2","0.0","5.2","2.3","2.5","4.2","3.9","5.8","3.8","21.8","9.5","15.0","7.0","49.6","12.5","196250","26235","204314","23488","(X)","(X)","39.8","(X)","(X)","(X)","660","158","0.0","5.9","0.0","5.9","0.0","5.9","0.0","5.9","2.6","2.9","3.9","4.2","5.8","4.2","16.8","6.7","17.1","8.6","53.8","11.9","201488","15421","N","N","(X)","(X)","(X)","(X)","(X)","(X)","673","159","5.6","7.1","6.5","7.4","4.6","5.0","9.2","5.2","16.6","9.0","17.8","10.7","17.1","16.7","7.1","5.0","8.5","7.2","6.8","6.0","62620","18182","76145","17151","(X)","(X)","(X)","(X)","34.3","(X)",
"1400000US25025110607","Census Tract 1106.07, Suffolk County, Massachusetts","1999","227","0.2","0.6","0.0","2.0","3.0","3.0","1.4","2.2","8.7","5.5","8.5","5.0","18.2","6.5","31.1","9.5","16.9","8.5","12.2","4.0","116838","26681","130141","12337","33.9","(X)","(X)","(X)","(X)","(X)","1320","226","0.0","3.0","0.0","3.0","0.8","1.2","0.0","3.0","7.3","7.1","8.1","4.9","13.3","8.1","31.3","12.4","23.7","12.9","15.5","6.2","139591","12536","145658","14470","(X)","(X)","43.9","(X)","(X)","(X)","1076","234","0.0","3.6","0.0","3.6","0.0","3.6","0.0","3.6","3.1","5.0","7.2","6.0","12.0","8.9","30.5","13.7","28.2","14.7","19.1","7.7","147973","15504","N","N","(X)","(X)","(X)","(X)","(X)","(X)","679","169","0.4","1.7","0.0","5.7","7.4","8.1","4.0","6.3","11.2","8.8","14.1","11.9","27.7","12.5","25.9","10.0","7.5","8.4","1.8","2.7","81825","12287","94084","15481","(X)","(X)","(X)","(X)","14.6","(X)",
"1400000US25025120103","Census Tract 1201.03, Suffolk County, Massachusetts","740","46","0.0","5.3","2.2","2.2","3.1","2.7","1.5","1.6","2.0","2.4","9.1","6.5","6.1","4.2","17.6","6.5","13.1","5.7","45.4","8.0","188462","36757","211050","27899","31.1","(X)","(X)","(X)","(X)","(X)","429","58","0.0","8.9","0.0","8.9","1.9","2.9","2.6","2.7","0.7","1.3","2.6","3.2","4.4","4.8","16.3","7.9","16.8","7.6","54.8","10.1","210231","19397","251066","34641","(X)","(X)","33.6","(X)","(X)","(X)","389","53","0.0","9.8","0.0","9.8","0.0","9.8","2.8","3.0","0.0","9.8","2.8","3.6","4.9","5.2","16.2","7.9","16.2","7.8","57.1","11.1","210880","19734","N","N","(X)","(X)","(X)","(X)","(X)","(X)","311","52","0.0","12.1","5.1","5.2","7.4","6.5","0.0","12.1","4.8","5.6","17.0","14.2","5.8","6.6","19.3","10.3","10.0","8.2","30.5","13.1","104612","20335","147308","34315","(X)","(X)","(X)","(X)","27.7","(X)",
"1400000US25025120104","Census Tract 1201.04, Suffolk County, Massachusetts","1073","117","3.1","3.5","0.0","3.7","6.6","4.9","3.1","4.8","3.3","3.0","13.8","4.4","12.1","5.9","27.3","9.2","11.8","6.4","18.9","8.0","106929","11202","138839","26463","42.1","(X)","(X)","(X)","(X)","(X)","575","134","4.2","4.8","0.0","6.7","4.3","3.7","5.7","8.9","1.6","2.5","5.9","5.0","9.7","7.7","22.4","13.4","22.1","11.8","24.0","11.8","116513","64299","153042","28471","(X)","(X)","49.6","(X)","(X)","(X)","445","125","0.0","8.6","0.0","8.6","0.0","8.6","7.4","11.5","0.0","8.6","4.7","5.1","9.4","8.8","21.8","15.7","28.5","15.1","28.1","14.4","165481","56127","N","N","(X)","(X)","(X)","(X)","(X)","(X)","498","108","1.8","3.2","0.0","7.7","9.2","8.9","0.0","7.7","5.2","5.2","22.9","8.5","14.9","9.8","32.9","13.2","0.0","7.7","13.1","9.3","93214","24103","122440","40001","(X)","(X)","(X)","(X)","33.5","(X)",
"1400000US25025120105","Census Tract 1201.05, Suffolk County, Massachusetts","981","101","1.6","2.7","2.2","2.0","7.4","5.7","5.5","3.1","2.1","1.6","9.6","4.5","6.2","4.3","11.1","3.6","16.0","5.1","38.1","7.9","156875","16177","176540","23191","36.1","(X)","(X)","(X)","(X)","(X)","577","94","0.0","6.7","1.0","1.6","7.6","8.4","2.3","3.4","0.9","1.4","6.2","4.8","4.0","3.1","9.7","4.2","15.8","5.4","52.5","9.6","201726","26768","222154","32942","(X)","(X)","37.4","(X)","(X)","(X)","486","80","0.0","7.9","0.0","7.9","0.0","7.9","2.7","4.0","1.0","1.6","7.4","5.6","3.3","3.0","8.4","4.2","15.8","5.1","61.3","9.3","230357","32916","N","N","(X)","(X)","(X)","(X)","(X)","(X)","404","88","4.0","6.5","4.0","4.2","7.2","7.1","10.1","6.0","4.0","3.3","14.4","7.9","9.4","9.2","13.1","7.9","18.3","10.1","15.6","12.4","79688","51216","107919","22694","(X)","(X)","(X)","(X)","34.2","(X)",
"1400000US25025120201","Census Tract 1202.01, Suffolk County, Massachusetts","2010","305","14.7","10.6","3.6","2.5","3.6","2.0","2.0","2.6","8.6","4.4","11.7","5.6","13.2","6.9","20.5","6.5","5.9","2.4","16.1","5.5","91646","21498","124082","24728","31.0","(X)","(X)","(X)","(X)","(X)","797","125","2.1","3.4","0.0","4.9","3.0","2.9","3.4","4.1","16.6","9.5","7.8","5.6","9.7","7.1","23.1","9.8","6.5","4.0","27.9","10.1","116218","9197","177476","44011","(X)","(X)","25.8","(X)","(X)","(X)","550","119","0.0","7.0","0.0","7.0","2.5","3.2","0.0","7.0","14.5","11.2","3.1","3.6","7.8","6.7","29.3","13.5","7.6","5.7","35.1","12.9","127188","33745","N","N","(X)","(X)","(X)","(X)","(X)","(X)","1213","297","23.0","16.0","5.9","4.3","4.0","2.8","2.8","4.3","3.4","3.7","12.6","7.6","17.4","10.4","17.1","7.7","5.5","3.3","8.3","5.6","73576","24738","84628","21202","(X)","(X)","(X)","(X)","33.6","(X)",
"1400000US25025120301","Census Tract 1203.01, Suffolk County, Massachusetts","2061","231","3.8","2.7","4.6","3.9","4.9","3.2","1.7","1.7","4.4","4.1","17.6","6.2","10.3","5.1","30.8","8.4","6.1","3.5","15.7","6.8","102835","15585","116268","15554","44.8","(X)","(X)","(X)","(X)","(X)","892","190","0.0","4.4","0.0","4.4","7.6","5.8","3.0","3.7","0.0","4.4","11.4","7.9","6.4","7.3","33.9","11.2","9.3","6.3","28.4","13.1","123625","30168","144542","22995","(X)","(X)","49.1","(X)","(X)","(X)","579","180","0.0","6.7","0.0","6.7","0.0","6.7","1.9","3.5","0.0","6.7","1.7","2.7","7.4","10.1","34.9","14.7","14.3","9.9","39.7","17.3","159293","38904","N","N","(X)","(X)","(X)","(X)","(X)","(X)","1169","218","6.8","4.7","8.0","6.7","4.7","3.9","0.8","1.2","7.7","6.9","20.4","9.2","13.3","6.7","30.5","10.9","1.6","2.0","6.1","4.6","76076","21272","91469","19036","(X)","(X)","(X)","(X)","39.7","(X)",
"1400000US25025120400","Census Tract 1204, Suffolk County, Massachusetts","3000","317","2.7","1.9","3.1","2.6","4.9","3.9","5.3","3.4","3.9","2.7","9.1","4.8","12.4","4.7","19.0","6.3","13.4","5.0","26.2","7.2","113065","22403","150840","17934","39.8","(X)","(X)","(X)","(X)","(X)","1232","225","0.0","3.2","0.0","3.2","2.2","3.5","1.3","2.0","0.0","3.2","3.6","3.7","13.2","8.6","23.3","9.9","15.3","6.9","41.2","10.3","164333","28759","206453","26675","(X)","(X)","31.2","(X)","(X)","(X)","1035","217","0.0","3.8","0.0","3.8","2.6","4.1","0.0","3.8","0.0","3.8","2.5","3.0","4.4","4.2","26.0","11.2","15.5","7.7","49.0","11.5","196118","51606","N","N","(X)","(X)","(X)","(X)","(X)","(X)","1768","285","4.6","3.3","5.3","4.3","6.7","6.0","8.1","5.6","6.6","4.6","12.9","7.7","12.7","5.8","16.7","7.7","10.7","6.3","15.7","9.8","90238","26296","105868","21074","(X)","(X)","(X)","(X)","45.0","(X)",
"1400000US25025120500","Census Tract 1205, Suffolk County, Massachusetts","1145","266","13.2","5.5","1.5","1.3","3.7","3.0","2.4","2.3","2.2","2.0","9.7","5.0","10.6","6.0","13.7","6.2","9.4","4.6","33.6","15.5","116964","34643","134821","20087","53.2","(X)","(X)","(X)","(X)","(X)","449","88","7.6","6.4","1.3","1.9","6.7","6.4","6.0","5.9","4.7","4.5","6.5","7.7","19.8","12.2","16.9","9.5","9.8","5.8","20.7","8.7","89345","28332","126351","20315","(X)","(X)","37.0","(X)","(X)","(X)","309","82","5.8","5.9","0.0","12.1","2.3","4.2","0.0","12.1","3.2","4.5","1.6","2.3","21.7","14.7","21.0","13.3","14.2","8.3","30.1","12.3","132171","37501","N","N","(X)","(X)","(X)","(X)","(X)","(X)","696","272","16.8","9.8","1.6","1.9","2.6","3.0","2.3","2.7","0.6","0.8","10.9","6.9","4.6","3.7","10.3","8.0","9.2","6.3","41.1","23.5","151250","98560","136573","32269","(X)","(X)","(X)","(X)","63.6","(X)",
"1400000US25025120600","Census Tract 1206, Suffolk County, Massachusetts","1136","193","0.0","3.5","0.0","3.5","2.0","2.1","3.3","3.5","7.0","5.5","7.3","4.6","8.8","5.4","30.1","12.6","8.6","3.7","32.7","12.1","122071","22295","161735","24435","32.9","(X)","(X)","(X)","(X)","(X)","661","203","0.0","5.9","0.0","5.9","0.0","5.9","4.4","5.9","5.6","6.4","6.8","7.1","7.3","6.7","20.7","16.6","8.9","5.0","46.3","17.5","169766","77995","183321","33332","(X)","(X)","25.9","(X)","(X)","(X)","521","201","0.0","7.4","0.0","7.4","0.0","7.4","1.2","1.8","1.7","2.9","5.4","8.1","5.2","5.0","25.0","19.7","9.8","6.0","51.8","20.1","203162","81602","N","N","(X)","(X)","(X)","(X)","(X)","(X)","475","105","0.0","8.1","0.0","8.1","4.8","4.8","1.9","2.8","9.1","9.4","8.0","5.9","15.4","11.0","38.7","16.7","8.2","6.3","13.9","8.1","104107","8767","126749","28355","(X)","(X)","(X)","(X)","38.9","(X)",
"1400000US25025120700","Census Tract 1207, Suffolk County, Massachusetts","968","123","1.3","1.3","1.3","1.6","3.6","4.1","1.0","1.2","2.6","2.2","19.4","5.5","19.9","7.2","24.9","10.4","7.1","4.0","18.7","6.2","101944","21811","131674","12673","37.7","(X)","(X)","(X)","(X)","(X)","447","124","0.0","8.6","1.6","2.6","0.0","8.6","0.0","8.6","0.0","8.6","4.7","4.4","27.1","12.7","31.8","19.4","8.9","6.6","26.0","11.8","141750","30337","167730","24611","(X)","(X)","45.0","(X)","(X)","(X)","337","72","0.0","11.2","0.0","11.2","0.0","11.2","0.0","11.2","0.0","11.2","4.7","5.2","34.1","14.8","14.8","9.3","11.9","8.3","34.4","11.1","130938","50252","N","N","(X)","(X)","(X)","(X)","(X)","(X)","521","70","2.5","2.4","1.2","1.8","6.7","7.4","1.9","2.2","4.8","4.1","32.1","9.6","13.8","7.5","20.7","9.2","3.8","3.2","12.5","7.5","80156","17851","99599","12560","(X)","(X)","(X)","(X)","31.5","(X)",
"1400000US25025130101","Census Tract 1301.01, Suffolk County, Massachusetts","2793","435","1.2","1.5","0.0","1.4","2.9","2.4","2.5","2.7","3.0","3.0","13.0","4.3","5.3","2.6","30.8","8.5","26.3","10.9","14.9","4.3","130881","22471","141059","12181","30.5","(X)","(X)","(X)","(X)","(X)","1688","459","0.7","1.1","0.0","2.3","0.9","1.4","0.9","1.5","3.3","3.1","10.1","6.2","8.5","5.4","18.8","8.8","33.3","19.4","23.7","8.7","166071","41745","164124","17461","(X)","(X)","30.3","(X)","(X)","(X)","1095","187","1.0","1.7","0.0","3.6","1.4","2.2","0.0","3.6","3.4","3.8","9.6","7.1","7.9","5.6","24.1","8.4","17.8","7.9","34.9","9.9","158523","29505","N","N","(X)","(X)","(X)","(X)","(X)","(X)","1105","183","2.0","3.2","0.0","3.6","6.1","5.6","6.4","7.1","6.6","7.0","17.6","9.1","4.1","3.5","45.3","15.1","10.4","8.6","1.5","2.3","105216","13115","96025","14573","(X)","(X)","(X)","(X)","20.9","(X)",
"1400000US25025130200","Census Tract 1302, Suffolk County, Massachusetts","1965","206","6.2","6.6","3.0","3.1","2.8","1.9","2.5","1.8","2.4","3.3","10.1","3.8","8.2","3.5","24.9","6.0","15.0","5.3","24.8","6.5","126659","16315","147556","17073","26.7","(X)","(X)","(X)","(X)","(X)","1374","171","0.6","1.0","2.0","2.8","1.9","1.7","3.4","2.5","3.5","4.6","7.2","3.3","8.0","4.5","21.3","5.5","18.8","7.7","33.3","8.5","157727","26661","175225","18463","(X)","(X)","27.1","(X)","(X)","(X)","1102","172","0.0","3.6","0.0","3.6","2.4","2.1","1.8","2.1","0.6","1.1","5.0","2.8","7.8","4.2","22.1","6.5","21.4","9.2","38.8","9.0","163553","11625","N","N","(X)","(X)","(X)","(X)","(X)","(X)","591","172","19.3","19.3","5.2","8.1","4.9","4.6","1.5","2.4","0.0","6.5","15.7","11.3","8.6","6.1","33.5","14.7","6.3","5.1","4.9","4.3","89659","39577","82648","22325","(X)","(X)","(X)","(X)","25.9","(X)",
"1400000US25025130300","Census Tract 1303, Suffolk County, Massachusetts","1725","174","1.0","1.2","2.7","3.0","0.7","0.8","7.7","4.6","6.7","3.7","5.6","3.5","8.6","4.1","23.5","7.9","14.1","5.5","29.3","7.7","132344","12711","170303","25724","29.1","(X)","(X)","(X)","(X)","(X)","1226","186","0.8","1.4","1.0","1.6","0.0","3.2","3.1","4.3","1.9","1.7","3.7","4.0","10.0","5.2","24.1","9.9","18.8","7.3","36.6","10.3","163701","15222","203518","30647","(X)","(X)","30.8","(X)","(X)","(X)","1144","174","0.0","3.4","0.0","3.4","0.0","3.4","3.3","4.6","0.7","1.1","3.9","4.3","10.8","5.5","25.9","10.5","16.9","7.6","38.5","11.0","163961","18850","N","N","(X)","(X)","(X)","(X)","(X)","(X)","499","111","1.4","2.4","7.0","10.1","2.4","2.9","18.8","9.3","18.6","12.3","10.2","7.0","5.2","5.0","23.6","11.2","2.8","3.0","9.8","9.1","62656","36762","86663","21921","(X)","(X)","(X)","(X)","23.2","(X)",
"1400000US25025130402","Census Tract 1304.02, Suffolk County, Massachusetts","2257","310","0.9","1.5","6.6","5.2","8.9","5.5","4.6","2.8","13.8","6.3","9.2","5.1","7.0","4.8","16.1","6.3","11.3","5.5","21.7","9.5","98102","35114","129787","24142","44.2","(X)","(X)","(X)","(X)","(X)","1337","321","0.0","2.9","0.0","2.9","2.2","2.7","2.1","2.5","8.0","8.1","10.2","6.5","6.8","4.7","22.7","9.5","11.3","6.6","36.6","14.2","143656","30886","180925","31265","(X)","(X)","45.8","(X)","(X)","(X)","1204","315","0.0","3.3","0.0","3.3","2.5","3.0","0.8","1.6","8.9","8.9","7.3","6.5","7.2","5.2","21.4","9.5","11.2","7.4","40.6","15.1","153667","49648","N","N","(X)","(X)","(X)","(X)","(X)","(X)","920","224","2.3","3.5","16.1","12.3","18.6","12.2","8.2","5.9","22.3","11.1","10.2","8.7","7.6","9.4","6.4","5.4","8.4","8.5","0.0","4.3","38284","12598","52155","14044","(X)","(X)","(X)","(X)","42.0","(X)",
"1400000US25025130404","Census Tract 1304.04, Suffolk County, Massachusetts","1333","130","8.7","6.7","4.4","3.3","10.1","6.3","4.0","2.9","5.6","3.1","17.1","5.9","8.4","4.8","23.9","7.2","7.8","5.4","10.1","4.6","77841","31520","91503","10737","48.8","(X)","(X)","(X)","(X)","(X)","722","100","1.4","2.3","1.4","2.3","4.0","3.8","2.1","2.5","2.5","2.6","20.4","8.4","8.3","6.2","29.5","11.3","13.2","9.8","17.3","8.8","104500","12007","120593","14077","(X)","(X)","45.3","(X)","(X)","(X)","629","107","1.6","2.6","1.6","2.6","2.1","3.2","0.5","0.7","2.9","3.0","16.9","8.8","7.8","6.5","31.8","11.9","15.1","11.1","19.9","10.1","108229","28711","N","N","(X)","(X)","(X)","(X)","(X)","(X)","611","147","17.3","13.6","8.0","6.9","18.3","11.7","5.2","5.0","9.2","6.4","16.4","9.8","8.5","7.5","14.1","9.6","1.5","2.5","1.5","2.4","36625","23436","53777","13507","(X)","(X)","(X)","(X)","52.9","(X)",
"1400000US25025130406","Census Tract 1304.06, Suffolk County, Massachusetts","2368","262","3.5","2.8","9.8","6.1","12.5","8.4","10.7","6.8","14.4","6.9","19.0","10.0","12.2","6.0","9.9","5.2","5.2","4.1","3.0","3.0","49488","21210","64161","9729","51.4","(X)","(X)","(X)","(X)","(X)","1589","301","0.6","1.1","3.0","4.9","10.9","11.5","14.5","9.7","20.1","10.3","20.6","13.2","7.2","5.5","12.3","7.4","6.3","5.8","4.4","4.5","52417","20831","70991","13276","(X)","(X)","57.8","(X)","(X)","(X)","743","204","0.0","5.2","0.0","5.2","1.1","2.2","14.4","13.4","6.7","7.3","28.5","20.6","10.8","9.4","15.6","11.3","13.5","12.6","9.4","9.2","74236","25913","N","N","(X)","(X)","(X)","(X)","(X)","(X)","779","174","9.4","7.4","23.5","13.5","15.7","11.8","2.8","4.8","2.7","4.4","15.7","12.4","22.3","12.5","5.0","5.8","3.0","4.6","0.0","5.0","-","**","49920","12575","(X)","(X)","(X)","(X)","38.4","(X)",
"1400000US25025140102","Census Tract 1401.02, Suffolk County, Massachusetts","1849","228","2.5","1.7","5.4","3.5","5.1","4.6","3.7","3.6","9.6","4.8","9.1","4.4","13.2","4.6","25.8","7.5","13.6","4.8","12.0","4.2","102924","17171","112538","12753","51.6","(X)","(X)","(X)","(X)","(X)","1362","223","0.0","2.9","4.6","4.4","1.0","1.5","2.6","3.8","6.8","4.4","12.3","5.8","15.1","6.1","29.5","9.9","16.2","6.3","11.8","4.8","107830","9196","121621","15236","(X)","(X)","56.1","(X)","(X)","(X)","810","149","0.0","4.8","1.0","1.5","1.6","2.4","0.0","4.8","1.9","2.3","13.6","8.2","17.2","8.1","23.5","8.4","23.2","9.1","18.1","7.3","130417","23321","N","N","(X)","(X)","(X)","(X)","(X)","(X)","487","132","9.4","6.2","7.6","6.3","16.6","15.0","6.8","8.5","17.2","13.1","3.7","5.2","10.9","8.2","15.6","11.1","4.3","4.6","7.8","7.6","45719","15860","75800","23531","(X)","(X)","(X)","(X)","34.7","(X)",
"1400000US25025140105","Census Tract 1401.05, Suffolk County, Massachusetts","1318","127","13.2","7.2","2.1","3.2","5.4","3.8","7.4","4.1","3.5","2.5","11.9","5.4","15.9","9.1","23.1","8.2","10.1","5.3","7.4","4.7","86543","17001","91395","12570","50.3","(X)","(X)","(X)","(X)","(X)","916","150","9.4","6.9","0.0","4.3","3.4","4.0","4.4","4.3","3.2","3.7","21.6","10.6","17.0","9.9","22.5","9.4","9.4","5.6","9.2","6.4","90500","22364","100638","13909","(X)","(X)","49.3","(X)","(X)","(X)","411","107","0.0","9.3","0.0","9.3","2.2","3.5","0.0","9.3","0.0","9.3","13.9","8.8","11.9","7.3","32.8","14.5","18.7","11.2","20.4","13.5","136027","13093","N","N","(X)","(X)","(X)","(X)","(X)","(X)","402","120","21.9","18.1","7.0","9.9","10.0","8.4","16.2","12.4","7.0","6.5","13.9","11.9","13.7","18.3","3.7","5.0","6.7","7.4","0.0","9.5","31458","26495","49183","21813","(X)","(X)","(X)","(X)","49.3","(X)",
"1400000US25025140106","Census Tract 1401.06, Suffolk County, Massachusetts","1040","155","10.6","8.1","15.9","7.1","15.0","5.7","6.7","3.9","9.6","5.4","12.3","6.3","9.4","5.0","10.4","8.6","3.7","2.5","6.4","3.9","38939","17502","63568","12916","42.9","(X)","(X)","(X)","(X)","(X)","544","87","9.7","7.4","4.6","4.3","14.3","8.8","2.8","3.4","14.7","9.1","18.8","10.8","10.7","6.9","5.5","3.8","7.0","4.6","11.9","6.8","58021","16222","83857","19835","(X)","(X)","44.3","(X)","(X)","(X)","243","70","3.7","5.4","7.0","7.8","7.8","10.3","0.0","15.1","1.6","2.5","16.9","13.4","13.6","12.0","10.7","8.7","15.6","10.2","23.0","12.2","96563","32904","N","N","(X)","(X)","(X)","(X)","(X)","(X)","496","152","11.5","14.0","28.2","14.3","15.7","7.6","11.1","8.2","4.0","4.3","5.2","5.2","8.1","7.1","15.7","16.7","0.0","7.7","0.4","1.1","20217","9503","41265","16884","(X)","(X)","(X)","(X)","41.3","(X)",
"1400000US25025140107","Census Tract 1401.07, Suffolk County, Massachusetts","1104","161","9.8","4.3","5.1","3.9","2.4","1.8","3.6","2.7","7.3","4.5","13.3","5.8","18.6","11.0","12.3","4.4","16.7","6.7","11.0","4.6","78098","10906","102106","11539","38.6","(X)","(X)","(X)","(X)","(X)","696","119","2.9","2.7","0.9","1.3","4.0","3.9","0.7","1.0","5.9","5.7","17.2","8.8","18.5","9.9","15.2","6.0","21.1","9.2","13.5","6.1","97404","28840","122145","15057","(X)","(X)","41.4","(X)","(X)","(X)","471","100","0.0","8.1","1.3","1.9","1.3","1.9","1.1","1.6","0.0","8.1","13.4","8.5","19.3","12.3","14.9","7.4","28.9","11.8","20.0","9.2","148036","36493","N","N","(X)","(X)","(X)","(X)","(X)","(X)","408","140","21.6","11.5","12.3","10.7","3.4","3.9","8.6","7.6","13.0","9.2","8.3","7.7","21.1","24.9","8.8","7.2","1.5","2.5","1.5","2.5","44423","31832","49096","12071","(X)","(X)","(X)","(X)","25.0","(X)",
"1400000US25025140201","Census Tract 1402.01, Suffolk County, Massachusetts","970","160","2.4","2.1","1.2","1.5","5.3","3.2","5.7","4.3","11.0","6.0","11.1","4.7","25.2","10.6","24.7","10.1","4.4","3.4","9.0","4.7","93500","5972","94613","9408","30.9","(X)","(X)","(X)","(X)","(X)","671","158","2.1","2.0","1.2","2.0","1.3","1.6","4.3","4.3","9.1","7.3","10.3","5.8","30.0","14.3","25.8","12.8","4.2","3.7","11.8","6.9","97522","9532","105024","12424","(X)","(X)","29.2","(X)","(X)","(X)","535","155","1.7","2.2","0.0","7.2","0.9","1.7","0.7","1.4","7.1","6.5","10.3","7.2","31.0","15.9","29.5","15.3","5.2","4.6","13.5","7.8","99576","18615","N","N","(X)","(X)","(X)","(X)","(X)","(X)","299","79","3.0","4.9","1.3","2.1","14.0","9.0","8.7","8.0","15.4","10.1","13.0","8.5","14.4","9.7","22.4","12.3","5.0","8.1","2.7","3.8","67031","22876","71014","11792","(X)","(X)","(X)","(X)","34.8","(X)",
"1400000US25025140202","Census Tract 1402.02, Suffolk County, Massachusetts","2161","164","2.7","2.0","5.8","3.4","5.6","3.7","7.2","4.3","9.0","4.5","13.7","4.6","9.5","4.6","18.7","7.1","10.6","4.3","17.3","6.7","86553","25898","135337","30006","49.2","(X)","(X)","(X)","(X)","(X)","1606","204","1.9","2.4","2.4","3.6","6.5","5.2","5.2","4.4","6.3","4.1","14.6","6.5","7.7","4.6","22.4","9.1","14.2","6.0","18.8","7.9","116382","22322","158100","36882","(X)","(X)","47.6","(X)","(X)","(X)","916","188","0.9","1.5","0.0","4.3","3.9","6.0","1.1","1.8","3.7","3.3","5.5","3.5","10.6","7.2","25.0","11.2","20.2","8.6","29.1","12.3","149571","26592","N","N","(X)","(X)","(X)","(X)","(X)","(X)","555","149","5.0","4.7","15.7","8.9","3.1","3.6","12.8","10.4","28.8","12.9","21.8","10.7","1.8","2.8","4.5","4.7","0.0","6.9","6.5","9.7","42423","7836","53208","18096","(X)","(X)","(X)","(X)","50.5","(X)",
"1400000US25025140300","Census Tract 1403, Suffolk County, Massachusetts","2770","419","9.7","5.5","4.8","6.2","10.8","6.6","4.8","3.5","5.2","5.3","21.2","8.1","16.1","10.5","16.3","5.7","9.5","6.4","1.4","2.4","68472","15002","71780","11509","52.5","(X)","(X)","(X)","(X)","(X)","1827","345","9.0","6.2","6.0","8.5","10.6","9.3","4.7","4.3","2.1","3.2","19.5","10.7","9.3","7.7","22.2","9.2","14.4","9.5","2.2","3.6","71404","19950","80086","13757","(X)","(X)","63.4","(X)","(X)","(X)","940","315","3.2","6.4","0.0","4.2","7.9","9.6","5.4","6.7","4.1","6.1","22.2","16.0","7.8","10.5","26.2","14.3","18.9","14.4","4.3","6.7","89348","53655","N","N","(X)","(X)","(X)","(X)","(X)","(X)","943","365","16.5","11.5","2.7","4.2","11.1","10.5","6.8","7.7","9.2","13.4","23.2","17.5","29.5","27.1","1.0","2.3","0.0","4.1","0.0","4.1","51120","31704","50436","14447","(X)","(X)","(X)","(X)","29.5","(X)",
"1400000US25025140400","Census Tract 1404, Suffolk County, Massachusetts","3091","324","10.6","5.8","3.6","2.8","10.2","5.5","6.8","3.9","9.8","4.8","15.2","6.1","19.1","8.6","12.2","5.5","7.7","4.3","4.8","3.4","62910","14671","79746","12413","52.2","(X)","(X)","(X)","(X)","(X)","2143","299","7.2","4.7","2.3","2.7","4.5","4.3","9.0","5.7","9.7","6.1","21.1","8.1","17.9","9.0","14.2","7.3","10.1","6.4","4.0","2.8","67364","13112","88329","14620","(X)","(X)","60.4","(X)","(X)","(X)","955","305","2.5","4.0","2.6","4.4","5.0","7.7","3.7","4.4","4.2","6.7","21.8","13.7","13.5","12.3","21.7","13.8","19.1","12.5","6.0","5.3","92313","37742","N","N","(X)","(X)","(X)","(X)","(X)","(X)","948","297","18.5","14.6","6.5","6.7","23.1","14.9","3.8","3.8","14.6","9.9","12.2","10.4","16.0","19.7","5.3","6.6","0.0","4.1","0.0","4.1","-","**","43057","15501","(X)","(X)","(X)","(X)","32.0","(X)",
"1400000US25025160102","Census Tract 1601.02, Suffolk County, Massachusetts","1223","222","9.7","6.5","5.8","5.5","1.2","2.2","18.2","11.7","4.8","4.6","21.7","13.8","18.0","10.3","6.0","5.2","12.0","10.2","2.5","3.1","58785","15489","72386","14749","56.9","(X)","(X)","(X)","(X)","(X)","867","208","5.3","6.3","2.9","5.2","0.0","4.5","16.6","13.7","9.3","8.3","22.6","17.4","23.1","14.2","3.3","4.5","13.3","12.3","3.6","4.4","64005","16171","80139","17334","(X)","(X)","64.9","(X)","(X)","(X)","319","114","0.0","11.8","7.8","13.2","0.0","11.8","27.6","25.6","15.4","15.7","12.2","14.9","31.0","26.1","0.0","11.8","0.0","11.8","6.0","9.7","-","**","N","N","(X)","(X)","(X)","(X)","(X)","(X)","356","136","27.2","18.2","12.9","12.9","4.2","7.3","21.9","16.6","2.8","5.3","10.7","15.7","5.6","6.9","5.6","9.3","9.0","11.0","0.0","10.6","26667","14580","42151","18279","(X)","(X)","(X)","(X)","30.6","(X)",
"1400000US25025160103","Census Tract 1601.03, Suffolk County, Massachusetts","1177","202","9.5","9.2","2.0","3.5","11.1","9.4","7.3","6.2","9.3","6.7","19.8","10.6","12.8","10.5","7.0","6.7","7.1","6.2","14.0","9.8","68545","12535","87477","20046","69.3","(X)","(X)","(X)","(X)","(X)","842","189","6.9","8.6","2.9","5.0","5.8","5.9","10.0","8.3","17.2","11.2","13.7","11.9","12.7","13.0","9.3","9.5","17.2","14.7","4.4","5.2","67787","37039","84064","20862","(X)","(X)","75.2","(X)","(X)","(X)","396","188","0.0","9.6","0.0","9.6","5.3","8.4","7.8","13.3","12.9","17.8","19.7","21.7","9.8","11.0","2.3","4.5","36.6","26.8","5.6","10.0","97609","90457","N","N","(X)","(X)","(X)","(X)","(X)","(X)","335","147","16.1","23.0","0.0","11.2","32.8","27.5","11.0","13.2","6.3","9.6","7.8","12.1","13.1","16.5","7.5","11.9","0.0","11.2","5.4","9.4","-","**","51495","26930","(X)","(X)","(X)","(X)","44.2","(X)",
"1400000US25025160200","Census Tract 1602, Suffolk County, Massachusetts","1197","133","5.1","3.4","2.8","2.6","5.1","3.5","16.0","7.9","9.2","5.7","32.9","10.6","12.4","8.0","14.0","7.5","2.6","2.2","0.0","3.3","54725","13899","61402","7341","70.0","(X)","(X)","(X)","(X)","(X)","834","136","4.7","4.3","5.6","5.2","1.8","2.1","23.5","10.7","13.2","8.0","33.3","13.3","6.2","6.5","7.9","6.6","3.7","3.2","0.0","4.7","50676","17800","53912","8298","(X)","(X)","63.3","(X)","(X)","(X)","452","140","0.0","8.5","3.3","5.3","0.0","8.5","21.9","14.1","23.2","13.5","27.0","20.8","5.8","6.8","11.9","11.4","6.9","6.5","0.0","8.5","57750","27511","N","N","(X)","(X)","(X)","(X)","(X)","(X)","363","102","11.6","10.1","5.0","5.7","9.6","8.2","11.3","10.9","0.0","10.4","43.0","20.2","13.5","16.5","6.1","6.1","0.0","10.4","0.0","10.4","52188","6469","52414","10008","(X)","(X)","(X)","(X)","63.9","(X)",
"1400000US25025160300","Census Tract 1603, Suffolk County, Massachusetts","1267","211","13.6","10.4","6.7","4.6","8.3","4.8","9.3","5.8","6.9","5.3","7.8","5.4","13.3","4.9","19.5","6.0","9.9","4.5","4.7","2.8","62125","25078","80016","12830","51.2","(X)","(X)","(X)","(X)","(X)","412","97","6.3","5.3","5.1","6.7","0.0","9.2","4.4","6.0","5.6","6.4","12.4","13.0","12.9","7.5","21.1","9.6","19.2","11.5","13.1","8.1","110938","29453","122880","26525","(X)","(X)","49.0","(X)","(X)","(X)","343","104","2.9","3.6","0.0","11.0","0.0","11.0","5.2","7.3","6.7","7.7","14.9","15.1","14.3","8.9","17.2","10.1","23.0","13.8","15.7","9.8","113482","42358","N","N","(X)","(X)","(X)","(X)","(X)","(X)","855","208","17.1","15.0","7.5","5.8","12.3","7.4","11.7","8.0","7.5","7.3","5.6","4.2","13.6","6.4","18.7","7.9","5.5","4.5","0.6","1.1","36302","20242","59306","11406","(X)","(X)","(X)","(X)","52.3","(X)",
"1400000US25025160400","Census Tract 1604, Suffolk County, Massachusetts","1457","156","16.5","7.1","6.5","3.8","8.2","4.9","5.8","4.5","10.0","4.1","10.3","5.4","14.1","5.4","17.2","4.7","7.0","3.7","4.5","3.6","62784","17731","72182","11511","40.4","(X)","(X)","(X)","(X)","(X)","553","100","2.2","3.0","4.0","6.2","11.0","8.5","10.7","8.4","14.8","8.1","20.8","11.9","7.1","5.6","16.8","8.2","5.4","5.0","7.2","7.1","60573","13779","78515","14444","(X)","(X)","48.1","(X)","(X)","(X)","331","96","0.0","11.4","0.0","11.4","6.3","8.7","17.8","12.3","13.3","10.3","13.9","12.2","8.2","8.0","25.1","13.0","9.1","8.2","6.3","7.6","67148","34535","N","N","(X)","(X)","(X)","(X)","(X)","(X)","904","140","25.3","10.8","8.0","4.7","6.4","4.5","5.0","4.3","6.9","4.5","3.9","3.1","18.9","8.2","14.9","5.5","8.0","5.2","2.8","3.3","46667","40231","65840","16537","(X)","(X)","(X)","(X)","35.6","(X)",
"1400000US25025160501","Census Tract 1605.01, Suffolk County, Massachusetts","1906","242","16.7","7.9","6.5","4.1","6.6","3.7","4.7","3.8","12.2","6.0","11.5","6.0","15.1","5.4","14.1","6.3","9.0","7.7","3.7","2.8","54773","14147","70054","11708","52.2","(X)","(X)","(X)","(X)","(X)","1137","218","3.7","4.1","0.9","1.3","10.6","5.9","7.4","6.0","11.5","7.8","12.8","8.3","18.2","8.8","18.6","8.9","13.2","11.7","3.2","3.5","82148","20830","85067","13034","(X)","(X)","49.6","(X)","(X)","(X)","575","149","3.3","5.3","0.0","6.7","2.3","2.8","3.8","5.6","17.2","13.1","11.7","10.7","24.7","15.3","24.9","15.5","5.9","5.0","6.3","6.6","83822","14524","N","N","(X)","(X)","(X)","(X)","(X)","(X)","769","207","35.9","14.9","14.7","9.7","11.1","8.2","8.8","7.8","6.4","5.0","6.1","6.3","8.1","4.9","6.0","5.0","0.0","5.1","3.0","3.9","14688","11021","36434","11871","(X)","(X)","(X)","(X)","53.3","(X)",
"1400000US25025160502","Census Tract 1605.02, Suffolk County, Massachusetts","1827","234","7.8","5.1","7.4","4.6","9.6","6.6","17.6","8.2","7.3","4.3","23.0","9.0","8.5","5.8","11.5","5.6","2.7","2.3","4.7","4.1","50140","19177","62110","11548","58.0","(X)","(X)","(X)","(X)","(X)","991","162","4.3","4.5","7.9","6.2","10.6","7.0","18.4","9.8","6.9","5.9","22.2","11.9","7.4","6.9","11.8","8.0","3.8","3.4","6.8","6.5","51434","24785","69739","17245","(X)","(X)","60.8","(X)","(X)","(X)","559","144","1.3","2.0","0.0","6.9","4.1","6.4","16.8","13.3","7.7","7.4","26.1","15.0","9.3","9.4","19.5","13.9","5.2","5.6","10.0","11.1","68581","11040","N","N","(X)","(X)","(X)","(X)","(X)","(X)","836","225","14.7","10.3","9.8","7.8","11.5","10.1","18.3","13.5","5.0","4.9","19.9","11.9","9.8","10.5","8.4","7.3","1.3","2.4","1.3","2.5","29664","18851","46154","10664","(X)","(X)","(X)","(X)","48.4","(X)",
"1400000US25025160601","Census Tract 1606.01, Suffolk County, Massachusetts","1516","148","6.1","3.5","2.2","2.7","10.2","5.0","8.6","5.1","8.0","4.5","17.7","6.5","10.8","6.2","21.9","8.5","11.7","5.4","2.8","2.3","72305","9162","82593","10651","47.4","(X)","(X)","(X)","(X)","(X)","842","152","0.0","4.6","2.9","4.3","7.6","6.2","8.7","7.2","7.4","5.3","23.6","9.7","5.3","3.7","29.2","13.4","11.3","7.1","4.0","3.9","74907","39946","91097","12420","(X)","(X)","57.5","(X)","(X)","(X)","456","144","0.0","8.4","0.0","8.4","2.4","3.1","5.5","6.0","10.7","8.3","22.6","13.3","3.1","4.7","32.7","18.2","18.4","11.6","4.6","5.6","107188","26421","N","N","(X)","(X)","(X)","(X)","(X)","(X)","674","124","13.6","7.7","1.5","2.4","16.5","9.1","10.5","8.2","8.2","7.0","17.1","9.5","14.4","10.2","8.9","8.1","8.2","8.2","1.2","1.8","49800","22398","61592","14107","(X)","(X)","(X)","(X)","34.9","(X)",
"1400000US25025160602","Census Tract 1606.02, Suffolk County, Massachusetts","1604","124","5.0","3.6","4.7","3.7","3.3","2.5","9.4","5.8","14.3","7.3","23.3","6.2","12.8","5.0","18.9","5.8","4.3","3.6","4.1","3.4","65051","11985","76636","9180","59.4","(X)","(X)","(X)","(X)","(X)","1114","144","4.8","4.0","4.9","4.4","6.1","4.4","3.1","2.9","13.8","9.3","25.9","8.3","13.2","6.7","19.2","7.2","5.2","5.0","3.7","2.9","65051","10992","78620","11825","(X)","(X)","65.6","(X)","(X)","(X)","664","131","2.7","3.2","0.0","5.8","9.6","7.0","1.4","1.9","14.9","11.9","21.4","10.6","14.0","9.2","26.5","11.2","5.0","6.3","4.5","3.9","75000","19643","N","N","(X)","(X)","(X)","(X)","(X)","(X)","490","131","5.3","6.7","4.1","6.6","5.1","4.8","23.7","17.0","15.5","9.9","20.2","14.9","14.5","8.9","9.6","8.6","2.0","3.1","0.0","7.8","48448","14344","54262","9182","(X)","(X)","(X)","(X)","40.4","(X)",
"1400000US25025170101","Census Tract 1701.01, Suffolk County, Massachusetts","1021","141","3.8","4.3","4.8","7.6","9.7","8.1","3.0","3.6","14.2","11.1","12.2","7.5","12.7","8.3","11.4","7.8","24.9","11.7","3.2","4.0","76223","23493","91369","15378","41.9","(X)","(X)","(X)","(X)","(X)","743","136","2.7","4.3","0.0","5.2","7.0","8.0","9.6","9.3","15.6","13.1","13.2","8.8","11.2","8.9","11.3","9.0","25.0","13.8","4.4","5.4","85729","40140","93519","17831","(X)","(X)","37.4","(X)","(X)","(X)","531","142","0.0","7.3","0.0","7.3","0.0","7.3","5.8","6.8","19.8","17.2","16.2","11.7","15.6","13.0","15.8","12.8","20.5","15.3","6.2","7.6","89153","26906","N","N","(X)","(X)","(X)","(X)","(X)","(X)","278","138","6.8","11.2","17.6","26.6","29.5","27.1","0.0","13.4","0.0","13.4","10.1","12.8","0.0","13.4","11.5","17.6","24.5","24.2","0.0","13.4","-","**","71191","38639","(X)","(X)","(X)","(X)","41.4","(X)",
"1400000US25025170102","Census Tract 1701.02, Suffolk County, Massachusetts","1342","171","3.9","4.0","1.4","2.2","10.7","7.4","2.2","2.3","7.0","5.0","9.9","5.0","33.3","10.8","23.3","10.5","5.0","4.2","3.2","3.3","81298","4951","86672","13021","45.7","(X)","(X)","(X)","(X)","(X)","912","199","0.0","4.3","0.3","0.5","0.0","4.3","1.9","2.7","21.4","11.2","11.8","6.5","34.2","13.3","18.3","10.6","7.3","6.0","4.7","4.9","80904","7965","90939","10623","(X)","(X)","37.3","(X)","(X)","(X)","696","175","0.0","5.6","0.4","0.6","0.0","5.6","2.4","3.5","10.9","8.4","9.6","6.3","44.8","14.3","20.0","12.9","9.6","8.2","2.2","3.8","82470","15320","N","N","(X)","(X)","(X)","(X)","(X)","(X)","430","132","12.1","11.1","3.7","7.2","33.5","18.6","3.0","4.7","7.2","8.3","8.8","9.9","17.7","15.9","14.0","17.1","0.0","8.9","0.0","8.9","-","**","45256","15503","(X)","(X)","(X)","(X)","40.5","(X)",
"1400000US25025170200","Census Tract 1702, Suffolk County, Massachusetts","1744","247","12.2","9.8","9.7","5.8","9.8","5.2","6.3","4.1","20.1","7.8","11.1","4.7","8.2","4.1","13.8","7.5","4.4","2.9","4.5","2.6","43986","6621","64454","10282","60.8","(X)","(X)","(X)","(X)","(X)","1042","154","8.2","7.3","5.3","5.5","8.3","5.7","5.8","5.2","23.2","9.8","13.6","6.8","10.7","4.7","12.4","6.4","6.7","4.7","5.9","4.0","49740","4522","74229","11856","(X)","(X)","64.4","(X)","(X)","(X)","635","138","1.3","2.0","0.0","6.1","2.8","3.1","7.2","8.0","33.2","13.4","16.1","9.0","10.4","6.3","11.0","8.3","9.9","7.7","8.0","6.2","52679","21954","N","N","(X)","(X)","(X)","(X)","(X)","(X)","702","223","18.2","21.6","16.2","11.5","13.4","10.8","7.1","6.0","14.0","12.2","7.4","6.8","6.7","6.2","15.7","15.4","0.0","5.5","1.3","2.1","26974","21116","47106","18553","(X)","(X)","(X)","(X)","55.4","(X)",
"1400000US25025170301","Census Tract 1703.01, Suffolk County, Massachusetts","1950","244","3.8","3.6","1.3","1.6","5.2","5.0","4.1","3.5","13.1","5.6","11.7","5.8","16.3","9.5","28.8","12.1","4.9","3.3","10.8","5.8","89713","19285","99516","12015","62.9","(X)","(X)","(X)","(X)","(X)","1650","268","3.8","4.6","0.0","2.4","6.2","5.1","5.9","5.0","6.1","4.6","14.5","7.3","12.5","9.9","36.3","14.5","5.8","4.0","8.8","6.5","102750","18579","100675","12466","(X)","(X)","65.9","(X)","(X)","(X)","1015","296","0.0","3.9","0.0","3.9","7.2","9.2","5.1","6.0","6.4","4.8","10.9","7.8","11.8","9.1","42.2","17.2","3.6","3.0","12.7","10.1","108118","9024","N","N","(X)","(X)","(X)","(X)","(X)","(X)","300","111","4.0","6.7","8.7","10.0","4.3","7.1","4.7","7.3","46.7","22.0","8.0","8.7","14.7","12.6","4.7","7.6","0.0","12.5","4.3","6.9","40833","8829","55705","16886","(X)","(X)","(X)","(X)","37.0","(X)",
"1400000US25025170302","Census Tract 1703.02, Suffolk County, Massachusetts","1347","215","18.3","9.8","0.0","2.9","1.9","2.1","6.5","5.3","8.0","6.5","8.7","5.2","20.9","11.8","17.9","8.5","8.9","8.0","8.9","7.5","85298","19281","93600","23181","38.1","(X)","(X)","(X)","(X)","(X)","651","136","10.0","10.3","0.0","6.0","0.0","6.0","9.2","9.5","12.0","11.8","7.2","7.0","21.4","11.3","17.2","9.8","13.1","14.7","10.0","9.9","81723","30210","109333","34981","(X)","(X)","62.5","(X)","(X)","(X)","540","123","9.1","11.6","0.0","7.1","0.0","7.1","11.1","11.5","10.2","12.4","8.7","8.4","17.4","12.4","15.7","11.0","15.7","17.8","12.0","12.3","80608","46323","N","N","(X)","(X)","(X)","(X)","(X)","(X)","696","230","26.1","16.7","0.0","5.6","3.6","4.1","3.9","4.4","4.3","5.0","10.1","8.4","20.5","19.9","19.5","14.3","5.0","5.5","6.9","11.0","86667","44500","76840","25375","(X)","(X)","(X)","(X)","15.2","(X)",
"1400000US25025170400","Census Tract 1704, Suffolk County, Massachusetts","1677","157","7.2","5.1","12.2","6.4","10.0","6.3","5.2","4.1","5.6","3.5","15.3","6.9","9.5","4.6","26.5","8.7","4.1","4.6","4.4","4.1","71172","18311","80790","18018","46.4","(X)","(X)","(X)","(X)","(X)","959","169","0.0","4.1","6.4","7.9","7.7","7.0","4.9","6.0","3.0","3.4","9.7","5.6","13.1","7.4","40.4","13.8","11.1","9.5","3.8","4.4","106458","13574","111148","28497","(X)","(X)","55.1","(X)","(X)","(X)","642","136","0.0","6.0","0.0","6.0","2.3","3.9","7.3","9.1","2.8","3.7","10.6","7.2","19.6","10.8","41.1","14.6","10.6","10.9","5.6","6.3","113563","13702","N","N","(X)","(X)","(X)","(X)","(X)","(X)","718","174","16.7","10.7","20.1","10.9","13.1","10.8","5.6","5.6","9.1","6.5","22.7","13.1","4.7","4.3","8.1","7.1","0.0","5.4","0.0","5.4","25250","15508","38492","9146","(X)","(X)","(X)","(X)","33.4","(X)",
"1400000US25025170502","Census Tract 1705.02, Suffolk County, Massachusetts","1323","180","7.0","3.9","6.0","4.2","20.0","7.7","10.3","4.7","3.8","2.6","10.7","4.3","13.9","6.7","14.9","4.5","3.9","2.4","9.5","5.7","55583","22052","76521","12359","55.1","(X)","(X)","(X)","(X)","(X)","614","142","8.6","9.0","0.0","6.3","10.6","10.2","5.4","5.6","4.1","6.6","9.6","6.3","15.0","11.0","27.7","9.7","4.4","3.4","14.7","11.2","87500","38160","101311","21062","(X)","(X)","46.3","(X)","(X)","(X)","436","122","0.0","8.8","0.0","8.8","8.7","11.7","5.3","7.6","0.0","8.8","8.9","7.3","17.2","15.1","35.6","14.7","5.3","5.1","19.0","14.9","119167","16376","N","N","(X)","(X)","(X)","(X)","(X)","(X)","709","152","11.3","6.4","5.5","4.0","28.2","10.1","15.4","6.8","7.1","5.1","11.7","6.3","9.4","6.2","4.8","2.9","2.5","2.8","4.1","3.6","26409","4159","49792","11045","(X)","(X)","(X)","(X)","57.0","(X)",
"1400000US25025170503","Census Tract 1705.03, Suffolk County, Massachusetts","621","40","7.1","7.6","9.3","7.7","14.8","10.9","2.9","3.3","10.6","7.0","12.6","9.2","12.4","7.9","21.9","9.1","4.8","7.4","3.5","4.0","70197","31878","84099","24808","42.4","(X)","(X)","(X)","(X)","(X)","289","71","6.2","7.2","0.0","12.9","9.3","13.9","3.1","5.1","3.5","5.5","28.0","18.0","0.0","12.9","34.6","17.3","10.4","15.2","4.8","7.3","74955","70196","118280","45788","(X)","(X)","50.5","(X)","(X)","(X)","124","55","7.3","11.2","0.0","27.0","0.0","27.0","7.3","11.5","0.0","27.0","16.1","17.3","0.0","27.0","58.1","23.1","0.0","27.0","11.3","16.3","119474","14112","N","N","(X)","(X)","(X)","(X)","(X)","(X)","332","71","7.8","12.7","17.5","14.2","19.6","16.5","2.7","4.4","16.9","11.6","9.0","8.2","13.3","11.7","10.8","8.6","0.0","11.3","2.4","4.2","38676","29196","52351","18711","(X)","(X)","(X)","(X)","25.3","(X)",
"1400000US25025170504","Census Tract 1705.04, Suffolk County, Massachusetts","945","131","13.9","8.2","2.4","2.0","0.7","1.2","9.0","6.1","11.7","6.0","5.7","4.0","16.2","6.5","28.9","9.6","4.4","3.3","7.0","4.5","86719","15823","96090","15862","40.4","(X)","(X)","(X)","(X)","(X)","475","107","0.0","8.1","1.7","2.5","1.5","2.4","5.7","6.7","11.8","8.0","6.3","5.7","20.6","10.0","35.2","13.0","4.8","5.3","12.4","8.6","107981","26848","126178","26887","(X)","(X)","50.3","(X)","(X)","(X)","391","102","0.0","9.7","0.0","9.7","1.8","3.0","6.9","8.2","11.3","9.1","3.1","4.6","25.1","11.8","33.8","15.0","5.9","6.5","12.3","9.9","104583","30398","N","N","(X)","(X)","(X)","(X)","(X)","(X)","470","138","27.9","14.6","3.2","3.3","0.0","8.2","12.3","10.6","14.3","9.5","4.7","4.6","9.6","7.7","22.6","15.4","4.0","4.0","1.5","2.6","45000","16195","64839","15935","(X)","(X)","(X)","(X)","30.4","(X)",
"1400000US25025170601","Census Tract 1706.01, Suffolk County, Massachusetts","1599","135","3.9","2.7","2.3","2.2","7.4","4.3","6.1","3.2","12.9","4.7","19.3","6.4","8.6","4.2","19.4","6.6","8.9","5.0","11.1","5.3","71683","17784","97856","13189","51.9","(X)","(X)","(X)","(X)","(X)","1183","152","0.6","1.0","1.1","1.2","2.0","3.3","4.0","3.6","13.5","5.6","21.2","7.5","12.3","6.1","24.0","9.1","8.5","5.5","12.8","6.8","94583","11357","108748","13396","(X)","(X)","56.0","(X)","(X)","(X)","835","164","0.8","1.4","0.7","1.1","0.0","4.7","5.6","5.0","13.8","7.9","17.7","8.4","6.7","5.0","32.9","11.7","6.6","5.6","15.1","8.3","106174","18977","N","N","(X)","(X)","(X)","(X)","(X)","(X)","416","105","13.2","9.6","5.5","8.2","22.8","12.4","12.0","8.3","11.3","8.8","13.7","8.7","10.8","9.9","5.5","5.6","0.0","9.2","5.0","5.8","32500","11815","56505","23135","(X)","(X)","(X)","(X)","33.9","(X)",
"1400000US25025170701","Census Tract 1707.01, Suffolk County, Massachusetts","796","68","4.4","4.4","12.1","6.8","9.7","5.8","10.7","6.6","10.6","5.3","15.3","6.9","18.0","6.7","8.9","4.5","8.4","5.7","2.0","1.9","53750","11185","66448","9387","38.1","(X)","(X)","(X)","(X)","(X)","381","74","0.0","10.0","11.8","10.6","2.1","3.0","14.7","12.2","12.1","7.8","18.6","10.4","10.0","5.5","14.4","7.0","13.1","10.7","3.1","3.6","62554","24773","78424","16026","(X)","(X)","45.1","(X)","(X)","(X)","253","81","0.0","14.6","0.0","14.6","0.8","2.9","17.8","17.0","15.0","11.4","14.2","13.7","13.0","8.1","14.6","10.1","19.8","15.7","4.7","5.7","84792","40002","N","N","(X)","(X)","(X)","(X)","(X)","(X)","415","75","8.4","8.5","12.3","8.2","16.6","10.4","7.0","4.6","9.2","6.8","18.3","10.7","19.3","11.7","6.5","6.0","1.4","2.1","1.0","1.6","40750","23014","51828","9691","(X)","(X)","(X)","(X)","31.6","(X)",
"1400000US25025170702","Census Tract 1707.02, Suffolk County, Massachusetts","2038","232","7.9","5.5","7.7","5.7","5.0","4.4","14.1","7.3","17.5","7.7","20.5","8.3","8.2","4.1","9.1","6.6","7.5","5.4","2.6","4.0","48553","8926","67769","13532","55.9","(X)","(X)","(X)","(X)","(X)","1319","261","4.7","5.8","8.1","7.5","4.2","5.0","22.8","11.7","20.9","10.6","14.2","9.8","8.7","5.8","4.4","4.1","8.0","5.4","3.9","6.0","44805","6288","64314","14824","(X)","(X)","65.0","(X)","(X)","(X)","747","177","2.1","3.3","6.8","9.8","7.4","8.9","17.7","10.9","16.6","11.8","11.5","11.5","13.3","9.7","5.0","6.1","12.7","8.1","7.0","10.5","49770","38643","N","N","(X)","(X)","(X)","(X)","(X)","(X)","719","207","20.3","13.4","12.0","10.4","1.4","2.4","1.3","2.3","11.1","9.3","28.8","16.9","7.4","7.5","11.4","12.7","6.4","10.1","0.0","5.4","51484","19361","59064","19381","(X)","(X)","(X)","(X)","32.1","(X)",
"1400000US25025170800","Census Tract 1708, Suffolk County, Massachusetts","2152","295","6.6","5.1","13.1","9.3","7.7","4.7","6.6","5.0","10.9","6.1","15.3","8.1","4.9","3.3","17.7","6.7","13.4","6.4","3.9","3.1","54299","13318","78870","11978","55.4","(X)","(X)","(X)","(X)","(X)","1343","182","12.2","9.7","3.4","3.9","5.2","4.9","3.3","3.6","8.4","6.7","17.4","9.9","8.3","5.7","24.1","8.6","13.0","6.7","4.6","4.2","75066","22201","90557","12714","(X)","(X)","44.1","(X)","(X)","(X)","814","196","0.0","4.8","1.8","2.7","8.6","7.5","5.4","5.9","8.5","9.0","4.4","5.4","9.6","8.1","39.8","13.5","14.3","9.6","7.6","6.8","116875","26377","N","N","(X)","(X)","(X)","(X)","(X)","(X)","809","283","7.2","12.4","29.0","21.8","11.7","10.1","12.1","12.1","7.9","6.8","22.0","18.4","0.0","4.8","0.0","4.8","10.0","11.9","0.0","4.8","27563","21955","43590","20511","(X)","(X)","(X)","(X)","61.7","(X)",
"1400000US25025180101","Census Tract 1801.01, Suffolk County, Massachusetts","2421","219","2.4","2.6","9.8","3.9","11.0","5.4","5.8","3.6","10.7","6.3","15.0","5.2","18.3","8.8","9.5","5.1","5.2","3.0","12.5","6.0","72576","9246","94175","14904","45.4","(X)","(X)","(X)","(X)","(X)","1116","195","0.5","0.9","1.5","2.4","11.3","9.5","1.5","2.5","10.2","9.2","17.2","9.0","13.6","10.2","16.3","9.4","8.2","5.5","19.6","9.8","79238","23515","130093","29573","(X)","(X)","50.7","(X)","(X)","(X)","792","170","0.0","4.9","2.1","3.4","8.5","7.0","2.1","3.5","12.2","12.0","5.6","6.6","10.2","8.6","21.6","12.8","10.2","7.6","27.4","13.5","120192","46117","N","N","(X)","(X)","(X)","(X)","(X)","(X)","1305","295","4.0","4.7","16.9","6.8","10.7","8.0","9.4","6.6","11.0","8.7","13.0","7.3","22.2","13.5","3.6","3.4","2.7","3.4","6.4","8.8","48568","28817","63458","17795","(X)","(X)","(X)","(X)","40.9","(X)",
"1400000US25025180200","Census Tract 1802, Suffolk County, Massachusetts","1706","185","4.2","3.0","2.6","2.8","10.3","7.2","8.9","4.8","4.3","2.8","22.6","7.3","10.8","4.9","7.8","3.7","15.3","5.4","13.3","5.4","71894","11699","101319","11347","40.9","(X)","(X)","(X)","(X)","(X)","958","110","4.1","4.5","0.0","4.1","1.5","2.6","5.6","4.7","1.6","1.7","24.8","9.6","9.8","5.9","10.2","6.0","27.1","9.6","15.2","6.7","114107","31268","129168","14973","(X)","(X)","49.8","(X)","(X)","(X)","674","117","0.0","5.8","0.0","5.8","0.0","5.8","0.0","5.8","2.2","2.4","20.8","10.6","9.5","8.0","13.6","8.1","34.3","12.8","19.6","8.9","165761","46079","N","N","(X)","(X)","(X)","(X)","(X)","(X)","748","179","4.3","4.2","6.0","6.6","21.5","15.2","13.0","8.3","7.8","6.1","21.8","10.9","13.8","9.8","4.7","4.1","0.0","5.2","7.2","7.0","45250","19181","59281","12841","(X)","(X)","(X)","(X)","29.4","(X)",
"1400000US25025180301","Census Tract 1803.01, Suffolk County, Massachusetts","1160","111","2.2","3.4","2.6","3.9","6.6","4.7","5.7","4.3","10.6","6.1","10.1","4.6","11.2","4.5","25.0","7.2","8.1","4.3","17.9","7.4","102911","24395","117010","17452","41.2","(X)","(X)","(X)","(X)","(X)","741","120","0.0","5.3","0.0","5.3","6.9","6.8","1.2","1.9","5.4","5.2","7.4","4.7","15.2","6.7","28.7","9.0","11.5","6.5","23.6","8.4","120450","24607","144374","22231","(X)","(X)","40.9","(X)","(X)","(X)","612","109","0.0","6.3","0.0","6.3","0.0","6.3","1.5","2.3","4.9","5.8","7.0","4.6","14.1","7.2","31.7","9.8","12.3","7.3","28.6","10.0","129643","23945","N","N","(X)","(X)","(X)","(X)","(X)","(X)","419","116","6.0","9.2","7.2","10.4","6.2","6.3","13.6","11.5","19.8","13.9","14.8","10.1","4.1","4.7","18.4","13.2","2.1","3.3","7.9","12.3","44904","20821","68617","21367","(X)","(X)","(X)","(X)","41.8","(X)",
"1400000US25025180400","Census Tract 1804, Suffolk County, Massachusetts","815","92","0.6","0.9","4.8","4.5","7.2","5.2","4.8","4.6","4.7","3.2","20.7","8.4","10.7","4.9","17.2","6.1","13.1","6.2","16.2","7.6","89479","20832","116738","19300","39.4","(X)","(X)","(X)","(X)","(X)","445","85","0.0","8.6","0.0","8.6","0.0","8.6","1.3","1.9","4.5","5.2","16.9","9.5","14.4","8.1","27.4","9.8","15.1","8.2","20.4","10.9","129053","12278","137587","18811","(X)","(X)","42.5","(X)","(X)","(X)","307","75","0.0","12.2","0.0","12.2","0.0","12.2","0.0","12.2","0.0","12.2","11.7","10.4","16.0","10.3","23.1","10.3","19.5","11.7","29.6","14.1","137202","52039","N","N","(X)","(X)","(X)","(X)","(X)","(X)","370","83","1.4","2.0","10.5","9.3","15.9","10.7","8.9","9.6","4.9","3.9","25.4","13.9","6.2","4.3","10.3","8.2","5.4","4.5","11.1","10.3","57917","10085","88235","32567","(X)","(X)","(X)","(X)","35.7","(X)",
"1400000US25025180500","Census Tract 1805, Suffolk County, Massachusetts","1959","225","5.2","3.9","4.1","3.4","4.1","2.4","4.3","2.4","10.3","6.5","15.5","4.5","12.0","4.3","25.6","8.5","6.7","3.2","12.1","5.8","84946","18319","104916","14066","40.7","(X)","(X)","(X)","(X)","(X)","1029","150","4.2","4.7","0.6","1.0","1.0","1.4","2.5","2.8","10.5","7.2","13.0","5.9","17.5","7.1","23.3","10.1","9.4","5.0","18.0","9.4","108147","37718","127642","22964","(X)","(X)","50.9","(X)","(X)","(X)","652","120","0.0","5.9","0.9","1.5","0.0","5.9","1.7","2.4","2.9","3.4","9.0","6.0","14.9","10.3","27.3","14.1","14.9","7.7","28.4","13.3","146397","12137","N","N","(X)","(X)","(X)","(X)","(X)","(X)","930","238","6.3","6.4","8.1","7.1","7.5","4.8","6.3","4.4","13.1","11.8","19.4","7.4","6.1","3.5","26.5","14.5","1.1","1.7","5.6","5.9","62917","25330","74414","17537","(X)","(X)","(X)","(X)","25.4","(X)",
"1400000US25025980101","Census Tract 9801.01, Suffolk County, Massachusetts","0","13","-","**","-","**","-","**","-","**","-","**","-","**","-","**","-","**","-","**","-","**","-","**","-","**","-","(X)","(X)","(X)","(X)","(X)","0","13","-","**","-","**","-","**","-","**","-","**","-","**","-","**","-","**","-","**","-","**","-","**","-","**","(X)","(X)","-","(X)","(X)","(X)","0","13","-","**","-","**","-","**","-","**","-","**","-","**","-","**","-","**","-","**","-","**","-","**","-","**","(X)","(X)","(X)","(X)","(X)","(X)","0","13","-","**","-","**","-","**","-","**","-","**","-","**","-","**","-","**","-","**","-","**","-","**","-","**","(X)","(X)","(X)","(X)","-","(X)",
"1400000US25025980300","Census Tract 9803, Suffolk County, Massachusetts","0","13","-","**","-","**","-","**","-","**","-","**","-","**","-","**","-","**","-","**","-","**","-","**","-","**","-","(X)","(X)","(X)","(X)","(X)","0","13","-","**","-","**","-","**","-","**","-","**","-","**","-","**","-","**","-","**","-","**","-","**","-","**","(X)","(X)","-","(X)","(X)","(X)","0","13","-","**","-","**","-","**","-","**","-","**","-","**","-","**","-","**","-","**","-","**","-","**","-","**","(X)","(X)","(X)","(X)","(X)","(X)","0","13","-","**","-","**","-","**","-","**","-","**","-","**","-","**","-","**","-","**","-","**","-","**","-","**","(X)","(X)","(X)","(X)","-","(X)",
"1400000US25025980700","Census Tract 9807, Suffolk County, Massachusetts","0","13","-","**","-","**","-","**","-","**","-","**","-","**","-","**","-","**","-","**","-","**","-","**","-","**","-","(X)","(X)","(X)","(X)","(X)","0","13","-","**","-","**","-","**","-","**","-","**","-","**","-","**","-","**","-","**","-","**","-","**","-","**","(X)","(X)","-","(X)","(X)","(X)","0","13","-","**","-","**","-","**","-","**","-","**","-","**","-","**","-","**","-","**","-","**","-","**","-","**","(X)","(X)","(X)","(X)","(X)","(X)","0","13","-","**","-","**","-","**","-","**","-","**","-","**","-","**","-","**","-","**","-","**","-","**","-","**","(X)","(X)","(X)","(X)","-","(X)",
"1400000US25025980900","Census Tract 9809, Suffolk County, Massachusetts","0","13","-","**","-","**","-","**","-","**","-","**","-","**","-","**","-","**","-","**","-","**","-","**","-","**","-","(X)","(X)","(X)","(X)","(X)","0","13","-","**","-","**","-","**","-","**","-","**","-","**","-","**","-","**","-","**","-","**","-","**","-","**","(X)","(X)","-","(X)","(X)","(X)","0","13","-","**","-","**","-","**","-","**","-","**","-","**","-","**","-","**","-","**","-","**","-","**","-","**","(X)","(X)","(X)","(X)","(X)","(X)","0","13","-","**","-","**","-","**","-","**","-","**","-","**","-","**","-","**","-","**","-","**","-","**","-","**","(X)","(X)","(X)","(X)","-","(X)",
"1400000US25025981000","Census Tract 9810, Suffolk County, Massachusetts","0","13","-","**","-","**","-","**","-","**","-","**","-","**","-","**","-","**","-","**","-","**","-","**","-","**","-","(X)","(X)","(X)","(X)","(X)","0","13","-","**","-","**","-","**","-","**","-","**","-","**","-","**","-","**","-","**","-","**","-","**","-","**","(X)","(X)","-","(X)","(X)","(X)","0","13","-","**","-","**","-","**","-","**","-","**","-","**","-","**","-","**","-","**","-","**","-","**","-","**","(X)","(X)","(X)","(X)","(X)","(X)","0","13","-","**","-","**","-","**","-","**","-","**","-","**","-","**","-","**","-","**","-","**","-","**","-","**","(X)","(X)","(X)","(X)","-","(X)",
"1400000US25025981100","Census Tract 9811, Suffolk County, Massachusetts","5","7","0.0","100.0","0.0","100.0","0.0","100.0","0.0","100.0","0.0","100.0","100.0","100.0","0.0","100.0","0.0","100.0","0.0","100.0","0.0","100.0","-","**","N","N","100.0","(X)","(X)","(X)","(X)","(X)","0","13","-","**","-","**","-","**","-","**","-","**","-","**","-","**","-","**","-","**","-","**","-","**","-","**","(X)","(X)","-","(X)","(X)","(X)","0","13","-","**","-","**","-","**","-","**","-","**","-","**","-","**","-","**","-","**","-","**","-","**","-","**","(X)","(X)","(X)","(X)","(X)","(X)","5","7","0.0","100.0","0.0","100.0","0.0","100.0","0.0","100.0","0.0","100.0","100.0","100.0","0.0","100.0","0.0","100.0","0.0","100.0","0.0","100.0","-","**","N","N","(X)","(X)","(X)","(X)","100.0","(X)",
"1400000US25025981201","Census Tract 9812.01, Suffolk County, Massachusetts","0","13","-","**","-","**","-","**","-","**","-","**","-","**","-","**","-","**","-","**","-","**","-","**","-","**","-","(X)","(X)","(X)","(X)","(X)","0","13","-","**","-","**","-","**","-","**","-","**","-","**","-","**","-","**","-","**","-","**","-","**","-","**","(X)","(X)","-","(X)","(X)","(X)","0","13","-","**","-","**","-","**","-","**","-","**","-","**","-","**","-","**","-","**","-","**","-","**","-","**","(X)","(X)","(X)","(X)","(X)","(X)","0","13","-","**","-","**","-","**","-","**","-","**","-","**","-","**","-","**","-","**","-","**","-","**","-","**","(X)","(X)","(X)","(X)","-","(X)",
"1400000US25025981202","Census Tract 9812.02, Suffolk County, Massachusetts","0","13","-","**","-","**","-","**","-","**","-","**","-","**","-","**","-","**","-","**","-","**","-","**","-","**","-","(X)","(X)","(X)","(X)","(X)","0","13","-","**","-","**","-","**","-","**","-","**","-","**","-","**","-","**","-","**","-","**","-","**","-","**","(X)","(X)","-","(X)","(X)","(X)","0","13","-","**","-","**","-","**","-","**","-","**","-","**","-","**","-","**","-","**","-","**","-","**","-","**","(X)","(X)","(X)","(X)","(X)","(X)","0","13","-","**","-","**","-","**","-","**","-","**","-","**","-","**","-","**","-","**","-","**","-","**","-","**","(X)","(X)","(X)","(X)","-","(X)",
"1400000US25025981300","Census Tract 9813, Suffolk County, Massachusetts","5","7","0.0","100.0","0.0","100.0","0.0","100.0","0.0","100.0","0.0","100.0","0.0","100.0","0.0","100.0","0.0","100.0","100.0","100.0","0.0","100.0","-","**","N","N","0.0","(X)","(X)","(X)","(X)","(X)","0","13","-","**","-","**","-","**","-","**","-","**","-","**","-","**","-","**","-","**","-","**","-","**","-","**","(X)","(X)","-","(X)","(X)","(X)","0","13","-","**","-","**","-","**","-","**","-","**","-","**","-","**","-","**","-","**","-","**","-","**","-","**","(X)","(X)","(X)","(X)","(X)","(X)","5","7","0.0","100.0","0.0","100.0","0.0","100.0","0.0","100.0","0.0","100.0","0.0","100.0","0.0","100.0","0.0","100.0","100.0","100.0","0.0","100.0","-","**","N","N","(X)","(X)","(X)","(X)","0.0","(X)",
"1400000US25025981501","Census Tract 9815.01, Suffolk County, Massachusetts","0","13","-","**","-","**","-","**","-","**","-","**","-","**","-","**","-","**","-","**","-","**","-","**","-","**","-","(X)","(X)","(X)","(X)","(X)","0","13","-","**","-","**","-","**","-","**","-","**","-","**","-","**","-","**","-","**","-","**","-","**","-","**","(X)","(X)","-","(X)","(X)","(X)","0","13","-","**","-","**","-","**","-","**","-","**","-","**","-","**","-","**","-","**","-","**","-","**","-","**","(X)","(X)","(X)","(X)","(X)","(X)","0","13","-","**","-","**","-","**","-","**","-","**","-","**","-","**","-","**","-","**","-","**","-","**","-","**","(X)","(X)","(X)","(X)","-","(X)",
"1400000US25025981502","Census Tract 9815.02, Suffolk County, Massachusetts","0","13","-","**","-","**","-","**","-","**","-","**","-","**","-","**","-","**","-","**","-","**","-","**","-","**","-","(X)","(X)","(X)","(X)","(X)","0","13","-","**","-","**","-","**","-","**","-","**","-","**","-","**","-","**","-","**","-","**","-","**","-","**","(X)","(X)","-","(X)","(X)","(X)","0","13","-","**","-","**","-","**","-","**","-","**","-","**","-","**","-","**","-","**","-","**","-","**","-","**","(X)","(X)","(X)","(X)","(X)","(X)","0","13","-","**","-","**","-","**","-","**","-","**","-","**","-","**","-","**","-","**","-","**","-","**","-","**","(X)","(X)","(X)","(X)","-","(X)",
"1400000US25025981600","Census Tract 9816, Suffolk County, Massachusetts","0","13","-","**","-","**","-","**","-","**","-","**","-","**","-","**","-","**","-","**","-","**","-","**","-","**","-","(X)","(X)","(X)","(X)","(X)","0","13","-","**","-","**","-","**","-","**","-","**","-","**","-","**","-","**","-","**","-","**","-","**","-","**","(X)","(X)","-","(X)","(X)","(X)","0","13","-","**","-","**","-","**","-","**","-","**","-","**","-","**","-","**","-","**","-","**","-","**","-","**","(X)","(X)","(X)","(X)","(X)","(X)","0","13","-","**","-","**","-","**","-","**","-","**","-","**","-","**","-","**","-","**","-","**","-","**","-","**","(X)","(X)","(X)","(X)","-","(X)",
"1400000US25025981700","Census Tract 9817, Suffolk County, Massachusetts","0","13","-","**","-","**","-","**","-","**","-","**","-","**","-","**","-","**","-","**","-","**","-","**","-","**","-","(X)","(X)","(X)","(X)","(X)","0","13","-","**","-","**","-","**","-","**","-","**","-","**","-","**","-","**","-","**","-","**","-","**","-","**","(X)","(X)","-","(X)","(X)","(X)","0","13","-","**","-","**","-","**","-","**","-","**","-","**","-","**","-","**","-","**","-","**","-","**","-","**","(X)","(X)","(X)","(X)","(X)","(X)","0","13","-","**","-","**","-","**","-","**","-","**","-","**","-","**","-","**","-","**","-","**","-","**","-","**","(X)","(X)","(X)","(X)","-","(X)",
"1400000US25025981800","Census Tract 9818, Suffolk County, Massachusetts","15","16","0.0","84.9","0.0","84.9","0.0","84.9","0.0","84.9","0.0","84.9","100.0","84.9","0.0","84.9","0.0","84.9","0.0","84.9","0.0","84.9","-","**","N","N","73.3","(X)","(X)","(X)","(X)","(X)","11","16","0.0","99.2","0.0","99.2","0.0","99.2","0.0","99.2","0.0","99.2","100.0","99.2","0.0","99.2","0.0","99.2","0.0","99.2","0.0","99.2","-","**","N","N","(X)","(X)","100.0","(X)","(X)","(X)","0","13","-","**","-","**","-","**","-","**","-","**","-","**","-","**","-","**","-","**","-","**","-","**","N","N","(X)","(X)","(X)","(X)","(X)","(X)","4","5","0.0","100.0","0.0","100.0","0.0","100.0","0.0","100.0","0.0","100.0","100.0","100.0","0.0","100.0","0.0","100.0","0.0","100.0","0.0","100.0","-","**","N","N","(X)","(X)","(X)","(X)","0.0","(X)",
"1400000US25025981900","Census Tract 9819, Suffolk County, Massachusetts","0","13","-","**","-","**","-","**","-","**","-","**","-","**","-","**","-","**","-","**","-","**","-","**","-","**","-","(X)","(X)","(X)","(X)","(X)","0","13","-","**","-","**","-","**","-","**","-","**","-","**","-","**","-","**","-","**","-","**","-","**","-","**","(X)","(X)","-","(X)","(X)","(X)","0","13","-","**","-","**","-","**","-","**","-","**","-","**","-","**","-","**","-","**","-","**","-","**","-","**","(X)","(X)","(X)","(X)","(X)","(X)","0","13","-","**","-","**","-","**","-","**","-","**","-","**","-","**","-","**","-","**","-","**","-","**","-","**","(X)","(X)","(X)","(X)","-","(X)",
"1400000US25025990101","Census Tract 9901.01, Suffolk County, Massachusetts","0","13","-","**","-","**","-","**","-","**","-","**","-","**","-","**","-","**","-","**","-","**","-","**","-","**","-","(X)","(X)","(X)","(X)","(X)","0","13","-","**","-","**","-","**","-","**","-","**","-","**","-","**","-","**","-","**","-","**","-","**","-","**","(X)","(X)","-","(X)","(X)","(X)","0","13","-","**","-","**","-","**","-","**","-","**","-","**","-","**","-","**","-","**","-","**","-","**","-","**","(X)","(X)","(X)","(X)","(X)","(X)","0","13","-","**","-","**","-","**","-","**","-","**","-","**","-","**","-","**","-","**","-","**","-","**","-","**","(X)","(X)","(X)","(X)","-","(X)",
