"GEO_ID","NAME","S1901_C01_001E","S1901_C01_001M","S1901_C01_002E","S1901_C01_002M","S1901_C01_003E","S1901_C01_003M","S1901_C01_004E","S1901_C01_004M","S1901_C01_005E","S1901_C01_005M","S1901_C01_006E","S1901_C01_006M","S1901_C01_007E","S1901_C01_007M","S1901_C01_008E","S1901_C01_008M","S1901_C01_009E","S1901_C01_009M","S1901_C01_010E","S1901_C01_010M","S1901_C01_011E","S1901_C01_011M","S1901_C01_012E","S1901_C01_012M","S1901_C01_013E","S1901_C01_013M","S1901_C01_014E","S1901_C01_014M","S1901_C01_015E","S1901_C01_015M","S1901_C01_016E","S1901_C01_016M","S1901_C02_001E","S1901_C02_001M","S1901_C02_002E","S1901_C02_002M","S1901_C02_003E","S1901_C02_003M","S1901_C02_004E","S1901_C02_004M","S1901_C02_005E","S1901_C02_005M","S1901_C02_006E","S1901_C02_006M","S1901_C02_007E","S1901_C02_007M","S1901_C02_008E","S1901_C02_008M","S1901_C02_009E","S1901_C02_009M","S1901_C02_010E","S1901_C02_010M","S1901_C02_011E","S1901_C02_011M","S1901_C02_012E","S1901_C02_012M","S1901_C02_013E","S1901_C02_013M","S1901_C02_014E","S1901_C02_014M","S1901_C02_015E","S1901_C02_015M","S1901_C02_016E","S1901_C02_016M","S1901_C03_001E","S1901_C03_001M","S1901_C03_002E","S1901_C03_002M","S1901_C03_003E","S1901_C03_003M","S1901_C03_004E","S1901_C03_004M","S1901_C03_005E","S1901_C03_005M","S1901_C03_006E","S1901_C03_006M","S1901_C03_007E","S1901_C03_007M","S1901_C03_008E","S1901_C03_008M","S1901_C03_009E","S1901_C03_009M","S1901_C03_010E","S1901_C03_010M","S1901_C03_011E","S1901_C03_011M","S1901_C03_012E","S1901_C03_012M","S1901_C03_013E","S1901_C03_013M","S1901_C03_014E","S1901_C03_014M","S1901_C03_015E","S1901_C03_015M","S1901_C03_016E","S1901_C03_016M","S1901_C04_001E","S1901_C04_001M","S1901_C04_002E","S1901_C04_002M","S1901_C04_003E","S1901_C04_003M","S1901_C04_004E","S1901_C04_004M","S1901_C04_005E","S1901_C04_005M","S1901_C04_006E","S1901_C04_006M","S1901_C04_007E","S1901_C04_007M","S1901_C04_008E","S1901_C04_008M","S1901_C04_009E","S1901_C04_009M","S1901_C04_010E","S1901_C04_010M","S1901_C04_011E","S1901_C04_011M","S1901_C04_012E","S1901_C04_012M","S1901_C04_013E","S1901_C04_013M","S1901_C04_014E","S1901_C04_014M","S1901_C04_015E","S1901_C04_015M","S1901_C04_016E","S1901_C04_016M",
"Geography","Geographic Area Name","Estimate!!Households!!Total","Margin of Error!!Households!!Total","Estimate!!Households!!Total!!Less than $10,000","Margin of Error!!Households!!Total!!Less than $10,000","Estimate!!Households!!Total!!$10,000 to $14,999","Margin of Error!!Households!!Total!!$10,000 to $14,999","Estimate!!Households!!Total!!$15,000 to $24,999","Margin of Error!!Households!!Total!!$15,000 to $24,999","Estimate!!Households!!Total!!$25,000 to $34,999","Margin of Error!!Households!!Total!!$25,000 to $34,999","Estimate!!Households!!Total!!$35,000 to $49,999","Margin of Error!!Households!!Total!!$35,000 to $49,999","Estimate!!Households!!Total!!$50,000 to $74,999","Margin of Error!!Households!!Total!!$50,000 to $74,999","Estimate!!Households!!Total!!$75,000 to $99,999","Margin of Error!!Households!!Total!!$75,000 to $99,999","Estimate!!Households!!Total!!$100,000 to $149,999","Margin of Error!!Households!!Total!!$100,000 to $149,999","Estimate!!Households!!Total!!$150,000 to $199,999","Margin of Error!!Households!!Total!!$150,000 to $199,999","Estimate!!Households!!Total!!$200,000 or more","Margin of Error!!Households!!Total!!$200,000 or more","Estimate!!Households!!Median income (dollars)","Margin of Error!!Households!!Median income (dollars)","Estimate!!Households!!Mean income (dollars)","Margin of Error!!Households!!Mean income (dollars)","Estimate!!Households!!PERCENT ALLOCATED!!Household income in the past 12 months","Margin of Error!!Households!!PERCENT ALLOCATED!!Household income in the past 12 months","Estimate!!Households!!PERCENT ALLOCATED!!Family income in the past 12 months","Margin of Error!!Households!!PERCENT ALLOCATED!!Family income in the past 12 months","Estimate!!Households!!PERCENT ALLOCATED!!Nonfamily income in the past 12 months","Margin of Error!!Households!!PERCENT ALLOCATED!!Nonfamily income in the past 12 months","Estimate!!Families!!Total","Margin of Error!!Families!!Total","Estimate!!Families!!Total!!Less than $10,000","Margin of Error!!Families!!Total!!Less than $10,000","Estimate!!Families!!Total!!$10,000 to $14,999","Margin of Error!!Families!!Total!!$10,000 to $14,999","Estimate!!Families!!Total!!$15,000 to $24,999","Margin of Error!!Families!!Total!!$15,000 to $24,999","Estimate!!Families!!Total!!$25,000 to $34,999","Margin of Error!!Families!!Total!!$25,000 to $34,999","Estimate!!Families!!Total!!$35,000 to $49,999","Margin of Error!!Families!!Total!!$35,000 to $49,999","Estimate!!Families!!Total!!$50,000 to $74,999","Margin of Error!!Families!!Total!!$50,000 to $74,999","Estimate!!Families!!Total!!$75,000 to $99,999","Margin of Error!!Families!!Total!!$75,000 to $99,999","Estimate!!Families!!Total!!$100,000 to $149,999","Margin of Error!!Families!!Total!!$100,000 to $149,999","Estimate!!Families!!Total!!$150,000 to $199,999","Margin of Error!!Families!!Total!!$150,000 to $199,999","Estimate!!Families!!Total!!$200,000 or more","Margin of Error!!Families!!Total!!$200,000 or more","Estimate!!Families!!Median income (dollars)","Margin of Error!!Families!!Median income (dollars)","Estimate!!Families!!Mean income (dollars)","Margin of Error!!Families!!Mean income (dollars)","Estimate!!Families!!PERCENT ALLOCATED!!Household income in the past 12 months","Margin of Error!!Families!!PERCENT ALLOCATED!!Household income in the past 12 months","Estimate!!Families!!PERCENT ALLOCATED!!Family income in the past 12 months","Margin of Error!!Families!!PERCENT ALLOCATED!!Family income in the past 12 months","Estimate!!Families!!PERCENT ALLOCATED!!Nonfamily income in the past 12 months","Margin of Error!!Families!!PERCENT ALLOCATED!!Nonfamily income in the past 12 months","Estimate!!Married-couple families!!Total","Margin of Error!!Married-couple families!!Total","Estimate!!Married-couple families!!Total!!Less than $10,000","Margin of Error!!Married-couple families!!Total!!Less than $10,000","Estimate!!Married-couple families!!Total!!$10,000 to $14,999","Margin of Error!!Married-couple families!!Total!!$10,000 to $14,999","Estimate!!Married-couple families!!Total!!$15,000 to $24,999","Margin of Error!!Married-couple families!!Total!!$15,000 to $24,999","Estimate!!Married-couple families!!Total!!$25,000 to $34,999","Margin of Error!!Married-couple families!!Total!!$25,000 to $34,999","Estimate!!Married-couple families!!Total!!$35,000 to $49,999","Margin of Error!!Married-couple families!!Total!!$35,000 to $49,999","Estimate!!Married-couple families!!Total!!$50,000 to $74,999","Margin of Error!!Married-couple families!!Total!!$50,000 to $74,999","Estimate!!Married-couple families!!Total!!$75,000 to $99,999","Margin of Error!!Married-couple families!!Total!!$75,000 to $99,999","Estimate!!Married-couple families!!Total!!$100,000 to $149,999","Margin of Error!!Married-couple families!!Total!!$100,000 to $149,999","Estimate!!Married-couple families!!Total!!$150,000 to $199,999","Margin of Error!!Married-couple families!!Total!!$150,000 to $199,999","Estimate!!Married-couple families!!Total!!$200,000 or more","Margin of Error!!Married-couple families!!Total!!$200,000 or more","Estimate!!Married-couple families!!Median income (dollars)","Margin of Error!!Married-couple families!!Median income (dollars)","Estimate!!Married-couple families!!Mean income (dollars)","Margin of Error!!Married-couple families!!Mean income (dollars)","Estimate!!Married-couple families!!PERCENT ALLOCATED!!Household income in the past 12 months","Margin of Error!!Married-couple families!!PERCENT ALLOCATED!!Household income in the past 12 months","Estimate!!Married-couple families!!PERCENT ALLOCATED!!Family income in the past 12 months","Margin of Error!!Married-couple families!!PERCENT ALLOCATED!!Family income in the past 12 months","Estimate!!Married-couple families!!PERCENT ALLOCATED!!Nonfamily income in the past 12 months","Margin of Error!!Married-couple families!!PERCENT ALLOCATED!!Nonfamily income in the past 12 months","Estimate!!Nonfamily households!!Total","Margin of Error!!Nonfamily households!!Total","Estimate!!Nonfamily households!!Total!!Less than $10,000","Margin of Error!!Nonfamily households!!Total!!Less than $10,000","Estimate!!Nonfamily households!!Total!!$10,000 to $14,999","Margin of Error!!Nonfamily households!!Total!!$10,000 to $14,999","Estimate!!Nonfamily households!!Total!!$15,000 to $24,999","Margin of Error!!Nonfamily households!!Total!!$15,000 to $24,999","Estimate!!Nonfamily households!!Total!!$25,000 to $34,999","Margin of Error!!Nonfamily households!!Total!!$25,000 to $34,999","Estimate!!Nonfamily households!!Total!!$35,000 to $49,999","Margin of Error!!Nonfamily households!!Total!!$35,000 to $49,999","Estimate!!Nonfamily households!!Total!!$50,000 to $74,999","Margin of Error!!Nonfamily households!!Total!!$50,000 to $74,999","Estimate!!Nonfamily households!!Total!!$75,000 to $99,999","Margin of Error!!Nonfamily households!!Total!!$75,000 to $99,999","Estimate!!Nonfamily households!!Total!!$100,000 to $149,999","Margin of Error!!Nonfamily households!!Total!!$100,000 to $149,999","Estimate!!Nonfamily households!!Total!!$150,000 to $199,999","Margin of Error!!Nonfamily households!!Total!!$150,000 to $199,999","Estimate!!Nonfamily households!!Total!!$200,000 or more","Margin of Error!!Nonfamily households!!Total!!$200,000 or more","Estimate!!Nonfamily households!!Median income (dollars)","Margin of Error!!Nonfamily households!!Median income (dollars)","Estimate!!Nonfamily households!!Mean income (dollars)","Margin of Error!!Nonfamily households!!Mean income (dollars)","Estimate!!Nonfamily households!!PERCENT ALLOCATED!!Household income in the past 12 months","Margin of Error!!Nonfamily households!!PERCENT ALLOCATED!!Household income in the past 12 months","Estimate!!Nonfamily households!!PERCENT ALLOCATED!!Family income in the past 12 months","Margin of Error!!Nonfamily households!!PERCENT ALLOCATED!!Family income in the past 12 months","Estimate!!Nonfamily households!!PERCENT ALLOCATED!!Nonfamily income in the past 12 months","Margin of Error!!Nonfamily households!!PERCENT ALLOCATED!!Nonfamily income in the past 12 months",
"1400000US25025000101","Census Tract 1.01, Suffolk County, Massachusetts","578","76","1.9","2.7","1.9","3.3","0.0","6.7","1.6","2.4","9.7","7.8","9.7","6.9","12.1","10.5","30.4","10.2","17.5","10.3","15.2","9.3","123333","9662","137530","23969","45.2","(X)","(X)","(X)","(X)","(X)","191","61","0.0","18.8","0.0","18.8","3.1","5.4","0.0","18.8","3.1","4.5","4.7","7.6","9.9","13.1","37.2","20.7","4.2","7.7","37.7","22.2","127188","77602","187572","55489","(X)","(X)","23.0","(X)","(X)","(X)","166","55","0.0","21.2","0.0","21.2","0.0","21.2","0.0","21.2","0.0","21.2","5.4","8.9","10.8","11.7","35.5","19.3","4.8","9.3","43.4","25.0","141429","119001","N","N","(X)","(X)","(X)","(X)","(X)","(X)","387","76","2.8","4.1","2.8","4.8","0.0","9.8","2.3","3.5","12.9","11.1","12.1","9.2","11.6","14.1","27.1","13.1","24.0","15.8","4.1","6.1","121513","39632","111911","19002","(X)","(X)","(X)","(X)","56.1","(X)",
"1400000US25025000102","Census Tract 1.02, Suffolk County, Massachusetts","1394","237","6.4","5.2","1.2","1.9","7.1","4.5","3.7","3.6","6.9","5.5","10.8","6.0","10.1","6.1","25.3","9.8","18.9","14.8","9.5","7.4","105444","17365","109347","18043","61.3","(X)","(X)","(X)","(X)","(X)","611","130","3.8","4.4","0.0","6.3","11.3","8.4","6.5","7.4","3.4","4.0","14.2","10.2","8.5","8.3","36.5","15.8","2.6","4.3","13.1","10.2","105131","21104","111718","28970","(X)","(X)","63.3","(X)","(X)","(X)","450","115","0.0","8.5","0.0","8.5","0.0","8.5","8.0","9.6","0.0","8.5","9.6","8.2","11.6","11.1","49.6","18.8","3.6","6.0","17.8","13.5","106754","11201","N","N","(X)","(X)","(X)","(X)","(X)","(X)","783","244","8.4","9.1","2.2","3.4","3.8","3.8","1.4","2.5","9.6","9.0","8.2","6.9","14.8","10.9","16.6","11.2","28.2","23.7","6.8","10.2","103802","47168","103686","24665","(X)","(X)","(X)","(X)","59.6","(X)",
"1400000US25025000201","Census Tract 2.01, Suffolk County, Massachusetts","1796","286","4.3","3.5","0.0","2.2","7.2","6.0","6.2","4.6","6.8","4.2","9.7","5.8","11.7","4.2","34.5","11.5","11.0","4.6","8.6","3.4","112244","27874","108423","11771","51.5","(X)","(X)","(X)","(X)","(X)","682","159","0.0","5.7","0.0","5.7","12.9","13.9","6.5","7.1","18.9","15.8","4.4","3.0","4.7","4.1","34.5","16.1","6.9","4.7","11.3","6.2","106364","35791","105798","19871","(X)","(X)","46.5","(X)","(X)","(X)","557","164","0.0","6.9","0.0","6.9","15.8","16.2","4.1","6.7","12.0","9.1","3.2","2.4","5.7","4.9","36.8","17.1","8.4","5.9","13.8","7.8","112083","34560","N","N","(X)","(X)","(X)","(X)","(X)","(X)","1114","265","7.0","5.7","0.0","3.5","3.8","3.8","6.0","5.8","4.9","5.0","7.4","4.7","16.0","6.5","36.0","16.6","12.0","6.5","6.9","4.8","120861","40327","108995","14379","(X)","(X)","(X)","(X)","54.6","(X)",
"1400000US25025000202","Census Tract 2.02, Suffolk County, Massachusetts","1499","196","6.8","4.6","1.5","2.3","9.5","4.6","7.8","5.7","11.2","8.3","6.3","4.0","9.5","5.6","18.2","5.8","15.7","5.9","13.4","4.8","84938","33691","107463","14809","51.0","(X)","(X)","(X)","(X)","(X)","723","141","12.3","9.5","0.0","5.4","12.2","9.6","11.3","10.6","5.5","4.0","3.6","5.7","10.8","9.0","19.6","8.6","12.4","7.6","12.2","7.1","78567","29312","98266","21105","(X)","(X)","51.2","(X)","(X)","(X)","419","123","0.5","1.8","0.0","9.1","8.1","9.7","11.5","14.1","8.6","6.9","6.2","9.8","7.6","7.9","23.2","13.0","19.6","12.5","14.8","10.2","111250","35103","N","N","(X)","(X)","(X)","(X)","(X)","(X)","776","173","1.7","1.9","3.0","4.3","7.1","4.4","4.5","4.8","16.5","14.8","8.9","6.0","8.2","6.2","16.9","8.3","19.7","9.0","13.5","7.3","100109","48810","114762","23126","(X)","(X)","(X)","(X)","50.8","(X)",
"1400000US25025000301","Census Tract 3.01, Suffolk County, Massachusetts","1183","166","1.3","1.6","1.5","2.3","1.1","1.4","0.5","0.8","4.5","3.1","12.0","5.9","8.3","4.5","46.4","9.9","17.0","7.3","7.4","4.9","125828","9595","128314","15865","47.4","(X)","(X)","(X)","(X)","(X)","379","145","0.0","10.0","4.7","6.7","0.0","10.0","0.0","10.0","1.8","3.1","18.2","14.1","12.9","11.7","44.6","23.7","12.4","11.6","5.3","5.6","106637","36215","131854","37106","(X)","(X)","49.3","(X)","(X)","(X)","243","88","0.0","15.1","7.4","10.5","0.0","15.1","0.0","15.1","2.9","4.5","26.3","17.0","20.2","15.9","15.6","17.2","19.3","18.1","8.2","8.2","95707","67814","N","N","(X)","(X)","(X)","(X)","(X)","(X)","804","152","1.9","2.4","0.0","4.8","1.6","2.1","0.7","1.2","5.7","4.2","9.1","6.4","6.1","5.7","48.9","12.1","19.2","8.9","6.8","5.5","126541","9226","125277","11856","(X)","(X)","(X)","(X)","46.5","(X)",
"1400000US25025000302","Census Tract 3.02, Suffolk County, Massachusetts","1305","257","2.7","2.7","0.8","1.2","2.8","3.4","0.8","1.3","9.0","5.8","9.7","5.1","22.5","11.1","23.9","8.2","16.6","14.1","11.3","5.5","103234","19084","122299","17799","54.6","(X)","(X)","(X)","(X)","(X)","762","230","0.0","5.1","0.0","5.1","3.7","5.6","1.4","2.3","10.8","8.7","9.7","6.1","28.0","16.7","10.6","7.2","27.4","21.9","8.4","6.4","94304","47793","128334","27086","(X)","(X)","44.4","(X)","(X)","(X)","568","242","0.0","6.8","0.0","6.8","0.0","6.8","0.0","6.8","6.3","8.4","6.5","5.2","34.2","22.5","9.0","7.6","32.7","27.5","11.3","9.5","123000","101724","N","N","(X)","(X)","(X)","(X)","(X)","(X)","543","111","6.4","6.4","1.8","2.8","1.7","2.7","0.0","7.1","6.4","8.2","9.6","7.9","14.9","12.4","42.5","15.1","2.4","3.1","14.2","10.3","107563","11581","112931","21701","(X)","(X)","(X)","(X)","69.1","(X)",
"1400000US25025000401","Census Tract 4.01, Suffolk County, Massachusetts","2878","369","9.5","5.9","15.3","8.7","0.3","0.5","0.5","0.9","5.4","3.0","17.8","8.2","16.1","6.9","20.8","7.1","8.3","4.3","6.2","3.6","77683","9175","85416","8766","34.0","(X)","(X)","(X)","(X)","(X)","785","185","13.2","10.9","2.2","3.3","0.0","5.0","0.0","5.0","6.2","6.1","16.8","13.2","16.3","13.1","28.7","14.0","13.0","9.5","3.6","4.4","92869","28895","96394","15263","(X)","(X)","25.2","(X)","(X)","(X)","675","175","15.4","12.6","2.5","3.9","0.0","5.8","0.0","5.8","7.3","7.1","18.1","15.3","11.7","11.6","31.1","15.9","12.6","10.3","1.3","2.2","93097","39196","N","N","(X)","(X)","(X)","(X)","(X)","(X)","2093","374","8.1","7.5","20.2","11.7","0.4","0.6","0.7","1.2","5.0","3.5","18.1","9.8","18.1","8.5","16.1","7.7","6.2","5.0","7.1","4.6","69939","12051","80036","12196","(X)","(X)","(X)","(X)","36.5","(X)",
"1400000US25025000402","Census Tract 4.02, Suffolk County, Massachusetts","1330","195","2.7","1.9","3.0","2.5","2.8","1.9","4.4","3.4","4.9","3.8","15.1","6.0","15.6","6.8","24.8","6.7","11.3","5.9","15.3","8.4","101583","15198","153106","66842","42.9","(X)","(X)","(X)","(X)","(X)","506","153","1.6","2.2","0.0","7.6","3.8","3.6","1.8","3.1","9.1","9.0","11.3","6.7","7.5","8.7","22.9","11.2","13.6","9.8","28.5","17.9","134342","42710","242576","157106","(X)","(X)","51.0","(X)","(X)","(X)","419","145","1.9","2.7","0.0","9.1","4.5","4.5","2.1","3.7","1.9","3.0","13.6","8.3","7.2","9.7","19.1","11.5","16.5","12.2","33.2","20.4","149625","47813","N","N","(X)","(X)","(X)","(X)","(X)","(X)","824","129","3.4","2.7","4.9","3.9","2.2","2.3","6.1","5.1","2.3","2.2","17.5","8.9","20.6","8.7","26.0","8.4","9.8","6.7","7.3","5.5","90313","14746","98165","13536","(X)","(X)","(X)","(X)","38.0","(X)",
"1400000US25025000502","Census Tract 5.02, Suffolk County, Massachusetts","1624","145","8.3","3.6","8.9","3.8","4.6","2.9","6.8","3.7","8.1","4.0","11.6","3.8","14.7","4.6","17.7","6.1","5.6","2.8","13.7","7.0","76458","13504","99899","14458","29.4","(X)","(X)","(X)","(X)","(X)","356","81","1.1","1.8","6.7","7.1","9.6","9.7","0.0","10.6","1.1","2.0","9.0","6.4","12.9","11.4","26.4","13.6","9.0","8.7","24.2","10.6","118500","44915","165343","45836","(X)","(X)","16.9","(X)","(X)","(X)","310","80","1.3","2.1","7.7","8.0","11.0","10.9","0.0","12.1","1.3","2.2","7.4","6.7","12.3","12.6","21.0","13.7","10.3","10.1","27.7","11.9","128654","46952","N","N","(X)","(X)","(X)","(X)","(X)","(X)","1268","161","10.3","4.6","9.5","4.6","3.2","2.2","8.7","4.6","10.1","5.0","12.3","4.6","15.2","5.4","15.2","6.2","4.7","2.6","10.8","8.4","63793","17941","81525","15950","(X)","(X)","(X)","(X)","32.9","(X)",
"1400000US25025000503","Census Tract 5.03, Suffolk County, Massachusetts","1121","153","2.8","2.5","3.3","2.4","3.7","2.6","1.8","1.8","8.2","4.8","18.0","5.6","20.7","6.9","29.0","7.4","9.3","5.3","3.2","3.5","85417","12794","94365","7831","30.0","(X)","(X)","(X)","(X)","(X)","273","95","5.9","5.0","0.0","13.6","2.9","4.7","0.0","13.6","7.0","7.4","10.3","11.2","17.2","11.6","23.8","14.3","24.5","17.6","8.4","13.0","117768","30730","117022","23132","(X)","(X)","8.8","(X)","(X)","(X)","267","94","3.7","5.6","0.0","13.9","3.0","4.8","0.0","13.9","7.1","7.6","10.5","11.4","17.6","12.0","24.3","14.6","25.1","17.9","8.6","13.3","118304","29375","N","N","(X)","(X)","(X)","(X)","(X)","(X)","848","133","2.5","2.3","3.7","3.0","4.0","3.1","2.4","2.4","8.6","5.9","20.5","6.3","21.8","9.1","30.7","7.5","4.4","3.5","1.5","1.8","79783","7940","86924","7444","(X)","(X)","(X)","(X)","36.8","(X)",
"1400000US25025000505","Census Tract 5.05, Suffolk County, Massachusetts","1054","149","5.5","7.5","14.1","8.5","11.0","10.9","4.2","5.0","13.5","11.4","9.0","6.6","16.1","9.3","5.8","4.3","16.3","7.9","4.5","4.2","53365","15839","75754","14051","54.7","(X)","(X)","(X)","(X)","(X)","294","106","0.0","12.7","24.1","23.0","0.0","12.7","0.0","12.7","0.0","12.7","17.7","15.7","26.2","18.6","0.0","12.7","32.0","21.9","0.0","12.7","79375","32305","88729","32108","(X)","(X)","33.7","(X)","(X)","(X)","249","107","0.0","14.8","28.5","24.2","0.0","14.8","0.0","14.8","0.0","14.8","17.3","18.3","30.9","23.2","0.0","14.8","23.3","14.5","0.0","14.8","78320","36915","N","N","(X)","(X)","(X)","(X)","(X)","(X)","760","170","7.6","10.1","10.3","9.1","15.3","14.9","5.8","7.0","18.7","15.1","5.7","5.8","13.6","10.2","6.7","5.7","10.3","7.2","6.2","5.8","43875","16297","70095","18852","(X)","(X)","(X)","(X)","61.6","(X)",
"1400000US25025000506","Census Tract 5.06, Suffolk County, Massachusetts","1306","159","13.6","6.5","6.0","4.7","7.5","6.0","1.5","1.7","9.6","6.4","14.2","6.0","9.0","5.9","21.6","7.9","12.3","5.8","4.7","4.0","67024","24836","81061","10515","37.6","(X)","(X)","(X)","(X)","(X)","293","120","0.0","12.7","0.0","12.7","5.8","10.3","2.0","4.7","8.5","12.7","11.3","13.6","19.5","18.4","23.2","14.0","8.9","13.0","20.8","15.5","110607","44093","122595","28913","(X)","(X)","25.3","(X)","(X)","(X)","266","108","0.0","13.9","0.0","13.9","6.4","11.4","0.0","13.9","9.4","13.7","12.4","14.9","13.5","14.4","25.6","15.4","9.8","14.0","22.9","16.6","111571","42946","N","N","(X)","(X)","(X)","(X)","(X)","(X)","1013","165","17.6","8.2","7.8","6.2","8.0","7.2","1.4","1.6","10.0","7.3","15.0","6.8","5.9","4.9","21.1","10.0","13.2","7.1","0.0","3.9","58576","15684","69047","11272","(X)","(X)","(X)","(X)","41.2","(X)",
"1400000US25025000601","Census Tract 6.01, Suffolk County, Massachusetts","1447","104","3.9","2.5","1.2","1.7","5.0","3.1","4.1","3.1","7.3","4.1","13.1","4.9","10.9","4.2","25.5","6.7","16.0","5.0","13.1","4.6","114479","20023","119748","10404","40.6","(X)","(X)","(X)","(X)","(X)","529","88","3.2","5.1","0.0","7.3","4.2","3.9","2.8","3.3","3.6","4.7","7.2","5.3","12.5","7.5","34.4","11.6","21.4","10.0","10.8","5.7","133819","7610","129924","14502","(X)","(X)","41.6","(X)","(X)","(X)","378","83","4.5","7.0","0.0","10.0","2.1","3.3","0.0","10.0","2.9","4.5","4.0","4.2","7.9","7.8","38.6","13.3","24.9","13.5","15.1","7.6","145100","18353","N","N","(X)","(X)","(X)","(X)","(X)","(X)","918","114","4.2","2.8","1.9","2.7","5.6","4.8","4.8","4.5","10.3","5.8","16.4","7.4","10.8","5.2","20.4","8.0","12.0","6.3","13.6","5.8","94188","14235","110703","12391","(X)","(X)","(X)","(X)","39.3","(X)",
"1400000US25025000603","Census Tract 6.03, Suffolk County, Massachusetts","855","186","16.5","12.1","22.6","11.3","15.3","11.7","4.6","5.1","4.6","5.0","18.0","9.2","4.7","5.6","9.8","7.0","0.0","4.6","4.0","4.9","21481","13167","48706","16040","40.6","(X)","(X)","(X)","(X)","(X)","351","141","0.0","10.8","36.8","23.0","14.2","12.2","5.7","9.9","0.0","10.8","8.8","8.5","4.6","8.8","20.2","15.3","0.0","10.8","9.7","11.1","-","**","68057","32768","(X)","(X)","40.5","(X)","(X)","(X)","211","114","0.0","17.2","34.6","27.3","5.2","9.8","9.5","16.1","0.0","17.2","14.7","13.1","0.0","17.2","19.9","17.2","0.0","17.2","16.1","18.1","-","**","N","N","(X)","(X)","(X)","(X)","(X)","(X)","504","193","28.0","18.1","12.7","8.8","16.1","18.1","3.8","5.8","7.7","8.2","24.4","16.4","4.8","8.0","2.6","4.6","0.0","7.6","0.0","7.6","21451","14934","35229","10150","(X)","(X)","(X)","(X)","40.7","(X)",
"1400000US25025000604","Census Tract 6.04, Suffolk County, Massachusetts","1145","122","7.9","7.7","14.0","8.1","10.8","6.5","8.6","7.1","7.1","4.4","12.4","5.1","15.3","8.2","7.2","6.2","8.4","4.6","8.4","8.7","54602","19268","71587","15200","28.1","(X)","(X)","(X)","(X)","(X)","334","156","17.7","24.5","0.0","11.3","11.7","14.5","3.0","6.9","4.2","6.3","10.2","9.4","13.2","19.0","6.9","11.5","10.2","13.6","23.1","25.7","85625","75815","97515","48772","(X)","(X)","19.2","(X)","(X)","(X)","316","156","17.4","24.9","0.0","11.9","12.3","15.6","3.2","7.4","0.0","11.9","10.8","10.1","13.9","19.9","7.3","12.1","10.8","13.7","24.4","27.2","86136","78706","N","N","(X)","(X)","(X)","(X)","(X)","(X)","811","124","3.8","3.3","19.7","10.9","10.5","7.5","11.0","9.7","8.3","6.2","13.3","6.2","16.2","10.1","7.3","7.4","7.6","5.5","2.3","3.8","45959","21315","60908","12805","(X)","(X)","(X)","(X)","31.8","(X)",
"1400000US25025000701","Census Tract 7.01, Suffolk County, Massachusetts","2172","220","8.2","6.4","2.4","1.8","11.5","6.0","4.9","2.7","8.1","4.7","17.9","6.4","13.4","4.5","22.2","8.1","7.6","4.0","3.9","2.8","72382","12675","83986","15960","30.5","(X)","(X)","(X)","(X)","(X)","503","167","0.0","7.6","3.4","4.4","0.0","7.6","7.4","7.7","3.8","5.6","37.0","16.2","12.1","10.6","17.7","11.6","15.7","12.7","3.0","4.9","74693","42045","95445","15061","(X)","(X)","18.7","(X)","(X)","(X)","347","140","0.0","10.9","0.0","10.9","0.0","10.9","5.2","7.6","0.0","10.9","28.8","16.9","17.6","14.9","25.6","15.6","18.4","16.9","4.3","7.1","99141","31120","N","N","(X)","(X)","(X)","(X)","(X)","(X)","1669","254","10.7","8.2","2.2","2.4","15.0","7.7","4.1","3.3","10.5","6.1","12.1","5.7","15.3","5.7","22.4","10.3","3.5","3.2","4.2","3.3","61685","25992","78716","20236","(X)","(X)","(X)","(X)","34.0","(X)",
"1400000US25025000703","Census Tract 7.03, Suffolk County, Massachusetts","892","105","23.2","7.6","5.5","5.3","7.7","3.9","5.3","3.3","16.9","7.6","13.0","6.3","9.4","5.4","4.7","3.8","9.4","4.7","4.8","4.0","44674","8809","60607","13119","33.7","(X)","(X)","(X)","(X)","(X)","88","50","15.9","24.5","0.0","34.6","0.0","34.6","8.0","12.7","0.0","34.6","9.1","14.8","0.0","34.6","0.0","34.6","58.0","29.3","9.1","14.2","151172","69657","120417","44778","(X)","(X)","65.9","(X)","(X)","(X)","61","38","23.0","32.5","0.0","42.1","0.0","42.1","11.5","18.2","0.0","42.1","13.1","21.4","0.0","42.1","0.0","42.1","52.5","32.3","0.0","42.1","-","**","N","N","(X)","(X)","(X)","(X)","(X)","(X)","804","113","24.0","8.6","6.1","5.7","8.6","4.4","5.0","3.4","18.8","8.1","13.4","7.0","10.4","6.1","5.2","4.3","6.5","4.3","2.0","2.2","42059","9836","52080","10327","(X)","(X)","(X)","(X)","30.2","(X)",
"1400000US25025000704","Census Tract 7.04, Suffolk County, Massachusetts","2098","186","9.6","3.8","3.3","2.7","7.7","3.9","3.8","3.1","13.1","7.8","23.4","7.2","8.1","4.1","21.3","6.7","5.6","3.3","4.1","3.0","66315","6250","78567","7529","30.8","(X)","(X)","(X)","(X)","(X)","605","221","0.0","6.4","5.8","6.7","0.0","6.4","4.1","4.7","11.7","14.6","25.5","16.2","9.4","9.3","29.3","17.0","10.1","10.3","4.1","5.1","91458","44234","97591","20114","(X)","(X)","24.5","(X)","(X)","(X)","313","127","0.0","12.0","11.2","13.1","0.0","12.0","8.0","8.8","22.7","26.8","0.0","12.0","8.6","10.3","22.0","16.1","19.5","16.1","8.0","8.9","97361","78627","N","N","(X)","(X)","(X)","(X)","(X)","(X)","1493","228","13.5","5.5","2.3","2.7","10.9","5.4","3.7","4.1","13.6","8.6","22.5","6.3","7.6","4.5","18.1","7.0","5.6","3.5","2.3","2.4","58575","7810","68236","7592","(X)","(X)","(X)","(X)","33.4","(X)",
"1400000US25025000804","Census Tract 8.04, Suffolk County, Massachusetts","1198","185","3.0","3.3","2.7","4.2","5.3","5.6","7.7","6.0","12.6","11.4","8.3","6.3","10.4","7.6","32.2","10.3","8.5","4.7","9.4","5.8","100048","13515","105895","17316","35.5","(X)","(X)","(X)","(X)","(X)","543","186","0.0","7.1","0.0","7.1","4.6","7.5","13.1","11.9","25.6","22.7","10.7","12.1","9.9","11.7","28.5","18.0","3.3","5.3","4.2","6.1","-","**","82599","23907","(X)","(X)","57.5","(X)","(X)","(X)","335","113","0.0","11.2","0.0","11.2","0.0","11.2","21.2","17.6","13.7","17.2","1.5","6.9","16.1","17.3","35.2","21.1","5.4","8.6","6.9","9.6","98365","32736","N","N","(X)","(X)","(X)","(X)","(X)","(X)","655","143","5.5","5.8","4.9","7.6","5.8","8.0","3.2","5.1","3.4","5.3","7.5","7.5","7.9","8.1","35.3","14.1","12.8","7.4","13.7","10.1","115893","28754","124486","27616","(X)","(X)","(X)","(X)","17.3","(X)",
"1400000US25025000805","Census Tract 8.05, Suffolk County, Massachusetts","1314","141","19.7","6.1","3.3","3.0","4.9","5.2","8.0","5.0","14.9","8.6","9.1","5.6","5.5","3.7","17.4","7.7","6.5","4.4","10.7","5.7","45735","16934","77407","13421","36.6","(X)","(X)","(X)","(X)","(X)","280","126","0.0","13.3","0.0","13.3","20.4","18.6","5.7","10.2","29.3","26.8","0.0","13.3","1.1","2.9","35.7","24.3","7.9","9.1","0.0","13.3","-","**","75898","22469","(X)","(X)","22.9","(X)","(X)","(X)","181","102","0.0","19.7","0.0","19.7","9.9","12.4","8.8","14.4","30.9","34.6","0.0","19.7","1.7","4.4","36.5","33.2","12.2","14.6","0.0","19.7","-","**","N","N","(X)","(X)","(X)","(X)","(X)","(X)","1034","142","25.0","7.6","4.3","3.7","4.2","6.0","8.6","5.6","7.6","6.5","11.5","6.8","6.7","4.6","12.4","7.4","6.2","4.7","13.5","7.2","50234","17043","76906","15593","(X)","(X)","(X)","(X)","40.3","(X)",
"1400000US25025000806","Census Tract 8.06, Suffolk County, Massachusetts","713","104","14.9","6.1","1.8","1.8","10.7","7.2","6.0","3.8","4.5","3.5","14.6","7.3","19.4","11.7","15.4","5.3","5.2","4.1","7.6","6.3","69387","21227","84499","17290","35.5","(X)","(X)","(X)","(X)","(X)","133","82","0.0","25.5","3.0","5.9","4.5","7.1","3.0","5.0","3.0","5.1","22.6","21.1","42.1","31.3","18.8","15.7","0.0","25.5","3.0","6.2","97820","33787","85797","14456","(X)","(X)","59.4","(X)","(X)","(X)","133","82","0.0","25.5","3.0","5.9","4.5","7.1","3.0","5.0","3.0","5.1","22.6","21.1","42.1","31.3","18.8","15.7","0.0","25.5","3.0","6.2","97820","33787","N","N","(X)","(X)","(X)","(X)","(X)","(X)","580","99","18.3","7.0","1.6","2.0","12.1","8.7","6.7","4.6","4.8","4.0","12.8","10.3","14.1","10.9","14.7","4.9","6.4","5.1","8.6","7.7","68315","14917","84201","20623","(X)","(X)","(X)","(X)","30.0","(X)",
"1400000US25025000807","Census Tract 8.07, Suffolk County, Massachusetts","0","13","-","**","-","**","-","**","-","**","-","**","-","**","-","**","-","**","-","**","-","**","-","**","-","**","-","(X)","(X)","(X)","(X)","(X)","0","13","-","**","-","**","-","**","-","**","-","**","-","**","-","**","-","**","-","**","-","**","-","**","-","**","(X)","(X)","-","(X)","(X)","(X)","0","13","-","**","-","**","-","**","-","**","-","**","-","**","-","**","-","**","-","**","-","**","-","**","-","**","(X)","(X)","(X)","(X)","(X)","(X)","0","13","-","**","-","**","-","**","-","**","-","**","-","**","-","**","-","**","-","**","-","**","-","**","-","**","(X)","(X)","(X)","(X)","-","(X)",
"1400000US25025010103","Census Tract 101.03, Suffolk County, Massachusetts","418","80","18.9","8.2","6.9","5.7","5.7","7.2","19.4","13.1","9.6","8.1","2.4","2.8","3.3","2.5","8.1","5.7","8.6","7.0","17.0","8.8","34804","4014","112758","38579","20.6","(X)","(X)","(X)","(X)","(X)","84","37","0.0","35.6","0.0","35.6","0.0","35.6","0.0","35.6","0.0","35.6","7.1","10.9","0.0","35.6","13.1","17.8","8.3","14.8","71.4","23.9","250,000+","***","360801","132745","(X)","(X)","9.5","(X)","(X)","(X)","84","37","0.0","35.6","0.0","35.6","0.0","35.6","0.0","35.6","0.0","35.6","7.1","10.9","0.0","35.6","13.1","17.8","8.3","14.8","71.4","23.9","250,000+","***","N","N","(X)","(X)","(X)","(X)","(X)","(X)","334","79","23.7","10.8","8.7","7.3","7.2","8.9","24.3","15.8","12.0","10.2","1.2","2.0","4.2","3.2","6.9","7.9","8.7","7.5","3.3","3.6","32745","4099","50376","14825","(X)","(X)","(X)","(X)","23.4","(X)",
"1400000US25025010104","Census Tract 101.04, Suffolk County, Massachusetts","1574","183","23.8","7.8","6.0","3.9","5.3","3.1","3.2","2.3","3.4","2.6","15.9","5.3","6.5","3.1","12.1","4.8","6.9","3.7","16.9","6.5","59063","8712","101093","18039","27.4","(X)","(X)","(X)","(X)","(X)","368","111","0.0","10.3","0.0","10.3","5.2","6.0","7.1","8.0","6.0","8.1","13.9","12.4","1.9","3.1","9.8","8.0","12.5","10.6","43.8","17.4","154545","85242","198655","49719","(X)","(X)","29.3","(X)","(X)","(X)","297","101","0.0","12.6","0.0","12.6","2.4","4.3","8.8","10.0","7.4","10.1","7.1","10.8","0.0","12.6","12.1","10.1","11.1","9.9","51.2","19.5","200461","81480","N","N","(X)","(X)","(X)","(X)","(X)","(X)","1206","199","31.1","9.6","7.8","5.1","5.3","3.8","2.1","1.9","2.6","2.4","16.5","7.0","8.0","4.0","12.8","5.7","5.2","3.7","8.7","5.4","51667","28484","70450","13457","(X)","(X)","(X)","(X)","26.8","(X)",
"1400000US25025010204","Census Tract 102.04, Suffolk County, Massachusetts","1011","118","27.0","8.6","1.4","1.6","10.8","4.8","4.0","3.4","8.2","5.6","12.8","7.3","6.4","3.4","11.3","4.8","8.5","6.0","9.7","7.5","47750","27511","74220","15562","27.7","(X)","(X)","(X)","(X)","(X)","111","48","10.8","15.9","0.0","29.4","0.0","29.4","4.5","7.2","0.0","29.4","0.0","29.4","41.4","20.1","9.9","13.5","5.4","9.1","27.9","14.6","81853","56345","141361","48917","(X)","(X)","17.1","(X)","(X)","(X)","106","48","11.3","16.6","0.0","30.4","0.0","30.4","0.0","30.4","0.0","30.4","0.0","30.4","43.4","20.6","10.4","14.1","5.7","9.5","29.2","15.6","82069","72898","N","N","(X)","(X)","(X)","(X)","(X)","(X)","900","123","29.0","9.7","1.6","1.8","12.1","5.3","4.4","3.8","8.7","6.2","14.3","8.2","2.1","2.1","11.4","5.1","8.9","6.7","7.4","8.3","41279","16308","65898","16937","(X)","(X)","(X)","(X)","29.0","(X)",
"1400000US25025010205","Census Tract 102.05, Suffolk County, Massachusetts","2468","373","19.3","7.8","7.1","4.3","6.8","3.9","7.1","4.5","6.9","4.1","6.4","3.7","18.4","10.8","11.1","4.7","7.2","3.6","9.6","5.1","58702","36145","91528","19515","18.3","(X)","(X)","(X)","(X)","(X)","564","208","4.4","4.7","7.3","11.1","1.2","2.1","0.0","6.8","5.0","7.5","2.3","3.6","11.5","13.1","20.7","11.9","23.6","11.3","23.9","13.9","148158","80564","168299","46254","(X)","(X)","25.2","(X)","(X)","(X)","509","195","0.0","7.6","8.1","12.3","1.4","2.3","0.0","7.6","5.5","8.3","2.6","4.0","12.8","14.5","17.1","11.9","26.1","12.8","26.5","15.1","173304","58156","N","N","(X)","(X)","(X)","(X)","(X)","(X)","1904","405","24.2","10.1","7.1","4.4","8.5","5.0","8.8","5.4","7.5","4.6","7.6","4.7","20.5","14.7","8.2","4.5","2.3","3.4","5.4","5.0","40182","23868","68715","21550","(X)","(X)","(X)","(X)","15.8","(X)",
"1400000US25025010206","Census Tract 102.06, Suffolk County, Massachusetts","1191","357","16.0","8.7","7.1","9.1","5.5","5.8","0.0","3.3","13.6","17.2","18.5","11.0","3.4","3.5","25.1","20.2","6.6","7.4","4.2","4.9","65625","24956","83487","23236","22.8","(X)","(X)","(X)","(X)","(X)","243","222","0.0","15.1","0.0","15.1","0.0","15.1","0.0","15.1","56.8","51.8","13.6","26.2","4.9","11.8","0.0","15.1","15.2","24.9","9.5","21.3","44701","30123","112606","108814","(X)","(X)","75.3","(X)","(X)","(X)","105","92","0.0","30.6","0.0","30.6","0.0","30.6","0.0","30.6","0.0","30.6","31.4","43.1","11.4","21.0","0.0","30.6","35.2","44.0","21.9","35.9","-","**","N","N","(X)","(X)","(X)","(X)","(X)","(X)","948","372","20.0","11.1","9.0","10.5","6.9","7.4","0.0","4.1","2.5","4.4","19.7","12.9","3.1","3.9","31.5","24.3","4.4","7.0","2.8","4.4","70283","41979","76023","25902","(X)","(X)","(X)","(X)","9.3","(X)",
"1400000US25025010300","Census Tract 103, Suffolk County, Massachusetts","223","46","11.7","7.3","10.8","8.3","4.5","3.6","11.7","9.3","5.8","8.8","21.1","12.0","7.2","8.5","25.1","10.0","2.2","3.1","0.0","16.4","56953","12204","62680","11238","23.3","(X)","(X)","(X)","(X)","(X)","44","26","0.0","49.6","0.0","49.6","0.0","49.6","0.0","49.6","0.0","49.6","34.1","33.2","22.7","32.8","31.8","28.4","11.4","16.6","0.0","49.6","94250","36541","101180","22128","(X)","(X)","34.1","(X)","(X)","(X)","44","26","0.0","49.6","0.0","49.6","0.0","49.6","0.0","49.6","0.0","49.6","34.1","33.2","22.7","32.8","31.8","28.4","11.4","16.6","0.0","49.6","94250","36541","N","N","(X)","(X)","(X)","(X)","(X)","(X)","179","48","14.5","9.3","13.4","10.2","5.6","4.5","14.5","11.5","7.3","10.8","17.9","11.6","3.4","4.8","23.5","10.7","0.0","19.9","0.0","19.9","43173","30343","53217","11303","(X)","(X)","(X)","(X)","20.7","(X)",
"1400000US25025010403","Census Tract 104.03, Suffolk County, Massachusetts","1684","191","21.3","7.2","6.9","3.4","11.6","5.1","7.6","5.3","18.3","8.9","8.1","5.3","8.4","3.8","8.2","5.4","3.6","3.1","6.0","3.9","35853","4492","60898","12354","36.4","(X)","(X)","(X)","(X)","(X)","285","91","3.5","5.7","0.0","13.1","18.6","22.0","0.0","13.1","28.4","14.8","16.5","15.1","8.1","10.4","7.4","8.9","0.0","13.1","17.5","17.0","49879","40289","103532","57874","(X)","(X)","30.9","(X)","(X)","(X)","206","73","0.0","17.6","0.0","17.6","5.8","9.6","0.0","17.6","32.5","17.9","16.0","19.1","11.2","12.6","10.2","12.3","0.0","17.6","24.3","21.0","71600","55482","N","N","(X)","(X)","(X)","(X)","(X)","(X)","1399","212","24.9","8.9","8.4","4.2","13.1","6.1","9.1","6.5","13.3","9.0","6.4","5.8","8.4","4.7","8.4","6.0","4.4","3.7","3.6","2.7","26922","11445","51596","10527","(X)","(X)","(X)","(X)","37.5","(X)",
"1400000US25025010404","Census Tract 104.04, Suffolk County, Massachusetts","1168","176","29.8","8.2","6.1","3.5","14.4","7.0","7.3","3.2","6.8","4.2","18.3","8.0","6.3","4.7","5.9","3.4","2.4","2.4","2.8","2.2","24821","7153","46111","8904","34.1","(X)","(X)","(X)","(X)","(X)","223","83","19.7","13.7","0.0","16.4","3.6","6.9","8.5","9.5","3.6","6.0","28.3","21.4","9.4","9.0","17.0","12.5","3.1","5.0","6.7","8.3","57250","12385","76792","26408","(X)","(X)","52.0","(X)","(X)","(X)","131","58","27.5","20.8","0.0","25.8","0.0","25.8","6.9","11.0","0.0","25.8","21.4","23.9","3.8","7.2","23.7","17.6","5.3","8.6","11.5","14.8","-","**","N","N","(X)","(X)","(X)","(X)","(X)","(X)","945","179","32.2","9.1","7.5","4.2","16.9","8.1","7.9","4.0","7.5","4.9","15.0","6.9","5.5","5.5","3.3","2.8","2.2","2.7","1.9","2.1","21883","2445","38487","8912","(X)","(X)","(X)","(X)","29.1","(X)",
"1400000US25025010405","Census Tract 104.05, Suffolk County, Massachusetts","821","133","20.6","6.4","22.4","9.0","17.9","6.9","6.0","3.6","8.9","4.8","13.0","9.5","2.4","2.0","5.6","3.9","1.7","1.7","1.5","1.4","18125","4772","34491","6389","47.3","(X)","(X)","(X)","(X)","(X)","187","94","8.0","7.0","0.0","19.1","9.6","9.8","14.4","13.2","13.9","12.3","54.0","25.2","0.0","19.1","0.0","19.1","0.0","19.1","0.0","19.1","50307","8811","42849","6216","(X)","(X)","49.2","(X)","(X)","(X)","49","21","20.4","18.3","0.0","47.0","26.5","25.6","26.5","21.2","0.0","47.0","26.5","22.8","0.0","47.0","0.0","47.0","0.0","47.0","0.0","47.0","25536","16504","N","N","(X)","(X)","(X)","(X)","(X)","(X)","634","96","24.3","7.8","29.0","10.8","20.3","8.1","3.5","3.4","8.4","4.7","2.4","2.9","3.2","2.6","4.9","3.8","2.2","2.2","1.9","1.9","14216","2346","30635","6767","(X)","(X)","(X)","(X)","46.7","(X)",
"1400000US25025010408","Census Tract 104.08, Suffolk County, Massachusetts","837","84","12.3","5.5","3.3","3.2","5.6","3.9","3.8","3.5","7.4","4.9","24.0","7.4","15.7","5.3","15.8","4.4","6.1","3.4","6.0","3.8","67832","5610","79240","10194","33.3","(X)","(X)","(X)","(X)","(X)","97","32","6.2","10.3","0.0","32.4","0.0","32.4","3.1","5.8","4.1","6.2","13.4","14.1","13.4","14.9","43.3","17.8","4.1","5.8","12.4","11.9","109196","9346","115199","23827","(X)","(X)","41.2","(X)","(X)","(X)","69","27","8.7","14.4","0.0","39.6","0.0","39.6","0.0","39.6","0.0","39.6","17.4","16.3","18.8","19.9","40.6","21.7","5.8","8.2","8.7","11.7","115729","25168","N","N","(X)","(X)","(X)","(X)","(X)","(X)","740","87","13.1","6.1","3.8","3.7","6.4","4.4","4.3","3.9","8.4","5.5","25.4","7.8","15.0","5.7","12.2","4.2","6.4","3.9","5.1","3.9","65192","7048","74003","10877","(X)","(X)","(X)","(X)","32.3","(X)",
"1400000US25025010500","Census Tract 105, Suffolk County, Massachusetts","1757","415","17.8","6.5","6.8","4.4","3.4","1.6","5.2","2.9","18.3","18.6","14.4","7.4","8.3","3.3","5.6","3.7","8.0","3.8","12.3","5.4","49772","7271","97036","23658","48.2","(X)","(X)","(X)","(X)","(X)","311","80","17.7","8.3","1.3","2.3","6.4","6.9","6.4","10.0","8.7","11.4","15.8","13.8","9.6","7.4","0.0","12.1","14.8","9.3","19.3","11.1","65927","21299","154632","58850","(X)","(X)","26.0","(X)","(X)","(X)","195","81","18.5","10.5","2.1","3.6","5.1","7.5","0.0","18.4","0.0","18.4","25.1","19.1","3.6","6.2","0.0","18.4","19.0","14.3","26.7","16.4","-","**","N","N","(X)","(X)","(X)","(X)","(X)","(X)","1446","430","18.3","8.1","8.0","5.5","2.8","1.8","4.4","3.0","20.4","22.5","14.1","8.6","8.0","3.7","6.8","4.6","6.5","4.0","10.8","5.5","49509","4531","84513","22127","(X)","(X)","(X)","(X)","53.0","(X)",
"1400000US25025010600","Census Tract 106, Suffolk County, Massachusetts","2052","245","15.0","6.6","3.8","2.7","4.2","3.3","6.4","4.5","3.6","2.5","11.9","5.9","6.9","4.5","12.6","5.8","9.1","4.8","26.5","6.5","93415","21741","183724","39983","32.3","(X)","(X)","(X)","(X)","(X)","639","167","8.0","12.1","4.4","6.7","6.3","8.1","0.0","6.1","1.1","2.0","2.3","3.5","7.2","5.8","8.9","7.6","8.3","7.4","53.5","14.3","204844","63908","248646","66417","(X)","(X)","39.1","(X)","(X)","(X)","465","134","0.0","8.2","0.0","8.2","1.7","3.2","0.0","8.2","1.5","2.7","3.2","4.9","7.7","7.1","6.0","5.7","11.4","9.5","68.4","13.9","218625","57953","N","N","(X)","(X)","(X)","(X)","(X)","(X)","1413","229","18.2","7.6","3.5","2.4","3.3","3.2","9.3","6.3","4.7","3.6","16.3","8.1","6.8","5.7","14.3","7.9","9.4","6.0","14.3","5.7","68949","21571","154364","49647","(X)","(X)","(X)","(X)","29.2","(X)",
"1400000US25025010701","Census Tract 107.01, Suffolk County, Massachusetts","1257","169","6.0","4.1","2.2","2.6","1.6","1.3","1.8","1.8","2.1","1.7","8.4","4.1","8.4","5.2","27.0","9.1","7.7","3.9","34.9","8.5","130417","10569","282956","78460","22.2","(X)","(X)","(X)","(X)","(X)","333","79","0.0","11.3","0.0","11.3","0.0","11.3","0.0","11.3","0.0","11.3","1.2","2.0","10.2","7.2","16.2","10.7","10.8","6.9","61.6","13.2","250,000+","***","666075","261113","(X)","(X)","29.7","(X)","(X)","(X)","292","80","0.0","12.8","0.0","12.8","0.0","12.8","0.0","12.8","0.0","12.8","0.0","12.8","0.0","12.8","17.5","12.4","12.3","8.0","70.2","13.5","250,000+","***","N","N","(X)","(X)","(X)","(X)","(X)","(X)","924","163","8.2","5.5","3.0","3.6","2.2","1.8","2.4","2.4","2.8","2.4","10.9","5.6","9.2","7.1","29.3","12.3","6.6","4.3","25.3","10.4","120500","19194","144363","22713","(X)","(X)","(X)","(X)","19.5","(X)",
"1400000US25025010702","Census Tract 107.02, Suffolk County, Massachusetts","1350","199","5.3","3.1","0.4","0.6","0.7","0.9","2.7","2.3","1.0","1.1","11.1","5.0","12.4","5.7","18.5","7.1","7.1","5.1","40.7","9.1","141250","60559","283568","66718","39.6","(X)","(X)","(X)","(X)","(X)","537","109","0.0","7.2","0.0","7.2","0.0","7.2","0.0","7.2","1.3","1.8","8.0","6.5","10.6","9.0","9.3","5.8","11.2","10.7","59.6","12.6","230350","33501","349608","77673","(X)","(X)","43.0","(X)","(X)","(X)","509","105","0.0","7.6","0.0","7.6","0.0","7.6","0.0","7.6","1.4","1.9","6.7","6.3","9.6","9.5","9.8","6.1","11.8","11.2","60.7","13.6","231750","47392","N","N","(X)","(X)","(X)","(X)","(X)","(X)","813","171","8.7","5.2","0.7","1.1","1.2","1.4","4.6","3.9","0.7","1.3","13.2","6.9","13.7","7.3","24.6","10.0","4.4","3.6","28.2","11.3","112375","20368","239948","94345","(X)","(X)","(X)","(X)","37.3","(X)",
"1400000US25025010801","Census Tract 108.01, Suffolk County, Massachusetts","1563","192","8.4","5.5","2.2","2.3","7.4","7.0","3.8","2.9","3.1","1.9","10.0","4.9","8.6","5.0","15.9","5.7","9.5","4.6","31.2","6.9","119125","32421","191960","33383","34.9","(X)","(X)","(X)","(X)","(X)","465","112","0.0","8.2","0.0","8.2","0.0","8.2","0.0","8.2","0.0","8.2","6.0","6.5","5.2","5.3","14.0","8.1","16.6","9.2","58.3","13.2","250,000+","***","327744","67448","(X)","(X)","34.2","(X)","(X)","(X)","427","111","0.0","8.9","0.0","8.9","0.0","8.9","0.0","8.9","0.0","8.9","6.6","7.0","5.6","5.8","11.7","7.3","12.6","9.3","63.5","12.5","250,000+","***","N","N","(X)","(X)","(X)","(X)","(X)","(X)","1098","177","12.0","7.7","3.1","3.3","10.5","9.6","5.4","4.1","4.4","2.7","11.7","6.3","10.1","6.3","16.8","7.4","6.5","4.4","19.7","6.4","80266","20899","134407","32191","(X)","(X)","(X)","(X)","35.2","(X)",
"1400000US25025010802","Census Tract 108.02, Suffolk County, Massachusetts","1835","195","6.8","3.2","1.7","2.0","3.4","2.7","1.4","1.5","0.9","0.9","9.2","3.7","10.4","4.7","19.2","6.2","12.0","5.8","35.1","6.1","132981","32229","234356","29758","36.1","(X)","(X)","(X)","(X)","(X)","580","138","0.0","6.7","0.0","6.7","0.0","6.7","0.0","6.7","0.0","6.7","7.2","6.6","9.8","7.7","13.4","9.7","5.7","4.6","63.8","12.3","250,000+","***","419232","86232","(X)","(X)","35.7","(X)","(X)","(X)","507","142","0.0","7.6","0.0","7.6","0.0","7.6","0.0","7.6","0.0","7.6","8.3","7.6","11.2","9.0","12.2","10.8","6.5","5.2","61.7","14.1","250,000+","***","N","N","(X)","(X)","(X)","(X)","(X)","(X)","1255","177","9.9","4.7","2.5","2.8","5.0","3.9","2.0","2.2","1.3","1.4","10.0","4.4","10.7","5.1","21.8","8.1","14.9","8.4","21.9","7.6","112371","22277","148452","25700","(X)","(X)","(X)","(X)","35.8","(X)",
"1400000US25025020101","Census Tract 201.01, Suffolk County, Massachusetts","2480","308","3.9","2.6","0.3","0.6","0.5","0.8","2.1","2.8","2.4","2.3","15.3","5.9","9.2","4.8","13.3","5.5","11.7","5.2","41.4","8.7","158278","44052","275628","47537","37.7","(X)","(X)","(X)","(X)","(X)","760","240","1.6","2.5","0.0","5.1","0.0","5.1","0.0","5.1","0.0","5.1","3.2","4.8","3.6","3.0","1.4","2.1","8.6","7.0","81.7","8.7","250,000+","***","401107","85215","(X)","(X)","50.3","(X)","(X)","(X)","749","236","1.6","2.5","0.0","5.2","0.0","5.2","0.0","5.2","0.0","5.2","3.2","4.9","3.6","3.1","0.0","5.2","8.7","7.1","82.9","8.8","250,000+","***","N","N","(X)","(X)","(X)","(X)","(X)","(X)","1720","286","4.9","3.8","0.5","0.8","0.7","1.2","3.1","3.9","3.4","3.4","20.6","8.9","11.7","6.8","18.5","7.3","13.0","8.0","23.5","9.4","112435","21883","220184","57579","(X)","(X)","(X)","(X)","32.2","(X)",
"1400000US25025020200","Census Tract 202, Suffolk County, Massachusetts","1963","185","7.9","3.7","5.3","3.1","5.2","4.9","0.6","0.7","3.7","2.6","11.9","5.5","10.3","4.0","25.7","6.9","7.2","5.2","21.9","6.4","102642","10788","156253","34375","26.0","(X)","(X)","(X)","(X)","(X)","457","137","0.0","8.4","3.3","5.5","0.0","8.4","0.0","8.4","2.0","3.4","6.3","7.5","0.0","8.4","17.1","10.1","22.3","18.0","49.0","18.5","198875","107507","277249","80062","(X)","(X)","21.7","(X)","(X)","(X)","439","136","0.0","8.7","3.4","5.7","0.0","8.7","0.0","8.7","0.0","8.7","4.6","7.2","0.0","8.7","17.8","10.4","23.2","18.6","51.0","19.3","206125","111425","N","N","(X)","(X)","(X)","(X)","(X)","(X)","1506","208","10.4","4.9","6.0","3.5","6.8","6.3","0.8","1.0","4.2","3.3","13.6","6.3","13.5","5.0","28.4","8.5","2.7","2.2","13.7","5.6","84808","19453","119536","30608","(X)","(X)","(X)","(X)","27.4","(X)",
"1400000US25025020301","Census Tract 203.01, Suffolk County, Massachusetts","1226","178","12.3","5.8","6.2","4.7","2.7","2.8","0.9","1.1","7.3","5.4","11.3","5.9","6.0","3.2","11.3","4.8","16.2","9.9","25.8","8.8","112045","38246","147810","24500","23.7","(X)","(X)","(X)","(X)","(X)","314","91","0.0","11.9","0.0","11.9","0.0","11.9","9.9","15.1","2.5","3.3","8.3","7.0","8.9","7.7","8.3","7.7","20.1","13.5","42.0","16.8","171286","51340","221892","52962","(X)","(X)","26.1","(X)","(X)","(X)","281","88","0.0","13.2","0.0","13.2","0.0","13.2","0.0","13.2","2.1","3.5","9.3","7.9","10.0","8.2","9.3","8.6","22.4","14.9","47.0","16.5","172464","93579","N","N","(X)","(X)","(X)","(X)","(X)","(X)","912","185","16.6","8.1","8.3","6.3","3.6","3.7","1.2","1.5","5.6","4.4","12.4","7.6","4.9","3.4","12.3","6.2","14.9","12.4","20.2","10.9","84643","48890","122072","28404","(X)","(X)","(X)","(X)","22.8","(X)",
"1400000US25025020302","Census Tract 203.02, Suffolk County, Massachusetts","538","60","8.6","6.9","2.2","3.6","1.1","1.5","4.1","5.2","4.5","5.4","8.0","4.7","11.7","6.5","15.1","7.1","10.2","6.9","34.6","8.8","126250","43330","174321","31115","29.6","(X)","(X)","(X)","(X)","(X)","132","36","0.0","25.7","0.0","25.7","3.8","6.3","3.8","6.2","0.0","25.7","14.4","12.5","0.0","25.7","3.0","5.2","6.8","7.8","68.2","16.9","250,000+","***","287680","74135","(X)","(X)","30.3","(X)","(X)","(X)","120","35","0.0","27.7","0.0","27.7","4.2","7.0","4.2","6.8","0.0","27.7","7.5","11.6","0.0","27.7","3.3","5.7","7.5","8.6","73.3","17.3","250,000+","***","N","N","(X)","(X)","(X)","(X)","(X)","(X)","406","66","11.3","9.0","3.0","4.8","0.2","0.5","4.2","6.7","5.9","7.2","5.9","4.9","15.5","8.7","19.0","9.6","11.3","8.9","23.6","11.0","106250","19448","124272","22216","(X)","(X)","(X)","(X)","29.3","(X)",
"1400000US25025020304","Census Tract 203.04, Suffolk County, Massachusetts","739","124","7.6","8.4","8.0","7.5","0.0","5.3","0.0","5.3","1.4","2.2","3.0","3.7","4.9","4.8","7.2","4.6","28.0","12.9","40.1","15.3","185969","19081","225439","58672","30.9","(X)","(X)","(X)","(X)","(X)","166","69","21.7","29.8","0.0","21.2","0.0","21.2","0.0","21.2","0.0","21.2","0.0","21.2","4.8","7.5","0.0","21.2","21.1","17.0","52.4","28.3","250,000+","***","326044","183764","(X)","(X)","10.8","(X)","(X)","(X)","166","69","21.7","29.8","0.0","21.2","0.0","21.2","0.0","21.2","0.0","21.2","0.0","21.2","4.8","7.5","0.0","21.2","21.1","17.0","52.4","28.3","250,000+","***","N","N","(X)","(X)","(X)","(X)","(X)","(X)","573","130","3.5","4.2","10.3","9.7","0.0","6.7","0.0","6.7","1.7","2.8","3.8","4.8","4.9","5.8","9.2","6.0","30.0","14.8","36.5","17.2","176719","27549","196293","57233","(X)","(X)","(X)","(X)","36.6","(X)",
"1400000US25025020305","Census Tract 203.05, Suffolk County, Massachusetts","1777","216","6.6","5.2","8.4","7.6","5.1","4.4","1.4","1.5","4.6","4.0","7.3","5.6","5.4","3.5","21.9","8.4","10.0","5.1","29.3","8.7","126576","30147","154689","24932","30.4","(X)","(X)","(X)","(X)","(X)","706","167","4.7","5.8","2.3","3.5","0.0","5.5","0.0","5.5","5.4","7.0","1.6","2.3","3.7","5.8","17.0","11.9","14.0","9.8","51.4","15.4","200735","36134","231219","44331","(X)","(X)","28.5","(X)","(X)","(X)","588","141","0.0","6.6","2.7","4.2","0.0","6.6","0.0","6.6","5.1","8.0","1.9","2.8","0.0","6.6","17.5","13.5","16.8","11.4","56.0","15.4","217115","54402","N","N","(X)","(X)","(X)","(X)","(X)","(X)","1071","222","7.9","8.4","12.4","12.2","8.5","7.4","2.2","2.5","4.1","4.3","11.0","8.9","6.5","4.5","25.8","11.5","7.4","5.6","14.1","7.6","86650","38128","100675","20755","(X)","(X)","(X)","(X)","31.7","(X)",
"1400000US25025030100","Census Tract 301, Suffolk County, Massachusetts","1212","169","3.1","3.6","0.8","1.3","7.5","4.8","4.7","4.7","3.0","3.7","16.9","10.9","10.4","6.0","33.5","10.0","12.3","6.0","7.8","4.7","101667","14048","114640","19666","42.0","(X)","(X)","(X)","(X)","(X)","168","77","0.0","21.0","0.0","21.0","0.0","21.0","25.0","25.5","0.0","21.0","5.4","8.6","13.7","20.4","15.5","14.4","19.0","18.1","21.4","17.4","108056","67863","186593","110920","(X)","(X)","66.1","(X)","(X)","(X)","168","77","0.0","21.0","0.0","21.0","0.0","21.0","25.0","25.5","0.0","21.0","5.4","8.6","13.7","20.4","15.5","14.4","19.0","18.1","21.4","17.4","108056","67863","N","N","(X)","(X)","(X)","(X)","(X)","(X)","1044","176","3.5","4.2","1.0","1.5","8.7","5.6","1.4","1.6","3.4","4.3","18.8","12.5","9.9","6.3","36.4","11.2","11.2","6.3","5.7","4.6","101466","14223","103062","14623","(X)","(X)","(X)","(X)","38.1","(X)",
"1400000US25025030200","Census Tract 302, Suffolk County, Massachusetts","955","165","3.5","3.4","1.3","2.0","6.2","5.3","1.4","2.2","2.9","3.4","6.9","4.7","19.5","11.0","28.5","10.3","8.4","4.6","21.6","9.6","110063","20332","145474","30149","46.8","(X)","(X)","(X)","(X)","(X)","268","83","0.0","13.8","0.0","13.8","4.1","6.5","0.0","13.8","3.7","5.6","0.0","13.8","15.7","16.0","17.2","11.1","19.8","12.7","39.6","18.3","157143","54572","180948","48569","(X)","(X)","38.1","(X)","(X)","(X)","217","70","0.0","16.8","0.0","16.8","0.0","16.8","0.0","16.8","4.6","7.0","0.0","16.8","7.8","11.9","17.5","12.4","21.2","14.1","48.8","20.8","181932","80954","N","N","(X)","(X)","(X)","(X)","(X)","(X)","687","165","4.8","4.9","1.7","2.8","7.0","7.2","1.9","3.0","2.6","4.2","9.6","6.6","21.0","13.5","32.9","14.0","3.9","2.9","14.6","10.8","101319","9982","131636","37847","(X)","(X)","(X)","(X)","50.2","(X)",
"1400000US25025030301","Census Tract 303.01, Suffolk County, Massachusetts","824","196","3.5","3.8","1.3","2.4","5.2","4.7","3.0","3.4","1.8","2.6","14.2","8.8","5.1","4.8","20.4","17.5","8.9","6.9","36.5","13.6","119720","53604","281320","77060","29.5","(X)","(X)","(X)","(X)","(X)","461","186","0.0","8.3","0.0","8.3","5.6","6.4","0.0","8.3","3.3","5.1","8.0","9.3","4.8","6.9","25.6","28.2","14.8","12.6","38.0","19.5","157960","75365","293938","111159","(X)","(X)","29.1","(X)","(X)","(X)","438","188","0.0","8.7","0.0","8.7","5.9","6.9","0.0","8.7","0.0","8.7","8.4","10.0","5.0","7.4","26.9","29.4","15.5","13.2","38.1","19.3","158088","81090","N","N","(X)","(X)","(X)","(X)","(X)","(X)","363","109","8.0","8.5","3.0","5.3","4.7","7.1","6.9","7.7","0.0","10.4","22.0","14.1","5.5","7.7","13.8","12.2","1.4","1.9","34.7","16.3","82438","77251","265294","114374","(X)","(X)","(X)","(X)","30.0","(X)",
"1400000US25025030302","Census Tract 303.02, Suffolk County, Massachusetts","825","180","2.2","3.6","12.1","6.8","1.3","2.1","1.2","2.2","0.0","4.7","15.0","9.0","10.9","9.5","17.2","11.7","7.5","5.5","32.5","10.4","119659","27761","166645","30589","17.0","(X)","(X)","(X)","(X)","(X)","282","114","0.0","13.2","0.0","13.2","0.0","13.2","0.0","13.2","0.0","13.2","5.3","8.3","12.8","18.5","4.3","9.2","5.7","9.6","72.0","22.8","250,000+","***","289495","69762","(X)","(X)","13.1","(X)","(X)","(X)","267","112","0.0","13.9","0.0","13.9","0.0","13.9","0.0","13.9","0.0","13.9","0.0","13.9","13.5","19.6","4.5","9.8","6.0","10.1","76.0","23.2","250,000+","***","N","N","(X)","(X)","(X)","(X)","(X)","(X)","543","143","3.3","5.6","18.4","10.9","2.0","3.1","1.8","3.2","0.0","7.1","20.1","13.5","9.9","10.1","23.9","15.7","8.5","5.8","12.0","9.4","97821","45232","102845","22254","(X)","(X)","(X)","(X)","19.0","(X)",
"1400000US25025030400","Census Tract 304, Suffolk County, Massachusetts","2316","353","3.6","2.7","3.5","2.5","2.7","2.0","1.6","1.8","5.5","2.8","20.2","10.0","11.1","4.9","16.0","5.4","14.9","6.5","20.8","6.9","104514","19174","167702","39055","42.3","(X)","(X)","(X)","(X)","(X)","423","87","0.0","9.0","0.0","9.0","0.0","9.0","0.0","9.0","6.9","6.6","8.5","7.3","10.2","10.8","8.7","7.4","15.8","13.1","49.9","14.7","197292","79837","330871","159501","(X)","(X)","44.9","(X)","(X)","(X)","373","83","0.0","10.2","0.0","10.2","0.0","10.2","0.0","10.2","4.3","5.2","9.7","8.3","3.8","3.6","9.4","8.3","16.4","14.2","56.6","15.7","230625","69357","N","N","(X)","(X)","(X)","(X)","(X)","(X)","1893","358","4.4","3.3","4.3","3.1","3.3","2.5","2.0","2.2","5.2","3.4","23.2","11.9","11.3","5.0","17.3","6.3","14.7","7.1","14.3","7.0","90881","27798","131037","24120","(X)","(X)","(X)","(X)","41.7","(X)",
"1400000US25025030500","Census Tract 305, Suffolk County, Massachusetts","1249","147","4.7","3.6","3.1","2.7","4.1","3.1","2.9","2.1","2.8","1.9","14.3","5.7","10.7","5.6","23.0","7.1","11.1","4.8","23.2","6.0","114107","23921","194209","30984","38.8","(X)","(X)","(X)","(X)","(X)","329","85","0.0","11.4","0.0","11.4","5.5","8.6","0.0","11.4","2.1","3.6","11.2","9.4","11.2","10.4","16.4","9.4","22.2","13.1","31.3","14.5","178393","67524","292249","85129","(X)","(X)","31.9","(X)","(X)","(X)","295","81","0.0","12.7","0.0","12.7","6.1","9.4","0.0","12.7","2.4","3.9","9.8","9.4","9.2","10.9","12.9","9.7","24.7","14.5","34.9","16.0","187031","36359","N","N","(X)","(X)","(X)","(X)","(X)","(X)","920","145","6.4","4.9","4.2","3.6","3.6","3.4","3.9","2.8","3.0","2.9","15.4","6.4","10.5","5.7","25.3","9.0","7.2","3.3","20.3","7.9","108095","17727","159149","41429","(X)","(X)","(X)","(X)","41.3","(X)",
"1400000US25025040100","Census Tract 401, Suffolk County, Massachusetts","1208","128","3.5","3.6","7.2","3.9","3.5","4.5","5.0","3.9","2.2","2.7","3.2","2.9","7.0","4.1","16.8","7.9","14.3","6.2","37.2","8.3","165926","37113","205349","29615","22.4","(X)","(X)","(X)","(X)","(X)","512","102","1.0","1.6","0.0","7.5","1.4","2.3","0.0","7.5","0.0","7.5","0.0","7.5","4.9","5.2","9.0","8.7","18.6","10.1","65.2","12.1","250,000+","***","309322","48226","(X)","(X)","19.1","(X)","(X)","(X)","440","90","0.0","8.7","0.0","8.7","0.0","8.7","0.0","8.7","0.0","8.7","0.0","8.7","2.5","4.0","3.0","3.3","21.6","11.7","73.0","12.0","250,000+","***","N","N","(X)","(X)","(X)","(X)","(X)","(X)","696","158","6.0","6.4","11.8","6.7","6.0","7.6","8.8","7.1","3.9","4.6","5.6","5.1","8.6","5.2","21.6","11.6","11.2","8.2","16.5","8.2","96250","32292","127548","32683","(X)","(X)","(X)","(X)","24.7","(X)",
"1400000US25025040200","Census Tract 402, Suffolk County, Massachusetts","682","107","4.3","4.9","8.1","4.9","9.1","6.7","6.2","4.1","5.4","4.0","11.3","7.8","2.9","2.6","5.3","3.4","21.7","13.0","25.8","6.7","138036","99758","154021","27634","49.0","(X)","(X)","(X)","(X)","(X)","487","111","6.0","6.8","4.1","4.2","1.4","2.0","8.6","5.9","10.3","10.1","7.2","6.2","9.7","9.1","3.5","3.3","23.2","16.6","26.1","9.2","139375","110887","165421","37823","(X)","(X)","47.0","(X)","(X)","(X)","290","103","0.0","12.9","4.1","5.9","2.4","3.5","5.5","7.1","1.4","2.8","2.1","4.3","2.4","3.9","1.0","1.7","37.2","24.3","43.8","17.2","187059","22691","N","N","(X)","(X)","(X)","(X)","(X)","(X)","195","60","0.0","18.4","17.9","13.0","28.2","18.9","0.0","18.4","8.2","8.5","6.7","6.9","2.1","3.3","9.7","8.3","2.1","3.2","25.1","13.5","-","**","108181","40071","(X)","(X)","(X)","(X)","35.4","(X)",
"1400000US25025040300","Census Tract 403, Suffolk County, Massachusetts","2182","213","3.2","2.3","2.0","2.6","2.1","2.9","2.2","2.2","3.8","3.4","7.9","4.7","10.6","4.7","16.4","5.8","12.1","4.9","39.6","7.1","155959","16951","179498","18125","33.5","(X)","(X)","(X)","(X)","(X)","1172","182","2.0","3.3","3.2","4.7","0.0","3.4","4.0","3.8","2.7","3.8","5.5","5.0","6.7","5.6","13.2","8.3","17.8","8.1","44.9","8.8","166413","45900","200955","26015","(X)","(X)","37.9","(X)","(X)","(X)","863","187","0.0","4.5","0.0","4.5","0.0","4.5","3.7","5.1","3.0","4.8","7.4","6.8","0.0","4.5","13.7","10.3","16.0","8.7","56.2","11.9","211150","15042","N","N","(X)","(X)","(X)","(X)","(X)","(X)","1010","177","4.5","3.3","0.7","1.1","4.6","6.2","1.7","1.8","5.1","6.0","9.2","8.0","15.2","7.6","23.2","8.1","4.3","2.9","31.6","9.7","129375","18329","151511","20841","(X)","(X)","(X)","(X)","26.9","(X)",
"1400000US25025040401","Census Tract 404.01, Suffolk County, Massachusetts","1325","156","6.8","5.4","1.0","1.7","5.0","4.1","5.5","6.6","6.0","5.2","9.8","7.7","12.0","8.6","19.5","8.2","8.8","4.7","25.6","7.0","110964","32476","160365","28679","28.5","(X)","(X)","(X)","(X)","(X)","737","178","0.0","5.3","0.0","5.3","0.9","1.4","9.2","11.4","8.3","9.0","14.9","10.7","2.7","3.4","11.3","7.8","10.6","7.1","42.1","11.2","168807","53287","210923","49303","(X)","(X)","31.3","(X)","(X)","(X)","536","134","0.0","7.2","0.0","7.2","0.4","1.1","0.0","7.2","0.0","7.2","17.4","13.6","2.8","4.8","8.0","5.7","14.6","9.1","56.9","13.5","241250","63663","N","N","(X)","(X)","(X)","(X)","(X)","(X)","588","158","15.3","11.9","2.2","3.8","10.0","9.3","0.9","1.5","3.2","3.0","6.3","7.3","23.6","17.8","27.0","15.4","6.5","7.3","4.9","4.6","86591","12739","95258","22804","(X)","(X)","(X)","(X)","25.0","(X)",
"1400000US25025040600","Census Tract 406, Suffolk County, Massachusetts","1686","199","1.1","1.1","0.0","2.3","8.5","8.8","3.0","2.3","2.9","2.6","5.5","3.0","2.8","1.9","19.9","6.1","16.6","5.9","39.8","8.1","165556","23218","209914","25365","26.1","(X)","(X)","(X)","(X)","(X)","729","133","0.0","5.3","0.0","5.3","1.1","1.6","4.0","4.4","0.0","5.3","4.5","4.2","1.5","2.2","24.8","8.5","12.5","7.5","51.6","8.8","208346","29023","260751","41541","(X)","(X)","29.5","(X)","(X)","(X)","626","133","0.0","6.2","0.0","6.2","1.3","1.9","4.6","5.1","0.0","6.2","1.6","2.5","0.0","6.2","25.2","9.6","12.0","7.9","55.3","9.6","222206","45569","N","N","(X)","(X)","(X)","(X)","(X)","(X)","957","210","1.9","1.9","0.0","4.1","14.1","14.7","2.3","2.3","5.1","4.5","6.2","4.2","4.9","3.5","16.7","8.5","18.0","8.0","30.8","11.0","143083","31528","168617","34690","(X)","(X)","(X)","(X)","23.5","(X)",
"1400000US25025040801","Census Tract 408.01, Suffolk County, Massachusetts","2195","291","3.1","2.1","12.2","8.5","8.7","4.5","5.8","3.4","4.0","3.0","10.2","5.1","6.0","4.3","11.2","6.3","9.0","4.4","29.9","6.0","100446","34240","154926","24383","33.6","(X)","(X)","(X)","(X)","(X)","1049","181","4.5","3.9","9.3","7.0","0.4","0.8","9.6","6.6","4.6","4.8","8.8","7.5","8.1","7.8","7.5","5.4","9.4","6.4","37.8","9.0","132452","58243","190110","40629","(X)","(X)","36.3","(X)","(X)","(X)","782","152","2.0","1.7","2.3","3.8","0.5","1.0","11.1","8.2","0.5","0.9","9.6","9.6","3.5","4.4","10.1","7.1","11.1","8.2","49.2","11.4","191250","108914","N","N","(X)","(X)","(X)","(X)","(X)","(X)","1146","285","4.5","4.0","14.7","15.1","13.6","7.8","2.4","2.3","3.4","2.8","11.4","8.0","4.0","3.7","14.6","10.4","8.6","5.9","22.8","8.9","-","**","121975","29006","(X)","(X)","(X)","(X)","28.4","(X)",
"1400000US25025050101","Census Tract 501.01, Suffolk County, Massachusetts","1856","178","10.9","5.8","10.7","5.2","4.0","2.6","9.4","5.0","7.5","4.4","12.6","5.9","17.5","7.7","9.7","3.9","6.7","4.4","11.0","4.5","67632","23460","89103","15599","61.9","(X)","(X)","(X)","(X)","(X)","1229","192","2.9","2.1","4.2","3.5","3.7","3.0","13.0","7.7","8.1","6.5","15.5","7.4","16.4","10.1","12.5","6.1","10.2","6.4","13.4","5.9","79315","14692","106463","18999","(X)","(X)","63.3","(X)","(X)","(X)","662","198","1.8","2.8","0.0","5.9","4.8","5.2","7.7","7.4","2.0","3.6","17.2","11.3","15.7","15.7","12.4","8.7","18.9","11.7","19.5","9.4","103393","51417","N","N","(X)","(X)","(X)","(X)","(X)","(X)","627","155","26.6","14.9","23.4","12.4","8.9","6.5","8.6","6.0","13.9","8.8","5.1","5.5","5.1","5.4","5.4","3.8","0.0","6.2","2.9","3.3","14963","11498","41523","18191","(X)","(X)","(X)","(X)","49.1","(X)",
"1400000US25025050200","Census Tract 502, Suffolk County, Massachusetts","1802","244","0.8","1.0","4.2","3.5","13.0","7.2","6.2","4.1","11.0","6.3","18.4","6.4","16.9","6.2","8.1","5.3","7.3","4.2","14.2","8.5","71402","10472","98554","19298","53.4","(X)","(X)","(X)","(X)","(X)","1022","173","3.2","5.3","1.9","3.3","11.9","8.1","10.5","7.8","12.1","7.8","25.0","10.7","14.5","8.0","8.2","8.4","4.8","3.8","7.8","5.1","55179","14916","81605","16603","(X)","(X)","55.5","(X)","(X)","(X)","554","153","0.0","7.0","0.0","7.0","6.7","8.0","7.8","9.0","12.1","10.5","22.0","12.6","17.9","12.3","12.1","14.5","8.8","7.3","12.6","8.5","75769","14344","N","N","(X)","(X)","(X)","(X)","(X)","(X)","780","219","1.9","2.3","7.2","6.3","14.1","10.0","3.8","5.2","11.7","9.2","9.7","8.0","15.0","7.5","7.9","5.9","7.2","5.6","21.4","17.9","80238","34791","106784","38389","(X)","(X)","(X)","(X)","41.0","(X)",
"1400000US25025050300","Census Tract 503, Suffolk County, Massachusetts","1573","181","12.1","5.4","17.1","8.6","8.8","4.1","5.3","3.0","4.1","3.1","18.8","6.6","4.2","2.6","9.6","4.4","10.7","4.7","9.2","5.0","54811","15329","77030","13032","42.4","(X)","(X)","(X)","(X)","(X)","641","134","5.1","5.9","4.5","6.3","15.1","8.0","7.5","6.4","1.9","2.7","22.9","10.7","6.7","5.6","10.8","8.9","12.8","7.8","12.6","10.1","67284","14999","93544","22510","(X)","(X)","62.4","(X)","(X)","(X)","487","138","2.1","3.0","0.0","7.9","19.9","10.5","9.9","8.5","2.5","3.6","23.4","11.3","8.8","7.2","5.7","6.2","12.1","8.2","15.6","12.7","68009","14245","N","N","(X)","(X)","(X)","(X)","(X)","(X)","932","178","17.0","8.2","28.9","13.3","4.5","3.2","3.9","3.4","5.7","4.7","12.8","7.8","2.5","2.1","9.9","5.3","8.3","4.7","6.8","4.2","24583","22948","63545","13372","(X)","(X)","(X)","(X)","28.6","(X)",
"1400000US25025050400","Census Tract 504, Suffolk County, Massachusetts","1011","163","15.6","10.9","2.5","3.0","8.6","5.6","4.5","3.5","2.7","2.0","12.7","7.0","16.1","8.1","19.3","7.4","6.0","3.8","12.0","6.1","86118","24487","102727","25009","44.5","(X)","(X)","(X)","(X)","(X)","327","87","0.0","11.5","0.0","11.5","17.1","13.2","8.9","9.6","17.7","12.5","7.0","9.0","15.6","12.9","10.7","9.9","5.2","4.8","17.7","9.6","64671","49357","123306","44134","(X)","(X)","48.0","(X)","(X)","(X)","210","63","0.0","17.3","0.0","17.3","0.0","17.3","10.5","13.2","23.3","18.5","1.9","3.4","21.4","19.0","10.0","11.1","5.2","5.9","27.6","14.0","89342","19865","N","N","(X)","(X)","(X)","(X)","(X)","(X)","684","170","23.1","15.2","3.7","4.5","9.5","7.9","2.5","2.3","1.2","1.7","13.5","9.1","11.5","8.1","19.4","9.3","6.4","4.8","9.2","7.8","66600","28807","85896","24742","(X)","(X)","(X)","(X)","39.8","(X)",
"1400000US25025050500","Census Tract 505, Suffolk County, Massachusetts","1000","146","0.9","1.2","1.4","1.8","2.6","2.1","2.9","2.5","19.4","10.0","14.6","6.9","12.5","5.7","30.6","10.2","4.8","2.9","10.3","4.3","97892","13219","105742","10930","47.7","(X)","(X)","(X)","(X)","(X)","375","74","0.0","10.1","1.9","2.5","3.7","5.7","9.1","7.1","14.7","11.1","9.3","9.4","3.2","5.1","34.1","15.0","5.6","4.1","18.4","9.6","116641","24957","123267","22985","(X)","(X)","60.5","(X)","(X)","(X)","238","68","0.0","15.4","0.0","15.4","0.0","15.4","9.2","10.6","10.9","10.1","12.6","13.0","5.0","8.0","25.2","13.8","8.8","6.4","28.2","13.6","120833","48375","N","N","(X)","(X)","(X)","(X)","(X)","(X)","625","152","1.4","1.9","2.2","2.9","4.2","3.5","0.0","6.2","26.1","14.7","12.0","8.3","18.1","8.8","26.2","12.3","4.3","3.8","5.4","4.1","80972","26068","91133","14691","(X)","(X)","(X)","(X)","37.0","(X)",
"1400000US25025050600","Census Tract 506, Suffolk County, Massachusetts","788","107","3.7","4.1","8.2","5.8","4.4","2.8","4.3","3.5","5.8","4.3","26.8","10.0","10.2","6.2","7.1","3.8","12.1","8.4","17.4","7.5","69167","19475","105854","18865","58.4","(X)","(X)","(X)","(X)","(X)","449","106","3.8","5.5","4.2","6.4","7.8","10.6","5.1","5.8","14.9","10.6","33.2","16.4","13.1","14.1","4.2","5.2","0.4","1.8","13.1","8.2","60388","13521","81017","16042","(X)","(X)","54.6","(X)","(X)","(X)","216","82","0.0","16.8","0.0","16.8","0.0","16.8","0.0","16.8","7.4","8.0","33.8","21.2","25.5","27.5","5.1","8.7","0.9","3.8","27.3","18.6","93364","30868","N","N","(X)","(X)","(X)","(X)","(X)","(X)","339","77","3.5","5.5","13.6","11.4","9.4","5.9","3.2","3.1","7.4","5.6","17.7","9.2","9.4","7.8","6.2","3.8","18.0","12.4","11.5","8.0","73281","15624","94936","21116","(X)","(X)","(X)","(X)","43.1","(X)",
"1400000US25025050700","Census Tract 507, Suffolk County, Massachusetts","1606","267","1.6","2.0","3.7","3.4","3.9","3.3","10.3","5.4","12.3","7.9","23.8","12.8","16.4","7.7","17.6","7.5","7.5","4.4","2.9","2.4","65667","19993","80796","10608","57.7","(X)","(X)","(X)","(X)","(X)","912","166","4.3","4.1","0.0","4.3","5.5","5.0","16.3","8.8","19.7","10.9","17.7","10.5","10.4","8.5","18.6","9.1","4.8","4.0","2.6","3.1","54363","22649","73008","12539","(X)","(X)","56.6","(X)","(X)","(X)","481","138","1.7","2.8","0.0","8.0","0.0","8.0","17.7","12.5","15.8","15.2","15.4","14.1","19.8","15.5","20.6","12.6","6.0","6.3","3.1","4.8","70938","31157","N","N","(X)","(X)","(X)","(X)","(X)","(X)","694","260","0.0","5.6","8.5","7.8","4.5","5.2","2.3","3.2","9.4","9.5","33.7","21.7","13.7","11.3","15.9","11.6","11.0","9.2","1.2","2.1","56184","29783","78411","15302","(X)","(X)","(X)","(X)","55.2","(X)",
"1400000US25025050901","Census Tract 509.01, Suffolk County, Massachusetts","1400","170","3.0","3.4","0.6","1.1","4.3","4.0","3.7","3.6","10.0","7.5","23.9","8.9","10.8","6.6","16.7","9.1","8.9","5.0","18.1","10.7","80809","27784","120941","28939","68.0","(X)","(X)","(X)","(X)","(X)","966","197","0.0","4.1","0.0","4.1","16.3","14.3","3.7","4.4","13.1","10.5","28.7","12.6","20.4","13.1","5.2","5.8","6.1","5.1","6.5","5.9","59643","15852","74839","14304","(X)","(X)","61.3","(X)","(X)","(X)","470","138","0.0","8.2","0.0","8.2","0.0","8.2","0.0","8.2","3.8","6.1","49.8","18.4","22.6","19.1","8.7","10.3","3.6","4.2","11.5","11.4","70476","9751","N","N","(X)","(X)","(X)","(X)","(X)","(X)","434","117","9.7","10.4","2.1","3.5","7.6","7.1","3.7","5.9","0.0","8.8","24.4","14.8","6.9","7.7","23.0","15.2","10.6","10.8","12.0","9.3","78750","54525","96692","25329","(X)","(X)","(X)","(X)","54.4","(X)",
"1400000US25025051000","Census Tract 510, Suffolk County, Massachusetts","1937","198","7.2","4.7","3.6","2.7","7.5","4.4","6.2","3.7","11.4","4.5","19.8","7.8","9.7","4.7","12.2","5.6","12.5","5.3","10.0","6.6","65875","11244","109881","26324","46.7","(X)","(X)","(X)","(X)","(X)","1112","234","6.5","4.7","0.7","1.3","2.1","2.4","9.6","8.9","9.7","6.4","14.8","9.5","7.7","6.9","21.8","9.2","12.6","6.6","14.5","11.1","91339","33490","138851","42526","(X)","(X)","45.0","(X)","(X)","(X)","626","172","7.3","6.9","0.0","6.2","0.0","6.2","4.6","7.3","5.3","8.1","13.7","12.4","8.5","9.5","22.5","12.5","12.3","8.5","25.7","17.6","106413","37511","N","N","(X)","(X)","(X)","(X)","(X)","(X)","825","164","11.4","8.6","7.5","5.9","14.8","9.5","10.1","6.7","10.4","8.6","18.1","8.9","12.2","8.2","4.4","4.1","8.4","8.1","2.8","3.3","43203","14979","59398","14108","(X)","(X)","(X)","(X)","40.7","(X)",
"1400000US25025051101","Census Tract 511.01, Suffolk County, Massachusetts","2501","511","3.4","3.4","11.1","10.4","4.1","2.9","4.7","4.1","10.5","5.8","20.8","10.6","15.0","9.5","15.0","6.5","8.3","5.3","7.2","4.5","61102","22930","88900","16155","66.1","(X)","(X)","(X)","(X)","(X)","1258","196","7.2","7.9","0.0","3.1","5.2","5.0","2.4","3.9","23.5","10.2","11.8","7.7","17.6","10.3","13.0","7.8","11.0","7.8","8.3","6.1","70000","28339","98802","24093","(X)","(X)","61.5","(X)","(X)","(X)","736","188","0.0","5.3","0.0","5.3","3.8","6.0","0.0","5.3","12.8","9.5","16.7","12.3","16.8","11.1","19.2","11.7","16.4","11.5","14.3","10.1","94773","70107","N","N","(X)","(X)","(X)","(X)","(X)","(X)","1243","500","3.4","3.7","22.4","19.7","3.0","3.1","7.0","7.4","2.1","3.4","24.5","19.9","12.3","16.6","13.8","9.5","6.9","8.3","4.7","4.5","54241","25633","72713","20594","(X)","(X)","(X)","(X)","70.6","(X)",
"1400000US25025051200","Census Tract 512, Suffolk County, Massachusetts","1447","207","9.1","7.7","1.7","1.9","3.5","2.4","5.1","4.4","3.7","2.5","11.1","6.4","12.2","6.6","23.8","8.7","13.6","10.4","16.1","6.7","103482","16439","124201","18102","37.8","(X)","(X)","(X)","(X)","(X)","606","147","0.0","6.4","0.0","6.4","3.5","4.0","5.4","5.0","2.5","3.3","1.3","2.3","14.5","11.4","37.5","15.8","11.4","7.0","23.9","11.8","107703","22424","148805","26420","(X)","(X)","39.9","(X)","(X)","(X)","452","145","0.0","8.5","0.0","8.5","0.0","8.5","5.1","5.7","3.3","4.7","0.0","8.5","2.4","4.1","47.3","17.4","9.7","6.5","32.1","15.4","113333","62730","N","N","(X)","(X)","(X)","(X)","(X)","(X)","841","213","15.6","12.7","2.9","3.3","3.6","3.2","4.9","6.2","4.6","3.7","18.2","11.4","12.5","8.7","14.0","6.9","13.3","15.8","10.5","7.2","75521","23211","98730","25571","(X)","(X)","(X)","(X)","36.3","(X)",
"1400000US25025060101","Census Tract 601.01, Suffolk County, Massachusetts","1645","197","0.8","0.7","0.7","1.0","0.9","1.1","0.0","2.4","8.4","4.0","7.1","3.6","15.1","5.0","16.9","5.5","17.4","6.8","32.6","7.6","152697","21382","189449","22140","35.9","(X)","(X)","(X)","(X)","(X)","668","127","0.0","5.8","0.0","5.8","0.0","5.8","0.0","5.8","10.5","7.1","6.4","6.5","7.2","6.1","12.3","8.3","15.7","8.8","47.9","12.9","185833","61637","237807","45622","(X)","(X)","31.4","(X)","(X)","(X)","508","123","0.0","7.6","0.0","7.6","0.0","7.6","0.0","7.6","7.7","7.7","0.0","7.6","3.9","5.4","9.6","6.5","17.7","10.6","61.0","15.1","234615","54963","N","N","(X)","(X)","(X)","(X)","(X)","(X)","977","186","1.3","1.2","1.1","1.6","1.5","1.8","0.0","4.0","7.1","4.7","7.6","4.0","20.5","7.8","20.1","8.1","18.6","9.4","22.2","10.1","129766","29636","155191","25647","(X)","(X)","(X)","(X)","39.0","(X)",
"1400000US25025060200","Census Tract 602, Suffolk County, Massachusetts","880","89","1.9","2.6","0.6","0.9","7.7","4.7","5.3","3.0","3.1","2.1","11.3","5.4","8.2","4.8","20.3","5.9","16.7","6.3","24.9","7.1","138804","27880","142883","17690","49.5","(X)","(X)","(X)","(X)","(X)","298","63","0.0","12.5","0.0","12.5","8.4","6.6","3.4","3.2","4.0","3.8","5.4","5.1","4.7","7.3","25.5","9.3","22.1","10.3","26.5","9.3","149474","10068","160064","19687","(X)","(X)","53.4","(X)","(X)","(X)","196","50","0.0","18.4","0.0","18.4","3.1","4.2","2.0","2.9","6.1","5.6","8.2","7.6","0.0","18.4","20.4","12.3","26.5","14.2","33.7","12.4","158365","7755","N","N","(X)","(X)","(X)","(X)","(X)","(X)","582","97","2.9","4.0","0.9","1.3","7.4","6.1","6.4","4.2","2.6","2.6","14.3","7.6","12.4","7.1","19.4","8.3","14.9","7.6","18.9","9.2","111250","30588","125158","20260","(X)","(X)","(X)","(X)","45.2","(X)",
"1400000US25025060301","Census Tract 603.01, Suffolk County, Massachusetts","1661","212","6.1","4.6","1.1","1.1","3.5","3.1","1.9","1.8","2.3","1.9","9.0","6.5","4.0","2.6","19.3","6.0","20.0","6.5","32.8","9.6","161097","26520","172093","32000","31.5","(X)","(X)","(X)","(X)","(X)","510","137","7.1","10.7","0.0","7.5","0.0","7.5","4.3","4.7","3.3","4.0","6.9","8.5","3.1","4.0","18.0","9.9","30.8","13.2","26.5","11.0","161776","12298","166412","28340","(X)","(X)","27.6","(X)","(X)","(X)","397","128","9.1","13.8","0.0","9.6","0.0","9.6","2.8","4.2","0.0","9.6","0.0","9.6","4.0","5.2","18.6","12.2","38.3","15.4","27.2","11.8","166055","16589","N","N","(X)","(X)","(X)","(X)","(X)","(X)","1151","219","5.6","4.7","1.7","1.7","5.0","4.4","0.8","1.4","2.3","2.3","10.4","8.7","4.3","3.2","19.5","7.7","14.8","6.4","35.5","11.9","153472","56394","172990","42048","(X)","(X)","(X)","(X)","33.3","(X)",
"1400000US25025060400","Census Tract 604, Suffolk County, Massachusetts","2264","235","0.5","1.2","0.5","0.8","2.7","3.1","5.7","4.6","0.9","1.4","9.7","5.6","8.1","5.3","22.1","7.2","16.7","6.8","33.2","10.3","147401","27439","178021","26997","32.6","(X)","(X)","(X)","(X)","(X)","766","222","0.0","5.1","0.0","5.1","0.0","5.1","3.3","5.3","0.0","5.1","6.5","7.8","13.8","10.1","19.7","9.9","16.1","10.3","40.6","16.5","166500","47605","218945","54144","(X)","(X)","40.7","(X)","(X)","(X)","598","201","0.0","6.5","0.0","6.5","0.0","6.5","0.0","6.5","0.0","6.5","8.4","10.0","12.2","10.1","16.9","11.7","17.2","11.4","45.3","18.8","186250","75010","N","N","(X)","(X)","(X)","(X)","(X)","(X)","1498","217","0.7","1.8","0.8","1.3","4.1","4.5","6.9","6.2","1.3","2.1","11.3","7.4","5.2","5.2","25.8","9.7","15.8","9.3","28.0","11.5","139906","18993","153242","20617","(X)","(X)","(X)","(X)","28.4","(X)",
"1400000US25025060501","Census Tract 605.01, Suffolk County, Massachusetts","1975","223","0.0","2.0","0.7","1.0","5.1","3.9","0.9","1.4","2.8","2.7","8.4","5.5","11.4","5.4","23.3","7.3","16.2","7.7","31.2","9.3","145052","15691","177715","22619","31.7","(X)","(X)","(X)","(X)","(X)","714","169","0.0","5.4","0.0","5.4","0.0","5.4","0.0","5.4","7.8","7.4","8.3","7.5","4.1","4.9","27.7","13.5","15.4","11.2","36.7","16.7","152206","58790","229239","57021","(X)","(X)","28.6","(X)","(X)","(X)","630","149","0.0","6.1","0.0","6.1","0.0","6.1","0.0","6.1","8.9","8.6","6.5","7.5","4.6","5.5","31.4","14.5","14.0","10.1","34.6","17.8","146563","42299","N","N","(X)","(X)","(X)","(X)","(X)","(X)","1261","211","0.0","3.1","1.0","1.6","8.0","5.8","1.3","2.2","0.0","3.1","9.8","7.4","16.6","8.7","19.4","7.4","16.7","9.7","27.1","11.4","130511","28779","145370","18414","(X)","(X)","(X)","(X)","33.5","(X)",
"1400000US25025060601","Census Tract 606.01, Suffolk County, Massachusetts","1018","227","7.7","5.6","2.0","2.3","5.9","5.4","3.1","3.5","1.1","1.7","3.6","3.7","1.8","1.9","20.9","11.3","10.3","5.2","43.6","15.2","163646","59700","190786","40237","54.2","(X)","(X)","(X)","(X)","(X)","428","202","9.8","10.0","0.0","8.9","0.0","8.9","3.7","4.7","0.0","8.9","4.7","7.3","0.0","8.9","9.8","13.4","6.5","7.7","65.4","23.0","243382","72915","239005","58722","(X)","(X)","67.5","(X)","(X)","(X)","330","200","6.7","11.5","0.0","11.4","0.0","11.4","4.8","6.7","0.0","11.4","2.1","4.1","0.0","11.4","2.4","4.8","8.5","10.7","75.5","21.4","250,000+","***","N","N","(X)","(X)","(X)","(X)","(X)","(X)","590","139","6.1","7.3","3.4","4.0","10.2","8.8","2.7","4.5","1.9","2.8","2.9","3.4","3.1","3.2","29.0","14.3","13.1","8.1","27.8","11.0","122028","22979","155806","29453","(X)","(X)","(X)","(X)","44.6","(X)",
"1400000US25025060602","Census Tract 606.02, Suffolk County, Massachusetts","240","95","4.6","7.7","3.3","5.1","11.7","17.2","0.0","15.3","9.2","10.3","0.0","15.3","0.0","15.3","25.8","25.6","19.6","18.7","25.8","20.6","104861","99432","135589","37034","18.8","(X)","(X)","(X)","(X)","(X)","36","29","0.0","54.8","0.0","54.8","0.0","54.8","0.0","54.8","0.0","54.8","0.0","54.8","0.0","54.8","0.0","54.8","22.2","34.3","77.8","34.3","243636","40399","242303","28818","(X)","(X)","0.0","(X)","(X)","(X)","31","28","0.0","59.1","0.0","59.1","0.0","59.1","0.0","59.1","0.0","59.1","0.0","59.1","0.0","59.1","0.0","59.1","25.8","40.4","74.2","40.4","244205","57939","N","N","(X)","(X)","(X)","(X)","(X)","(X)","204","99","5.4","9.4","3.9","6.2","13.7","20.3","0.0","17.7","10.8","12.3","0.0","17.7","0.0","17.7","30.4","29.3","19.1","22.2","16.7","20.3","104028","27112","116757","38245","(X)","(X)","(X)","(X)","22.1","(X)",
"1400000US25025060603","Census Tract 606.03, Suffolk County, Massachusetts","458","111","3.3","5.1","0.0","8.4","0.0","8.4","3.1","4.7","0.0","8.4","9.4","6.1","13.5","10.9","17.5","9.9","6.6","5.5","46.7","14.1","194643","97389","217596","44376","26.6","(X)","(X)","(X)","(X)","(X)","182","68","0.0","19.6","0.0","19.6","0.0","19.6","0.0","19.6","0.0","19.6","12.6","11.9","9.9","14.4","18.7","14.2","13.2","13.6","45.6","20.5","196071","66921","227482","54102","(X)","(X)","34.6","(X)","(X)","(X)","152","69","0.0","22.9","0.0","22.9","0.0","22.9","0.0","22.9","0.0","22.9","0.0","22.9","11.8","17.6","22.4","16.5","15.8","16.0","50.0","22.7","198750","68531","N","N","(X)","(X)","(X)","(X)","(X)","(X)","276","105","5.4","8.5","0.0","13.5","0.0","13.5","5.1","7.8","0.0","13.5","7.2","9.5","15.9","15.2","22.8","14.9","2.2","2.7","41.3","19.6","132500","71878","200942","59917","(X)","(X)","(X)","(X)","21.4","(X)",
"1400000US25025060604","Census Tract 606.04, Suffolk County, Massachusetts","1545","226","0.3","0.6","2.3","2.1","1.3","1.5","0.6","1.0","4.9","4.0","4.5","3.2","4.7","3.4","17.7","7.9","10.7","4.8","53.1","10.0","214150","46935","313329","74707","22.3","(X)","(X)","(X)","(X)","(X)","464","123","0.0","8.3","0.0","8.3","0.0","8.3","0.0","8.3","0.0","8.3","6.3","7.2","0.0","8.3","23.7","12.5","6.3","5.2","63.8","14.5","234118","56544","362881","107559","(X)","(X)","26.7","(X)","(X)","(X)","396","113","0.0","9.6","0.0","9.6","0.0","9.6","0.0","9.6","0.0","9.6","2.0","3.4","0.0","9.6","23.0","13.3","7.3","5.9","67.7","14.8","242500","54899","N","N","(X)","(X)","(X)","(X)","(X)","(X)","1081","235","0.5","0.9","3.2","3.1","1.9","2.2","0.8","1.4","7.0","5.8","3.8","3.6","6.7","4.8","15.1","9.5","12.6","6.5","48.5","13.0","181771","55197","292060","99257","(X)","(X)","(X)","(X)","20.4","(X)",
"1400000US25025060700","Census Tract 607, Suffolk County, Massachusetts","970","269","16.8","8.8","13.2","6.8","34.1","18.8","6.2","4.1","11.0","5.8","11.2","6.1","4.6","4.0","2.5","3.0","0.0","4.0","0.3","0.5","21297","844","30834","5115","41.8","(X)","(X)","(X)","(X)","(X)","521","78","19.6","8.7","7.1","7.6","16.1","8.9","11.1","6.4","15.9","8.4","18.8","9.6","6.1","6.1","4.6","5.3","0.0","7.4","0.6","0.8","31131","7961","39388","6744","(X)","(X)","41.5","(X)","(X)","(X)","126","56","0.0","26.7","0.0","26.7","24.6","17.8","4.0","6.0","23.8","19.8","15.1","16.8","13.5","16.0","19.0","20.1","0.0","26.7","0.0","26.7","47105","27181","N","N","(X)","(X)","(X)","(X)","(X)","(X)","449","277","13.6","13.9","20.3","16.6","55.0","30.7","0.4","1.5","5.3","6.9","2.4","4.6","2.9","4.5","0.0","8.5","0.0","8.5","0.0","8.5","20526","5312","20908","4672","(X)","(X)","(X)","(X)","42.1","(X)",
"1400000US25025060800","Census Tract 608, Suffolk County, Massachusetts","1992","268","6.6","4.0","0.0","2.0","0.7","1.1","2.6","3.3","2.4","2.5","6.8","4.1","8.2","5.7","23.1","9.1","11.1","5.5","38.6","8.7","148750","31770","186054","30130","28.3","(X)","(X)","(X)","(X)","(X)","642","169","0.0","6.0","0.0","6.0","0.0","6.0","7.0","10.3","0.0","6.0","4.8","6.0","2.2","3.7","19.8","14.8","8.3","6.8","57.9","13.8","207992","13066","198371","38011","(X)","(X)","30.2","(X)","(X)","(X)","600","153","0.0","6.4","0.0","6.4","0.0","6.4","7.5","10.8","0.0","6.4","5.2","6.6","2.3","3.8","21.2","16.0","8.8","7.6","55.0","13.3","207720","24380","N","N","(X)","(X)","(X)","(X)","(X)","(X)","1350","233","9.8","5.7","0.0","2.9","1.0","1.7","0.4","0.7","3.6","3.7","7.7","5.3","11.0","8.0","24.7","11.1","12.4","7.2","29.3","11.1","134762","20412","180197","42954","(X)","(X)","(X)","(X)","27.3","(X)",
"1400000US25025061000","Census Tract 610, Suffolk County, Massachusetts","1292","232","5.0","3.8","11.5","7.6","3.5","4.0","11.5","7.3","11.6","8.4","11.1","7.3","5.4","5.0","12.2","6.4","4.3","3.3","24.0","11.7","72985","26577","127239","30639","36.4","(X)","(X)","(X)","(X)","(X)","610","217","6.9","9.1","13.6","13.3","0.7","2.0","11.6","9.9","15.2","10.4","5.2","5.0","3.4","5.2","11.3","9.1","0.0","6.3","32.0","21.9","-","**","151560","60486","(X)","(X)","45.1","(X)","(X)","(X)","341","189","0.0","11.1","4.7","9.1","1.2","3.7","9.4","13.1","10.9","11.4","0.0","11.1","4.4","8.1","16.4","16.1","0.0","11.1","53.1","29.6","250,000+","***","N","N","(X)","(X)","(X)","(X)","(X)","(X)","682","147","9.4","7.1","9.7","9.8","6.0","7.3","5.3","7.9","8.4","12.3","17.7","12.4","7.2","7.5","11.4","10.2","8.1","6.5","16.9","8.9","73358","24436","102794","25469","(X)","(X)","(X)","(X)","28.6","(X)",
"1400000US25025061101","Census Tract 611.01, Suffolk County, Massachusetts","1124","135","32.6","8.7","21.2","8.1","9.0","5.1","11.0","5.5","12.9","8.0","6.0","4.5","0.6","1.0","0.7","1.0","2.2","2.6","3.7","2.8","12300","4627","31661","6253","35.2","(X)","(X)","(X)","(X)","(X)","505","136","26.3","13.8","27.7","14.4","4.8","3.4","14.5","10.6","12.5","9.4","10.3","9.3","0.0","7.6","4.0","4.2","0.0","7.6","0.0","7.6","12772","12533","26197","6782","(X)","(X)","31.5","(X)","(X)","(X)","84","43","6.0","11.6","0.0","35.6","22.6","18.1","35.7","27.9","7.1","10.9","19.0","19.0","0.0","35.6","9.5","13.8","0.0","35.6","0.0","35.6","30833","4740","N","N","(X)","(X)","(X)","(X)","(X)","(X)","619","113","37.6","11.6","17.1","9.6","12.4","8.6","6.9","4.5","13.2","12.2","2.6","3.0","1.1","1.8","0.0","6.3","4.0","4.9","4.8","4.6","11992","4731","34277","10727","(X)","(X)","(X)","(X)","37.0","(X)",
"1400000US25025061201","Census Tract 612.01, Suffolk County, Massachusetts","909","198","13.6","14.0","11.0","15.4","6.9","5.5","1.2","1.6","4.0","4.8","8.3","9.7","3.3","3.8","26.5","13.7","4.7","5.1","20.5","11.8","104261","66016","115407","39739","14.3","(X)","(X)","(X)","(X)","(X)","412","198","20.6","28.0","24.3","31.1","1.9","3.7","0.0","9.2","0.0","9.2","0.0","9.2","0.0","9.2","18.0","22.6","0.0","9.2","35.2","26.9","-","**","141032","91126","(X)","(X)","0.0","(X)","(X)","(X)","412","198","20.6","28.0","24.3","31.1","1.9","3.7","0.0","9.2","0.0","9.2","0.0","9.2","0.0","9.2","18.0","22.6","0.0","9.2","35.2","26.9","-","**","N","N","(X)","(X)","(X)","(X)","(X)","(X)","497","123","7.8","12.4","0.0","7.7","11.1","10.4","2.2","3.1","7.2","8.3","15.1","16.8","6.0","7.0","33.6","16.8","8.7","8.6","8.2","9.7","102784","50026","94165","21110","(X)","(X)","(X)","(X)","26.2","(X)",
"1400000US25025061202","Census Tract 612.02, Suffolk County, Massachusetts","0","13","-","**","-","**","-","**","-","**","-","**","-","**","-","**","-","**","-","**","-","**","-","**","-","**","-","(X)","(X)","(X)","(X)","(X)","0","13","-","**","-","**","-","**","-","**","-","**","-","**","-","**","-","**","-","**","-","**","-","**","-","**","(X)","(X)","-","(X)","(X)","(X)","0","13","-","**","-","**","-","**","-","**","-","**","-","**","-","**","-","**","-","**","-","**","-","**","-","**","(X)","(X)","(X)","(X)","(X)","(X)","0","13","-","**","-","**","-","**","-","**","-","**","-","**","-","**","-","**","-","**","-","**","-","**","-","**","(X)","(X)","(X)","(X)","-","(X)",
"1400000US25025061203","Census Tract 612.03, Suffolk County, Massachusetts","1069","281","0.0","3.7","0.0","3.7","0.0","3.7","0.0","3.7","1.0","1.6","4.2","4.1","5.4","5.9","6.5","5.8","16.6","8.8","66.2","13.2","246750","66059","269565","40182","35.6","(X)","(X)","(X)","(X)","(X)","350","118","0.0","10.8","0.0","10.8","0.0","10.8","0.0","10.8","0.0","10.8","4.6","7.2","0.0","10.8","15.7","12.5","18.3","13.3","61.4","16.9","204435","26189","273094","78216","(X)","(X)","10.0","(X)","(X)","(X)","318","123","0.0","11.8","0.0","11.8","0.0","11.8","0.0","11.8","0.0","11.8","0.0","11.8","0.0","11.8","17.3","13.5","20.1","14.4","62.6","17.1","213906","39976","N","N","(X)","(X)","(X)","(X)","(X)","(X)","719","275","0.0","5.4","0.0","5.4","0.0","5.4","0.0","5.4","1.5","2.4","4.0","5.1","8.1","8.8","2.1","3.8","15.7","11.4","68.6","17.1","250,000+","***","267846","37871","(X)","(X)","(X)","(X)","48.1","(X)",
"1400000US25025061204","Census Tract 612.04, Suffolk County, Massachusetts","635","217","0.0","6.1","2.7","2.9","0.0","6.1","0.0","6.1","7.4","8.8","9.4","9.6","12.6","14.4","36.7","21.2","5.7","2.0","25.5","12.4","147648","17023","217743","69239","11.7","(X)","(X)","(X)","(X)","(X)","159","69","0.0","22.0","0.0","22.0","0.0","22.0","0.0","22.0","15.1","18.1","0.0","22.0","0.0","22.0","11.9","18.5","22.6","10.9","50.3","25.4","250,000+","***","241909","75313","(X)","(X)","34.6","(X)","(X)","(X)","159","69","0.0","22.0","0.0","22.0","0.0","22.0","0.0","22.0","15.1","18.1","0.0","22.0","0.0","22.0","11.9","18.5","22.6","10.9","50.3","25.4","250,000+","***","N","N","(X)","(X)","(X)","(X)","(X)","(X)","476","226","0.0","8.1","3.6","3.9","0.0","8.1","0.0","8.1","4.8","8.2","12.6","12.4","16.8","20.4","45.0","26.8","0.0","8.1","17.2","14.6","141292","41930","209671","97150","(X)","(X)","(X)","(X)","4.0","(X)",
"1400000US25025070102","Census Tract 701.02, Suffolk County, Massachusetts","1105","164","13.2","7.8","14.4","7.9","7.1","5.1","4.2","5.2","9.3","7.7","4.6","5.0","8.4","5.2","6.8","3.9","2.1","2.6","30.0","11.0","55724","45313","144337","41479","28.1","(X)","(X)","(X)","(X)","(X)","483","150","24.4","14.9","2.7","4.5","9.1","8.4","2.1","3.4","3.1","5.3","0.0","7.9","11.8","9.2","9.3","5.2","0.0","7.9","37.5","14.5","94732","65955","170257","52852","(X)","(X)","24.4","(X)","(X)","(X)","401","138","25.4","17.5","3.2","5.5","11.0","10.4","0.0","9.5","3.7","6.2","0.0","9.5","14.2","11.1","2.2","4.9","0.0","9.5","40.1","17.0","-","**","N","N","(X)","(X)","(X)","(X)","(X)","(X)","622","128","4.5","5.2","23.5","12.6","5.5","6.6","5.8","8.7","14.1","12.7","8.2","8.6","5.8","6.4","4.8","4.9","3.7","4.4","24.1","13.8","48779","18315","124210","50576","(X)","(X)","(X)","(X)","30.9","(X)",
"1400000US25025070103","Census Tract 701.03, Suffolk County, Massachusetts","235","73","7.7","12.4","0.0","15.6","7.7","12.6","0.0","15.6","28.1","25.8","16.2","21.0","11.5","9.2","8.5","10.4","16.6","12.6","3.8","6.0","62750","35261","83854","23899","34.0","(X)","(X)","(X)","(X)","(X)","106","72","0.0","30.4","0.0","30.4","0.0","30.4","0.0","30.4","50.9","50.6","35.8","46.6","13.2","20.5","0.0","30.4","0.0","30.4","0.0","30.4","42308","35259","52476","14515","(X)","(X)","62.3","(X)","(X)","(X)","80","65","0.0","36.7","0.0","36.7","0.0","36.7","0.0","36.7","51.3","51.3","31.3","56.5","17.5","27.1","0.0","36.7","0.0","36.7","0.0","36.7","-","**","N","N","(X)","(X)","(X)","(X)","(X)","(X)","129","51","14.0","22.5","0.0","26.2","14.0","20.9","0.0","26.2","9.3","15.6","0.0","26.2","10.1","16.0","15.5","19.9","30.2","21.1","7.0","11.4","111750","90380","109637","40613","(X)","(X)","(X)","(X)","10.9","(X)",
"1400000US25025070104","Census Tract 701.04, Suffolk County, Massachusetts","1261","193","19.0","9.1","0.0","3.1","3.3","3.8","2.8","3.3","0.0","3.1","5.3","6.2","4.2","3.3","14.2","10.3","6.2","4.9","45.0","9.2","154779","60797","314907","93962","22.8","(X)","(X)","(X)","(X)","(X)","679","172","13.7","12.8","0.0","5.7","0.0","5.7","2.2","3.7","0.0","5.7","2.7","4.2","5.4","5.2","10.3","11.7","6.6","6.2","59.1","14.5","250,000+","***","443470","172741","(X)","(X)","20.8","(X)","(X)","(X)","518","144","0.0","7.4","0.0","7.4","0.0","7.4","2.9","5.0","0.0","7.4","0.0","7.4","5.0","5.4","13.5","15.0","5.6","6.3","73.0","15.4","250,000+","***","N","N","(X)","(X)","(X)","(X)","(X)","(X)","582","172","25.1","13.5","0.0","6.6","7.2","8.0","3.4","5.6","0.0","6.6","11.5","13.7","2.7","4.4","18.7","16.7","5.7","7.1","25.6","16.5","91250","84587","127684","45252","(X)","(X)","(X)","(X)","22.0","(X)",
"1400000US25025070201","Census Tract 702.01, Suffolk County, Massachusetts","931","154","8.8","6.2","16.1","11.2","10.6","5.4","4.6","5.4","12.0","8.7","4.3","3.1","7.7","4.3","3.5","4.0","2.7","2.2","29.5","8.7","48651","30170","127064","29781","31.4","(X)","(X)","(X)","(X)","(X)","420","85","5.7","5.4","13.3","12.8","14.8","10.5","4.3","6.2","14.0","12.0","0.0","9.1","2.4","3.4","3.6","4.4","0.0","9.1","41.9","11.9","-","**","166052","44311","(X)","(X)","24.3","(X)","(X)","(X)","340","71","7.1","6.6","6.2","8.8","15.3","11.8","5.3","7.5","9.1","9.8","0.0","11.1","2.9","4.3","4.4","5.3","0.0","11.1","49.7","10.0","-","**","N","N","(X)","(X)","(X)","(X)","(X)","(X)","511","157","11.4","10.3","18.4","17.1","7.2","6.5","4.9","8.2","10.4","12.2","7.8","5.9","12.1","6.4","3.5","5.9","4.9","4.1","19.4","11.1","46875","34848","95019","36338","(X)","(X)","(X)","(X)","37.2","(X)",
"1400000US25025070202","Census Tract 702.02, Suffolk County, Massachusetts","1809","243","17.5","7.6","8.4","4.6","8.4","4.7","9.3","5.0","8.2","4.2","11.8","7.0","2.7","2.5","9.1","4.3","3.4","2.7","21.2","7.9","46090","24042","106000","26436","32.1","(X)","(X)","(X)","(X)","(X)","699","214","1.1","1.9","5.2","6.2","10.7","8.7","14.0","9.9","15.3","8.7","18.6","14.3","1.7","2.8","5.7","7.2","0.0","5.6","27.6","16.2","58672","33149","132330","56211","(X)","(X)","45.9","(X)","(X)","(X)","514","184","1.6","2.6","5.4","7.7","4.9","5.0","7.0","7.7","19.3","11.8","19.6","18.7","0.0","7.5","7.8","9.7","0.0","7.5","34.4","21.0","-","**","N","N","(X)","(X)","(X)","(X)","(X)","(X)","1110","197","27.8","11.2","10.5","6.7","6.9","5.1","6.4","5.0","3.7","4.8","7.6","7.0","3.2","3.7","11.3","5.5","5.5","4.2","17.1","7.8","33043","31659","89419","25737","(X)","(X)","(X)","(X)","23.4","(X)",
"1400000US25025070301","Census Tract 703.01, Suffolk County, Massachusetts","1238","264","7.5","10.9","2.2","2.7","1.6","2.2","5.5","5.7","2.9","2.7","5.7","5.4","3.0","3.0","15.2","10.5","5.6","4.8","50.9","11.3","203264","84163","285432","90260","30.1","(X)","(X)","(X)","(X)","(X)","522","137","0.0","7.4","5.2","5.9","0.0","7.4","0.0","7.4","0.0","7.4","0.8","2.3","1.7","3.9","9.2","8.3","11.3","10.2","71.8","12.6","250,000+","***","397465","174448","(X)","(X)","37.4","(X)","(X)","(X)","454","132","0.0","8.4","5.9","6.8","0.0","8.4","0.0","8.4","0.0","8.4","0.9","2.6","2.0","4.5","2.6","4.3","13.0","11.6","75.6","12.7","250,000+","***","N","N","(X)","(X)","(X)","(X)","(X)","(X)","716","260","13.0","18.2","0.0","5.4","2.8","3.8","9.5","10.0","5.0","4.9","9.2","9.1","3.9","4.6","24.6","17.0","1.4","3.0","30.6","14.4","123690","46789","197403","67852","(X)","(X)","(X)","(X)","24.9","(X)",
"1400000US25025070302","Census Tract 703.02, Suffolk County, Massachusetts","1145","151","12.1","7.3","15.2","12.6","2.1","2.6","1.7","2.6","1.8","3.0","1.1","1.9","4.6","4.5","10.4","8.2","10.5","6.4","40.5","11.9","151513","58848","245367","81438","38.3","(X)","(X)","(X)","(X)","(X)","446","117","7.4","11.3","0.0","8.6","1.6","2.7","0.0","8.6","0.0","8.6","0.0","8.6","4.3","7.3","4.0","6.7","14.6","14.1","68.2","17.3","250,000+","***","453140","165972","(X)","(X)","43.3","(X)","(X)","(X)","384","116","0.0","9.9","0.0","9.9","1.8","3.2","0.0","9.9","0.0","9.9","0.0","9.9","4.9","8.4","4.7","7.9","16.9","16.4","71.6","16.3","250,000+","***","N","N","(X)","(X)","(X)","(X)","(X)","(X)","699","160","15.0","10.8","24.9","19.7","2.4","3.8","2.7","4.4","3.0","4.8","1.9","3.2","4.9","5.8","14.4","12.0","7.9","7.3","22.9","13.7","-","**","111089","36562","(X)","(X)","(X)","(X)","35.1","(X)",
"1400000US25025070402","Census Tract 704.02, Suffolk County, Massachusetts","1600","163","11.6","4.3","11.4","3.7","8.4","3.2","6.1","2.8","8.2","3.3","11.1","7.1","6.3","3.0","10.4","3.5","8.3","2.5","18.4","5.0","64750","15830","108720","15498","30.3","(X)","(X)","(X)","(X)","(X)","541","84","10.4","6.1","9.6","5.6","10.7","6.8","15.2","7.9","15.5","7.4","8.5","5.4","7.0","5.3","4.3","2.6","5.9","3.4","12.9","5.3","37250","6686","91787","22465","(X)","(X)","39.7","(X)","(X)","(X)","365","70","7.1","6.1","12.9","8.1","4.1","4.1","15.3","9.4","11.8","8.2","9.9","7.4","6.3","5.1","6.3","3.9","8.8","5.0","17.5","7.2","48125","18145","N","N","(X)","(X)","(X)","(X)","(X)","(X)","1059","172","12.7","5.7","12.4","4.8","6.8","3.5","1.7","1.5","4.4","3.4","12.6","11.2","5.9","3.6","13.0","5.1","9.4","3.7","21.2","7.6","73854","27266","116964","23729","(X)","(X)","(X)","(X)","25.1","(X)",
"1400000US25025070501","Census Tract 705.01, Suffolk County, Massachusetts","965","124","4.6","4.4","0.0","4.1","11.3","8.3","5.4","6.0","0.0","4.1","11.3","8.3","2.7","3.1","9.1","9.3","14.2","7.2","41.5","10.5","180409","55051","183004","38939","32.0","(X)","(X)","(X)","(X)","(X)","332","91","0.0","11.3","0.0","11.3","10.2","10.3","0.0","11.3","0.0","11.3","6.9","8.3","0.0","11.3","7.8","12.1","23.5","16.7","51.5","18.7","200694","38656","244794","91655","(X)","(X)","17.8","(X)","(X)","(X)","287","96","0.0","13.0","0.0","13.0","0.0","13.0","0.0","13.0","0.0","13.0","8.0","9.9","0.0","13.0","9.1","13.6","27.2","19.3","55.7","19.7","202292","29350","N","N","(X)","(X)","(X)","(X)","(X)","(X)","633","139","7.0","7.0","0.0","6.1","11.8","9.4","8.2","9.0","0.0","6.1","13.6","11.4","4.1","4.9","9.8","11.8","9.3","8.1","36.2","14.1","101948","94374","150596","33682","(X)","(X)","(X)","(X)","39.5","(X)",
"1400000US25025070502","Census Tract 705.02, Suffolk County, Massachusetts","1962","408","12.5","8.5","24.9","15.3","13.7","9.0","7.0","7.2","6.6","5.8","3.6","2.9","2.9","2.5","4.7","4.4","5.8","4.5","18.4","7.9","21951","14023","115735","37423","51.4","(X)","(X)","(X)","(X)","(X)","810","221","11.9","9.8","3.5","4.6","19.5","17.3","7.9","9.9","13.7","12.6","5.4","4.8","6.0","5.5","7.3","8.4","1.9","3.0","23.0","10.4","47797","23909","145939","54891","(X)","(X)","49.6","(X)","(X)","(X)","605","227","11.9","13.8","2.1","3.7","18.2","20.6","10.6","13.0","9.8","14.5","2.3","3.5","5.1","6.1","9.3","11.0","0.0","6.4","30.7","15.6","-","**","N","N","(X)","(X)","(X)","(X)","(X)","(X)","1152","400","12.9","11.8","39.9","21.5","9.5","8.8","6.3","10.3","1.6","2.9","2.3","3.9","0.6","1.1","3.0","4.0","8.5","7.5","15.2","11.9","13625","12121","94497","52655","(X)","(X)","(X)","(X)","52.6","(X)",
"1400000US25025070600","Census Tract 706, Suffolk County, Massachusetts","1144","135","3.4","3.3","0.0","3.4","5.4","3.8","1.7","2.1","0.0","3.4","2.6","2.2","3.8","2.8","14.5","5.6","17.6","6.1","51.0","8.7","206667","28286","324091","56400","27.3","(X)","(X)","(X)","(X)","(X)","488","109","0.0","7.9","0.0","7.9","7.0","7.4","0.0","7.9","0.0","7.9","1.4","2.2","0.0","7.9","9.2","6.2","14.8","8.2","67.6","11.3","250,000+","***","509682","119898","(X)","(X)","36.7","(X)","(X)","(X)","464","98","0.0","8.3","0.0","8.3","7.3","7.7","0.0","8.3","0.0","8.3","1.5","2.3","0.0","8.3","9.7","6.6","15.5","8.5","65.9","11.6","250,000+","***","N","N","(X)","(X)","(X)","(X)","(X)","(X)","656","118","5.9","5.7","0.0","5.9","4.3","4.0","2.9","3.5","0.0","5.9","3.5","3.3","6.7","4.8","19.7","9.1","19.7","8.9","37.3","12.0","165870","26724","184105","32685","(X)","(X)","(X)","(X)","20.3","(X)",
"1400000US25025070700","Census Tract 707, Suffolk County, Massachusetts","1547","237","3.4","2.8","3.4","3.8","11.2","7.3","7.4","5.6","7.3","5.2","2.8","2.2","5.8","4.0","13.4","10.8","10.1","4.5","35.2","8.8","128313","47831","229939","46599","34.1","(X)","(X)","(X)","(X)","(X)","659","203","3.9","5.1","0.0","5.9","6.8","7.9","12.4","12.0","2.6","2.7","2.0","2.8","3.3","4.0","19.1","22.5","10.8","8.0","39.0","16.5","139531","104445","262051","78833","(X)","(X)","44.8","(X)","(X)","(X)","347","76","1.2","2.4","0.0","10.9","4.6","6.7","2.0","3.3","0.0","10.9","3.7","5.2","3.7","5.8","2.3","3.7","18.4","12.9","64.0","15.7","250,000+","***","N","N","(X)","(X)","(X)","(X)","(X)","(X)","888","159","3.0","3.0","6.0","6.5","14.5","11.4","3.6","4.3","10.8","8.4","3.4","3.0","7.7","6.3","9.1","6.1","9.6","5.8","32.3","13.6","123750","92596","205536","65486","(X)","(X)","(X)","(X)","26.1","(X)",
"1400000US25025070801","Census Tract 708.01, Suffolk County, Massachusetts","559","133","0.0","6.9","9.1","12.9","7.5","8.6","3.9","6.8","18.8","15.3","3.8","5.1","3.9","6.6","4.1","5.1","18.1","14.8","30.8","18.0","-","**","160064","55998","26.8","(X)","(X)","(X)","(X)","(X)","92","70","0.0","33.6","0.0","33.6","28.3","42.9","0.0","33.6","0.0","33.6","0.0","33.6","0.0","33.6","0.0","33.6","21.7","34.1","50.0","46.9","225000","204431","279040","197663","(X)","(X)","0.0","(X)","(X)","(X)","81","67","0.0","36.4","0.0","36.4","32.1","48.7","0.0","36.4","0.0","36.4","0.0","36.4","0.0","36.4","0.0","36.4","24.7","40.0","43.2","53.5","-","**","N","N","(X)","(X)","(X)","(X)","(X)","(X)","467","149","0.0","8.2","10.9","15.5","3.4","5.8","4.7","8.3","22.5","18.2","4.5","6.4","4.7","7.9","4.9","6.4","17.3","15.9","27.0","17.7","-","**","128977","42024","(X)","(X)","(X)","(X)","32.1","(X)",
"1400000US25025070802","Census Tract 708.02, Suffolk County, Massachusetts","1493","272","6.8","5.9","1.3","2.2","17.0","12.1","4.3","2.5","2.5","3.0","16.4","7.9","8.8","6.9","7.7","4.5","18.0","8.2","17.1","8.2","81250","26562","148279","50256","37.1","(X)","(X)","(X)","(X)","(X)","290","151","7.2","11.1","0.0","12.9","0.0","12.9","0.0","12.9","5.5","8.9","9.7","12.8","6.9","10.5","0.0","12.9","33.8","27.7","36.9","23.6","166708","47813","321677","175404","(X)","(X)","24.1","(X)","(X)","(X)","249","140","0.0","14.8","0.0","14.8","0.0","14.8","0.0","14.8","6.4","10.9","11.2","15.0","0.0","14.8","0.0","14.8","39.4","30.3","43.0","26.6","173250","76564","N","N","(X)","(X)","(X)","(X)","(X)","(X)","1203","272","6.7","6.8","1.7","2.8","21.1","14.3","5.3","3.1","1.8","3.1","18.0","9.5","9.3","8.4","9.6","5.8","14.1","7.8","12.4","7.8","70512","18041","106479","27537","(X)","(X)","(X)","(X)","40.2","(X)",
"1400000US25025070901","Census Tract 709.01, Suffolk County, Massachusetts","662","219","6.5","6.5","20.4","22.7","23.0","12.4","1.1","1.9","18.0","17.4","9.5","6.8","6.3","8.1","1.1","2.0","8.3","7.9","5.9","5.1","30357","20981","60760","20167","19.3","(X)","(X)","(X)","(X)","(X)","231","76","4.8","7.5","3.0","5.3","25.5","17.1","3.0","5.7","13.9","18.0","9.5","14.2","0.4","5.5","3.0","5.2","19.9","17.6","16.9","13.9","-","**","113204","38828","(X)","(X)","17.7","(X)","(X)","(X)","126","54","0.0","26.7","5.6","9.4","20.6","28.7","5.6","10.0","0.0","26.7","0.0","26.7","0.8","10.2","0.0","26.7","36.5","30.9","31.0","23.9","152292","101494","N","N","(X)","(X)","(X)","(X)","(X)","(X)","431","218","7.4","10.0","29.7","32.5","21.6","16.1","0.0","8.9","20.2","24.2","9.5","7.9","9.5","11.7","0.0","8.9","2.1","3.6","0.0","8.9","21180","19912","32653","10797","(X)","(X)","(X)","(X)","20.2","(X)",
"1400000US25025070902","Census Tract 709.02, Suffolk County, Massachusetts","1059","112","7.6","4.9","18.6","8.2","0.9","1.5","2.7","2.5","5.3","5.1","4.4","4.6","5.0","4.7","13.4","8.4","7.8","4.5","34.2","9.9","115089","54192","195211","48813","30.1","(X)","(X)","(X)","(X)","(X)","378","66","0.0","10.0","17.7","12.9","0.0","10.0","3.2","5.0","3.4","5.8","0.0","10.0","9.5","10.4","9.8","8.0","5.6","5.7","50.8","18.5","205833","132548","225676","62904","(X)","(X)","39.7","(X)","(X)","(X)","306","75","0.0","12.2","6.9","10.5","0.0","12.2","0.0","12.2","4.2","7.1","0.0","12.2","11.8","13.0","7.5","6.5","6.9","6.8","62.7","20.4","236071","58516","N","N","(X)","(X)","(X)","(X)","(X)","(X)","681","126","11.7","7.5","19.1","9.6","1.5","2.3","2.5","2.8","6.3","7.3","6.9","6.9","2.5","3.9","15.4","11.2","11.3","7.1","22.8","10.2","77109","68876","172623","62512","(X)","(X)","(X)","(X)","22.6","(X)",
"1400000US25025071101","Census Tract 711.01, Suffolk County, Massachusetts","2182","220","7.9","3.8","10.1","6.6","5.2","4.3","4.4","3.5","6.0","4.3","12.3","6.7","13.6","5.9","14.6","7.2","5.3","4.6","20.5","8.4","81073","11855","118925","25619","42.7","(X)","(X)","(X)","(X)","(X)","664","203","6.9","7.2","5.1","7.2","0.0","5.8","5.3","8.7","7.8","11.8","6.8","10.4","29.8","15.8","16.7","15.7","2.3","3.5","19.3","11.5","81887","9810","144253","52532","(X)","(X)","50.2","(X)","(X)","(X)","290","117","15.9","16.4","11.7","16.0","0.0","12.9","0.0","12.9","0.0","12.9","15.5","22.1","5.2","8.4","14.1","13.0","5.2","8.4","32.4","18.7","110781","74245","N","N","(X)","(X)","(X)","(X)","(X)","(X)","1518","224","8.4","4.6","12.3","8.9","7.5","6.2","4.0","3.3","5.3","3.9","14.8","8.1","6.5","5.0","13.7","6.9","6.7","6.5","21.1","10.0","72135","27819","103555","23503","(X)","(X)","(X)","(X)","39.5","(X)",
"1400000US25025071201","Census Tract 712.01, Suffolk County, Massachusetts","1747","163","15.9","5.8","7.8","3.2","7.3","5.4","0.6","1.1","7.7","7.0","8.9","4.0","9.4","4.7","7.2","4.4","14.4","5.6","20.8","5.9","76366","11262","160273","45254","31.5","(X)","(X)","(X)","(X)","(X)","773","149","21.2","9.3","2.5","2.5","0.9","2.3","1.4","2.6","16.6","15.2","12.2","8.2","14.5","8.5","3.4","4.2","7.8","5.1","19.7","7.1","65893","25740","181527","82951","(X)","(X)","42.7","(X)","(X)","(X)","429","141","0.0","8.9","4.4","4.5","1.6","4.3","0.0","8.9","27.0","25.1","6.3","7.1","10.0","9.3","6.1","7.6","13.1","9.7","31.5","13.7","137798","130867","N","N","(X)","(X)","(X)","(X)","(X)","(X)","974","166","11.7","6.3","12.1","5.4","12.4","9.2","0.0","4.0","0.7","1.3","6.3","4.1","5.3","4.1","10.2","7.4","19.6","9.5","21.7","9.2","101061","55535","143405","37783","(X)","(X)","(X)","(X)","22.7","(X)",
"1400000US25025080100","Census Tract 801, Suffolk County, Massachusetts","709","89","16.1","8.9","5.6","4.7","16.4","7.6","10.4","8.8","16.6","7.1","11.0","6.7","2.7","2.8","8.3","6.2","5.9","5.0","6.9","5.6","42563","21397","60228","13834","29.3","(X)","(X)","(X)","(X)","(X)","359","98","6.4","7.4","1.7","3.3","11.7","12.5","16.4","15.7","19.5","11.0","10.0","10.0","9.7","9.7","9.2","9.2","3.1","4.7","12.3","10.7","48536","5659","76890","23061","(X)","(X)","31.8","(X)","(X)","(X)","225","89","4.0","6.2","2.7","5.1","12.4","17.8","2.2","3.5","31.1","16.9","3.6","6.8","15.6","15.4","10.2","12.8","0.0","16.2","18.2","16.7","49607","47924","N","N","(X)","(X)","(X)","(X)","(X)","(X)","350","65","26.0","15.9","9.7","9.6","21.1","12.5","4.3","5.7","13.7","7.6","12.0","8.4","1.7","2.6","1.1","2.3","8.9","10.2","1.4","3.0","20682","5516","41814","17241","(X)","(X)","(X)","(X)","26.9","(X)",
"1400000US25025080300","Census Tract 803, Suffolk County, Massachusetts","953","129","18.9","10.5","15.3","7.0","5.9","5.5","1.0","1.5","16.7","9.9","20.5","11.2","6.0","4.9","6.8","5.1","2.9","4.0","6.0","6.2","41211","15997","60163","17741","46.5","(X)","(X)","(X)","(X)","(X)","485","115","6.6","8.0","18.6","7.7","2.1","3.0","0.4","1.9","21.4","15.7","23.3","15.8","7.6","8.3","6.6","6.0","5.8","7.3","7.6","10.0","52250","34029","71732","24377","(X)","(X)","49.1","(X)","(X)","(X)","247","86","0.0","14.9","21.5","21.7","4.0","6.0","0.0","14.9","2.4","5.1","43.7","25.7","0.0","14.9","2.0","3.1","11.3","14.4","15.0","17.9","67332","12819","N","N","(X)","(X)","(X)","(X)","(X)","(X)","468","143","31.6","17.5","12.0","11.4","9.8","10.5","1.7","2.5","11.8","9.5","17.5","13.2","4.3","4.2","7.1","8.3","0.0","8.2","4.3","6.2","-","**","48174","21056","(X)","(X)","(X)","(X)","43.8","(X)",
"1400000US25025080401","Census Tract 804.01, Suffolk County, Massachusetts","1318","232","21.2","7.7","9.4","5.3","21.4","9.7","13.7","8.8","11.3","8.6","11.2","6.3","6.6","3.9","3.3","3.2","1.0","1.2","0.9","1.5","22212","11029","35611","5685","48.7","(X)","(X)","(X)","(X)","(X)","556","111","21.8","12.1","1.3","2.5","25.9","13.8","10.6","9.3","9.0","7.0","14.4","10.3","8.1","7.1","7.9","7.5","1.1","2.1","0.0","6.9","25625","15919","39998","11244","(X)","(X)","61.7","(X)","(X)","(X)","152","77","0.0","22.9","0.0","22.9","13.2","18.7","15.8","21.4","13.8","15.5","19.7","22.7","14.5","17.2","19.1","20.5","3.9","8.1","0.0","22.9","66719","54038","N","N","(X)","(X)","(X)","(X)","(X)","(X)","762","222","21.3","9.7","15.4","9.7","18.1","13.6","15.9","13.1","12.6","14.3","8.8","6.7","5.5","4.9","0.0","5.1","0.9","1.5","1.6","2.7","21667","10170","31985","6305","(X)","(X)","(X)","(X)","39.2","(X)",
"1400000US25025080500","Census Tract 805, Suffolk County, Massachusetts","1509","244","16.5","6.6","8.2","5.5","10.9","6.3","11.2","5.7","19.4","12.3","13.3","5.9","10.0","6.4","6.6","4.8","4.0","3.1","0.0","2.6","39625","15445","48267","5922","52.6","(X)","(X)","(X)","(X)","(X)","825","166","9.8","6.8","2.3","3.6","13.2","8.5","11.3","7.2","16.8","9.2","20.4","9.5","10.7","6.8","8.6","7.7","6.9","5.6","0.0","4.7","48074","13056","58895","9893","(X)","(X)","48.0","(X)","(X)","(X)","185","78","0.0","19.3","0.0","19.3","6.5","10.6","6.5","10.3","4.9","9.3","30.8","22.1","21.1","21.0","14.1","13.5","16.2","12.1","0.0","19.3","78542","46278","N","N","(X)","(X)","(X)","(X)","(X)","(X)","684","255","26.0","14.8","13.7","11.1","8.0","7.6","11.1","9.6","22.5","23.7","6.0","5.8","9.6","11.0","2.9","3.7","0.0","5.7","0.0","5.7","29583","25855","34444","9938","(X)","(X)","(X)","(X)","58.2","(X)",
"1400000US25025080601","Census Tract 806.01, Suffolk County, Massachusetts","731","103","35.3","10.6","16.1","9.0","8.5","8.5","11.9","6.3","4.7","3.7","7.1","4.3","4.9","5.2","6.4","5.5","2.2","2.7","2.9","2.8","14590","13222","38663","10911","48.7","(X)","(X)","(X)","(X)","(X)","327","103","18.3","11.9","9.5","9.6","15.0","17.1","13.5","9.8","4.9","6.8","8.3","7.8","11.0","10.7","13.1","11.3","3.7","5.4","2.8","4.5","32772","18351","54708","17867","(X)","(X)","51.4","(X)","(X)","(X)","172","85","16.3","19.2","11.6","14.4","25.0","29.5","0.0","20.6","5.2","10.2","1.7","2.7","4.1","8.1","25.0","21.7","5.8","9.3","5.2","9.1","-","**","N","N","(X)","(X)","(X)","(X)","(X)","(X)","404","89","49.0","14.0","21.5","13.8","3.2","3.9","10.6","7.0","4.5","3.5","6.2","5.1","0.0","9.4","1.0","1.7","1.0","1.6","3.0","3.8","10233","3130","25677","10431","(X)","(X)","(X)","(X)","46.5","(X)",
"1400000US25025080801","Census Tract 808.01, Suffolk County, Massachusetts","1149","192","20.5","8.8","22.6","9.3","6.6","3.6","3.4","2.7","10.6","6.5","14.4","12.2","12.3","8.2","7.0","6.4","2.7","2.8","0.0","3.4","28295","23649","41292","8611","64.4","(X)","(X)","(X)","(X)","(X)","683","170","13.2","9.5","16.4","10.9","17.6","17.9","4.1","4.0","14.1","10.2","8.3","6.2","16.5","11.7","7.3","8.5","2.5","4.1","0.0","5.7","33750","26718","43074","11084","(X)","(X)","69.8","(X)","(X)","(X)","94","49","9.6","15.6","7.4","13.4","0.0","33.1","0.0","33.1","28.7","24.6","5.3","11.5","34.0","31.4","14.9","25.2","0.0","33.1","0.0","33.1","-","**","N","N","(X)","(X)","(X)","(X)","(X)","(X)","466","144","31.1","16.5","31.8","16.0","10.1","7.3","2.4","3.7","5.6","6.5","3.6","6.0","6.0","9.3","6.4","10.4","3.0","3.5","0.0","8.2","11964","2406","28244","13260","(X)","(X)","(X)","(X)","56.4","(X)",
"1400000US25025080900","Census Tract 809, Suffolk County, Massachusetts","1455","147","6.3","2.9","4.1","3.0","5.7","3.3","3.5","3.1","10.4","5.7","20.9","7.6","8.1","5.5","16.9","5.7","12.0","6.3","12.0","5.4","72208","28509","106912","20818","38.0","(X)","(X)","(X)","(X)","(X)","182","85","0.0","19.6","0.0","19.6","0.0","19.6","0.0","19.6","0.0","19.6","49.5","26.4","12.1","11.0","3.3","6.1","31.9","23.1","3.3","5.3","-","**","107551","26694","(X)","(X)","36.8","(X)","(X)","(X)","90","48","0.0","34.1","0.0","34.1","0.0","34.1","0.0","34.1","0.0","34.1","7.8","11.5","24.4","21.8","6.7","12.3","54.4","27.4","6.7","10.8","166389","33040","N","N","(X)","(X)","(X)","(X)","(X)","(X)","1273","139","7.2","3.4","4.7","3.5","6.5","3.9","4.0","3.5","11.9","6.5","19.5","8.0","7.5","6.1","16.2","6.6","9.1","6.5","13.3","6.0","68583","19062","105656","23745","(X)","(X)","(X)","(X)","38.2","(X)",
"1400000US25025081001","Census Tract 810.01, Suffolk County, Massachusetts","2414","320","11.6","5.3","23.3","6.4","6.9","4.6","6.0","3.6","14.1","6.7","16.4","7.0","6.8","3.1","6.0","3.6","7.0","6.8","1.8","1.6","37453","13579","51994","9745","40.7","(X)","(X)","(X)","(X)","(X)","771","218","13.1","10.6","11.4","11.4","7.4","9.0","14.7","11.3","20.0","17.8","18.0","8.8","2.6","4.3","6.1","5.9","2.2","3.5","4.5","4.9","37208","15623","52879","15466","(X)","(X)","28.8","(X)","(X)","(X)","217","103","0.0","16.8","0.0","16.8","3.7","6.5","35.0","24.2","4.1","7.5","14.7","19.2","9.2","13.6","9.2","15.2","7.8","11.6","16.1","16.0","71027","47988","N","N","(X)","(X)","(X)","(X)","(X)","(X)","1643","298","11.0","6.8","28.9","8.7","6.6","5.2","1.9","1.9","11.4","5.9","19.3","9.4","5.5","3.7","5.7","4.7","9.2","9.4","0.5","0.9","37716","25000","50735","12523","(X)","(X)","(X)","(X)","46.3","(X)",
"1400000US25025081101","Census Tract 811.01, Suffolk County, Massachusetts","716","123","11.2","9.0","0.0","5.4","11.0","9.9","0.0","5.4","1.3","2.5","31.8","15.7","15.8","10.5","12.7","8.4","12.8","9.9","3.4","3.9","71875","11091","82865","14883","20.9","(X)","(X)","(X)","(X)","(X)","135","67","8.9","17.4","0.0","25.2","0.0","25.2","0.0","25.2","0.0","25.2","15.6","21.0","35.6","32.0","25.2","23.0","8.9","14.3","5.9","9.4","98224","48994","108988","31461","(X)","(X)","25.2","(X)","(X)","(X)","135","67","8.9","17.4","0.0","25.2","0.0","25.2","0.0","25.2","0.0","25.2","15.6","21.0","35.6","32.0","25.2","23.0","8.9","14.3","5.9","9.4","98224","48994","N","N","(X)","(X)","(X)","(X)","(X)","(X)","581","129","11.7","10.1","0.0","6.6","13.6","12.1","0.0","6.6","1.5","3.1","35.6","18.6","11.2","8.8","9.8","8.2","13.8","12.4","2.8","4.4","70335","16889","76796","18094","(X)","(X)","(X)","(X)","20.0","(X)",
"1400000US25025081102","Census Tract 811.02, Suffolk County, Massachusetts","1193","231","10.7","6.1","7.0","5.3","8.0","6.1","3.3","3.6","7.6","5.8","10.0","5.6","19.8","8.7","19.4","17.2","3.3","3.0","11.1","7.2","77034","15152","100415","26528","38.6","(X)","(X)","(X)","(X)","(X)","361","225","0.0","10.5","0.0","10.5","3.6","6.7","2.8","6.8","0.0","10.5","14.1","15.5","14.7","16.3","42.7","40.0","0.0","10.5","22.2","21.0","105922","20416","154470","72447","(X)","(X)","31.0","(X)","(X)","(X)","132","70","0.0","25.7","0.0","25.7","9.8","16.4","7.6","17.8","0.0","25.7","15.9","23.5","20.5","21.3","6.8","13.5","0.0","25.7","39.4","32.4","-","**","N","N","(X)","(X)","(X)","(X)","(X)","(X)","832","132","15.4","7.7","10.0","7.3","9.9","8.3","3.5","4.1","10.9","8.0","8.2","5.6","22.0","10.8","9.3","11.4","4.7","4.3","6.3","5.8","58250","42430","76961","18626","(X)","(X)","(X)","(X)","41.9","(X)",
"1400000US25025081200","Census Tract 812, Suffolk County, Massachusetts","1323","122","15.9","7.5","18.3","7.4","15.3","5.2","6.8","3.6","6.3","4.2","11.5","5.0","9.4","6.9","7.0","5.0","3.0","2.5","6.6","3.9","25580","11223","60429","14445","54.3","(X)","(X)","(X)","(X)","(X)","918","151","21.8","10.6","14.3","8.8","11.9","7.3","8.8","5.1","7.1","5.9","7.5","6.2","7.8","8.9","8.8","6.7","3.5","3.4","8.5","5.4","27500","15412","66952","20280","(X)","(X)","61.1","(X)","(X)","(X)","218","80","0.0","16.7","0.0","16.7","21.1","18.6","4.6","7.3","5.0","8.2","16.5","17.0","4.6","6.7","13.3","11.8","14.7","12.7","20.2","17.1","-","**","N","N","(X)","(X)","(X)","(X)","(X)","(X)","405","114","2.5","3.7","27.4","14.5","23.2","15.7","2.2","3.6","9.4","10.9","15.6","10.9","12.8","9.7","4.7","7.0","0.0","9.4","2.2","3.7","-","**","43674","11572","(X)","(X)","(X)","(X)","38.8","(X)",
"1400000US25025081301","Census Tract 813.01, Suffolk County, Massachusetts","1142","230","18.0","11.3","26.2","13.8","6.7","8.4","15.5","15.6","11.7","9.3","1.8","2.3","5.2","6.5","10.3","6.2","3.7","6.3","0.9","1.9","20833","17809","39667","10192","49.1","(X)","(X)","(X)","(X)","(X)","611","258","10.8","11.3","28.0","25.3","10.1","15.1","2.8","4.6","19.1","16.8","0.0","6.3","3.1","6.2","17.5","11.7","6.9","12.4","1.6","3.5","-","**","52122","22212","(X)","(X)","32.6","(X)","(X)","(X)","205","133","0.0","17.6","22.0","32.6","30.2","39.4","0.0","17.6","33.7","36.1","0.0","17.6","9.3","17.8","0.0","17.6","0.0","17.6","4.9","10.7","-","**","N","N","(X)","(X)","(X)","(X)","(X)","(X)","531","162","26.2","20.8","47.8","20.5","2.8","4.5","6.4","8.6","3.2","6.3","4.0","5.0","7.5","11.6","2.1","3.8","0.0","7.3","0.0","7.3","11340","933","20684","10435","(X)","(X)","(X)","(X)","44.4","(X)",
"1400000US25025081302","Census Tract 813.02, Suffolk County, Massachusetts","1126","118","19.3","11.6","14.7","12.3","15.4","10.1","19.7","15.9","0.0","3.5","10.7","12.4","9.1","9.2","11.2","11.4","0.0","3.5","0.0","3.5","25308","4984","40952","12958","46.4","(X)","(X)","(X)","(X)","(X)","485","151","5.8","9.8","3.1","4.9","10.7","14.5","42.5","33.2","0.0","7.9","19.4","26.2","9.1","15.1","9.5","17.1","0.0","7.9","0.0","7.9","31866","16735","47075","17208","(X)","(X)","35.5","(X)","(X)","(X)","147","124","3.4","7.2","0.0","23.5","35.4","38.5","0.0","23.5","0.0","23.5","0.0","23.5","29.9","44.3","31.3","43.5","0.0","23.5","0.0","23.5","-","**","N","N","(X)","(X)","(X)","(X)","(X)","(X)","641","195","29.5","19.5","23.4","21.1","18.9","14.0","2.5","4.4","0.0","6.0","4.2","7.3","9.0","11.4","12.5","13.0","0.0","6.0","0.0","6.0","14542","4186","36320","17273","(X)","(X)","(X)","(X)","54.6","(X)",
"1400000US25025081400","Census Tract 814, Suffolk County, Massachusetts","1289","164","7.2","4.5","6.7","5.5","11.8","7.1","4.3","3.6","17.5","8.3","8.3","4.5","10.4","5.5","15.0","5.4","8.6","5.2","10.2","6.3","59464","24798","105162","31573","43.0","(X)","(X)","(X)","(X)","(X)","546","145","0.0","7.1","0.0","7.1","10.3","10.5","8.2","7.7","15.4","10.2","3.5","4.7","10.4","7.8","26.6","11.2","10.1","9.0","15.6","10.0","105500","21667","156037","65662","(X)","(X)","36.1","(X)","(X)","(X)","319","105","0.0","11.8","0.0","11.8","8.8","12.5","2.2","3.8","10.3","9.6","0.0","11.8","4.7","5.9","42.6","16.8","17.2","13.9","14.1","11.5","116289","11154","N","N","(X)","(X)","(X)","(X)","(X)","(X)","743","139","12.5","7.8","11.7","9.0","12.9","8.4","2.4","2.6","20.9","11.0","10.0","5.9","10.4","7.2","5.5","4.4","7.5","6.1","6.2","7.7","41875","8262","66636","19697","(X)","(X)","(X)","(X)","48.0","(X)",
"1400000US25025081500","Census Tract 815, Suffolk County, Massachusetts","1001","204","15.0","8.3","1.6","2.4","4.5","4.2","10.9","6.2","10.9","7.8","25.8","14.4","11.6","5.8","10.5","6.1","4.6","3.2","4.7","2.8","63144","15473","70123","9044","59.6","(X)","(X)","(X)","(X)","(X)","643","207","10.3","8.6","0.0","6.0","4.2","5.2","14.2","7.6","7.2","7.4","33.1","19.2","12.9","8.4","11.5","6.9","2.8","3.3","3.9","3.0","69491","13571","69830","9404","(X)","(X)","65.6","(X)","(X)","(X)","190","74","0.0","18.9","0.0","18.9","0.5","1.4","23.2","18.5","14.2","18.0","0.0","18.9","36.3","19.5","12.6","15.0","3.7","7.2","9.5","10.7","84483","16558","N","N","(X)","(X)","(X)","(X)","(X)","(X)","358","108","23.5","16.8","4.5","6.8","5.0","7.1","11.5","11.4","11.2","9.0","14.8","13.8","9.2","7.7","11.5","10.1","5.3","6.3","3.6","5.0","43148","22254","60842","16268","(X)","(X)","(X)","(X)","48.9","(X)",
"1400000US25025081700","Census Tract 817, Suffolk County, Massachusetts","2188","293","17.7","9.7","15.3","7.2","7.6","4.0","14.5","10.0","17.6","9.9","9.4","5.1","6.2","3.9","5.3","3.1","5.9","4.0","0.5","0.9","30349","10767","50354","11930","41.1","(X)","(X)","(X)","(X)","(X)","728","141","3.6","5.4","10.7","8.7","5.1","5.9","11.0","6.9","14.0","9.3","18.5","12.6","15.2","7.9","5.6","5.5","14.6","10.0","1.6","2.9","52228","17896","87107","37085","(X)","(X)","48.4","(X)","(X)","(X)","280","115","0.0","13.3","0.0","13.3","13.2","14.8","7.1","11.6","8.9","13.7","24.3","21.6","5.4","9.4","9.6","11.7","31.4","22.9","0.0","13.3","66250","63056","N","N","(X)","(X)","(X)","(X)","(X)","(X)","1460","328","24.7","14.4","20.1","10.2","6.3","4.5","17.7","14.2","19.3","13.6","3.4","3.9","2.8","2.9","5.2","3.6","0.4","0.8","0.0","2.7","20652","14347","29898","6508","(X)","(X)","(X)","(X)","32.3","(X)",
"1400000US25025081800","Census Tract 818, Suffolk County, Massachusetts","1376","189","21.7","9.9","8.3","5.8","16.9","9.1","7.0","5.6","6.8","5.1","10.3","6.5","17.4","9.2","8.7","5.4","2.1","2.1","0.9","1.7","33646","14672","49022","8581","53.4","(X)","(X)","(X)","(X)","(X)","736","192","7.5","6.7","1.8","2.4","18.5","11.9","5.7","5.5","8.4","8.3","15.1","10.6","26.2","14.0","15.1","10.2","0.0","5.3","1.8","3.2","68367","21827","64736","10269","(X)","(X)","57.1","(X)","(X)","(X)","185","80","7.0","10.6","0.0","19.3","0.0","19.3","4.3","8.0","9.2","14.0","5.4","8.3","45.9","25.0","21.1","17.5","0.0","19.3","7.0","12.0","85417","10090","N","N","(X)","(X)","(X)","(X)","(X)","(X)","640","171","38.0","15.6","17.8","12.0","13.0","11.6","10.8","10.3","2.5","4.0","8.0","8.2","4.1","6.6","2.8","3.4","3.1","3.9","0.0","6.1","13715","3328","29014","10456","(X)","(X)","(X)","(X)","49.2","(X)",
"1400000US25025081900","Census Tract 819, Suffolk County, Massachusetts","1566","331","18.3","8.7","10.7","7.3","4.3","5.0","8.3","4.8","2.6","2.2","13.3","7.6","6.8","5.9","8.3","6.0","5.4","6.2","22.0","16.6","60183","29909","105860","42733","50.0","(X)","(X)","(X)","(X)","(X)","924","295","9.4","8.6","2.3","3.3","6.9","9.0","7.1","6.1","4.4","5.3","13.7","10.2","10.7","9.7","11.1","9.6","9.1","10.2","25.1","24.4","84472","49329","114267","41774","(X)","(X)","60.9","(X)","(X)","(X)","426","323","4.9","7.8","0.0","9.0","0.0","9.0","2.8","6.0","0.0","9.0","6.6","11.8","0.0","9.0","18.5","22.9","19.7","24.1","47.4","40.9","187000","88448","N","N","(X)","(X)","(X)","(X)","(X)","(X)","642","194","31.2","17.5","22.9","15.4","1.9","2.2","10.0","7.5","2.6","4.2","12.6","11.5","0.0","6.0","4.2","4.8","0.0","6.0","14.6","19.4","-","**","86016","79371","(X)","(X)","(X)","(X)","34.3","(X)",
"1400000US25025082000","Census Tract 820, Suffolk County, Massachusetts","1313","192","17.3","7.2","3.1","3.5","4.8","4.5","10.8","6.4","3.2","2.6","12.0","7.1","10.7","7.0","22.5","8.7","5.2","4.3","10.3","10.0","69041","27243","91104","23541","62.9","(X)","(X)","(X)","(X)","(X)","833","207","14.8","10.8","0.0","4.7","3.0","4.1","12.5","8.7","3.7","3.8","6.5","7.1","10.0","9.3","26.8","12.0","8.2","6.9","14.6","14.7","96771","37364","111009","31946","(X)","(X)","71.1","(X)","(X)","(X)","362","173","0.0","10.5","0.0","10.5","0.0","10.5","13.5","14.2","4.4","6.9","0.0","10.5","1.9","6.8","40.1","22.2","10.5","13.1","29.6","30.0","131523","47444","N","N","(X)","(X)","(X)","(X)","(X)","(X)","480","141","21.7","13.9","8.5","9.7","7.9","10.3","7.9","11.0","2.3","2.9","21.7","15.0","12.1","11.4","15.2","14.4","0.0","8.0","2.7","4.4","53145","36925","56562","16059","(X)","(X)","(X)","(X)","48.8","(X)",
"1400000US25025082100","Census Tract 821, Suffolk County, Massachusetts","2199","329","16.6","9.0","10.8","6.7","19.2","10.7","9.4","7.0","7.2","5.4","9.6","6.1","5.3","5.2","12.6","9.0","7.0","6.0","2.4","3.3","26547","9984","57732","11997","47.4","(X)","(X)","(X)","(X)","(X)","1124","276","10.3","8.3","11.1","10.1","22.2","14.1","8.8","8.8","7.7","7.7","8.4","8.1","0.0","3.5","21.9","14.6","4.8","5.8","4.7","6.5","28542","22222","64094","16670","(X)","(X)","52.0","(X)","(X)","(X)","287","204","0.0","13.0","0.0","13.0","29.6","34.8","0.0","13.0","0.0","13.0","17.1","26.1","0.0","13.0","41.5","39.6","11.8","18.6","0.0","13.0","-","**","N","N","(X)","(X)","(X)","(X)","(X)","(X)","1075","298","23.1","15.5","10.5","10.2","16.0","17.6","10.0","9.9","10.0","9.3","10.9","9.5","7.5","9.1","2.8","4.7","9.2","10.4","0.0","3.6","25158","15309","49212","20287","(X)","(X)","(X)","(X)","41.0","(X)",
"1400000US25025090100","Census Tract 901, Suffolk County, Massachusetts","1980","303","20.1","13.0","5.9","4.1","8.5","5.0","18.6","7.4","9.1","4.5","11.3","5.4","5.0","3.4","16.5","5.5","3.9","3.0","1.1","1.1","33652","4714","55348","8366","56.3","(X)","(X)","(X)","(X)","(X)","1286","326","22.9","18.2","4.6","5.3","5.3","4.9","18.0","9.5","11.2","6.1","8.5","5.4","4.7","5.1","18.7","7.4","5.0","4.9","1.0","1.4","34450","11513","57837","11677","(X)","(X)","68.4","(X)","(X)","(X)","450","295","43.6","40.1","0.0","8.5","2.2","4.7","13.8","15.9","2.4","4.5","5.1","9.1","1.8","3.3","28.2","23.4","0.0","8.5","2.9","3.9","-","**","N","N","(X)","(X)","(X)","(X)","(X)","(X)","694","156","15.3","10.8","8.2","7.3","18.9","11.0","22.2","9.4","2.7","3.4","16.6","12.1","5.5","5.9","7.6","7.1","3.0","3.5","0.0","5.6","30948","8430","44034","10616","(X)","(X)","(X)","(X)","33.6","(X)",
"1400000US25025090200","Census Tract 902, Suffolk County, Massachusetts","736","73","13.2","7.2","9.4","6.0","12.9","5.7","7.2","6.2","10.6","7.2","14.8","7.2","14.4","7.0","6.0","4.3","4.9","4.5","6.7","5.6","39773","18344","62675","10301","39.5","(X)","(X)","(X)","(X)","(X)","497","81","6.2","7.2","7.2","6.0","11.7","6.4","5.0","7.2","8.9","6.5","17.7","10.5","18.3","10.0","8.9","6.2","6.2","6.3","9.9","8.3","62939","17316","78476","14561","(X)","(X)","45.7","(X)","(X)","(X)","196","67","0.0","18.4","11.2","12.1","3.6","5.6","0.0","18.4","5.1","8.6","35.7","22.7","15.3","14.3","8.7","8.7","15.8","13.7","4.6","11.0","64231","28601","N","N","(X)","(X)","(X)","(X)","(X)","(X)","239","70","27.6","14.7","13.8","13.3","15.5","13.2","11.7","13.3","14.2","15.5","8.8","10.5","6.3","6.9","0.0","15.4","2.1","3.6","0.0","15.4","17750","10860","29816","8445","(X)","(X)","(X)","(X)","26.8","(X)",
"1400000US25025090300","Census Tract 903, Suffolk County, Massachusetts","1123","148","9.6","5.7","10.2","6.2","11.8","7.4","22.6","10.3","6.3","5.0","7.8","4.9","13.2","7.9","6.9","5.4","11.4","9.6","0.2","1.1","33824","9313","58420","15175","63.7","(X)","(X)","(X)","(X)","(X)","751","163","8.9","7.9","1.9","3.1","12.1","8.8","23.2","12.6","9.5","7.5","14.4","10.5","19.6","14.5","4.5","5.3","5.7","5.4","0.3","1.6","43420","19828","55994","10816","(X)","(X)","73.0","(X)","(X)","(X)","172","92","0.0","20.6","0.0","20.6","7.0","10.9","35.5","24.6","5.8","10.2","25.0","31.2","7.0","12.0","0.0","20.6","18.6","23.8","1.2","7.5","60174","49357","N","N","(X)","(X)","(X)","(X)","(X)","(X)","372","124","17.2","11.6","27.2","15.8","11.0","12.8","15.3","16.9","0.0","10.2","6.2","8.2","11.6","10.4","11.6","12.5","0.0","10.2","0.0","10.2","-","**","38393","14211","(X)","(X)","(X)","(X)","44.9","(X)",
"1400000US25025090400","Census Tract 904, Suffolk County, Massachusetts","1301","165","8.5","6.3","9.8","7.2","15.3","8.0","4.8","4.0","4.1","3.9","19.5","8.8","9.8","6.0","17.2","7.7","3.3","2.5","7.6","5.8","54670","21588","77029","16582","65.3","(X)","(X)","(X)","(X)","(X)","881","181","6.4","6.4","6.2","7.8","14.2","9.5","2.8","3.0","4.9","5.5","16.7","10.7","12.8","8.0","23.0","10.6","4.9","3.7","8.1","7.2","73456","22538","88656","18903","(X)","(X)","74.9","(X)","(X)","(X)","471","142","1.9","3.4","9.3","13.7","8.5","10.0","1.7","3.1","6.6","10.0","19.5","15.4","13.0","9.6","25.1","14.5","7.6","6.4","6.8","9.5","77212","31113","N","N","(X)","(X)","(X)","(X)","(X)","(X)","420","139","13.1","14.2","17.4","14.0","17.6","14.7","10.7","10.4","2.4","3.5","23.6","16.8","3.6","6.0","5.0","7.4","0.0","9.1","6.7","10.1","27685","26089","52004","27575","(X)","(X)","(X)","(X)","45.0","(X)",
"1400000US25025090600","Census Tract 906, Suffolk County, Massachusetts","816","153","12.5","7.5","10.8","12.1","12.5","8.5","4.9","5.6","12.7","9.0","13.5","7.6","7.5","4.7","12.1","6.4","6.7","4.7","6.7","5.4","45526","21347","73053","19341","51.8","(X)","(X)","(X)","(X)","(X)","500","120","5.2","7.8","9.6","14.0","10.8","11.2","3.6","6.0","6.0","4.9","21.2","12.6","12.4","7.2","11.8","7.4","10.0","6.5","9.4","8.1","66210","14297","87069","22284","(X)","(X)","56.6","(X)","(X)","(X)","259","109","0.0","14.3","18.5","24.6","0.0","14.3","6.9","11.6","4.6","6.2","12.0","15.5","10.0","10.1","18.9","14.3","15.8","11.7","13.1","13.7","98854","53309","N","N","(X)","(X)","(X)","(X)","(X)","(X)","316","129","24.1","16.3","12.7","20.0","15.2","11.2","7.0","8.2","23.4","19.9","7.3","6.6","1.9","2.8","4.4","6.9","4.1","6.8","0.0","11.9","-","**","37395","13582","(X)","(X)","(X)","(X)","44.3","(X)",
"1400000US25025090700","Census Tract 907, Suffolk County, Massachusetts","1751","199","12.6","6.2","8.9","5.9","7.8","5.2","6.0","3.9","3.5","2.7","10.7","5.1","4.6","2.9","8.3","4.3","18.7","5.8","19.0","5.3","75972","29827","111461","17576","39.3","(X)","(X)","(X)","(X)","(X)","760","151","2.4","3.5","9.9","12.0","11.2","10.6","2.4","2.8","1.7","3.1","9.6","7.2","5.4","4.8","12.5","7.4","19.3","9.1","25.7","11.7","132750","77176","134087","32773","(X)","(X)","27.4","(X)","(X)","(X)","379","112","0.0","10.0","0.0","10.0","3.4","6.3","0.0","10.0","0.0","10.0","6.9","9.0","8.2","8.4","22.4","12.7","19.8","10.8","39.3","14.9","169896","30010","N","N","(X)","(X)","(X)","(X)","(X)","(X)","991","173","20.5","10.6","8.5","5.6","5.1","3.9","8.4","6.5","4.8","4.3","11.5","7.6","4.4","4.0","5.0","4.6","18.3","8.3","13.4","6.3","53169","29510","93343","19927","(X)","(X)","(X)","(X)","48.5","(X)",
"1400000US25025090901","Census Tract 909.01, Suffolk County, Massachusetts","1323","154","20.9","7.5","15.4","6.7","7.0","4.4","10.4","5.0","7.0","4.5","16.9","6.0","5.9","3.7","9.7","4.9","6.1","4.2","0.6","1.0","30373","11351","52529","11238","37.3","(X)","(X)","(X)","(X)","(X)","523","111","13.8","10.6","14.3","9.7","15.3","9.9","7.6","5.3","4.8","4.2","14.1","9.4","9.9","8.5","12.6","9.4","5.9","5.6","1.5","2.6","32042","31011","64959","23620","(X)","(X)","48.9","(X)","(X)","(X)","208","78","7.2","12.0","8.2","8.7","13.0","16.3","13.0","9.3","4.8","7.4","11.1","10.9","8.7","10.1","24.0","19.8","6.3","7.3","3.8","7.1","54500","53112","N","N","(X)","(X)","(X)","(X)","(X)","(X)","800","136","25.6","10.9","16.1","10.0","2.1","2.7","12.3","7.4","9.6","6.9","18.1","7.7","2.1","2.3","7.8","5.4","6.3","5.5","0.0","4.9","26856","14080","43683","10400","(X)","(X)","(X)","(X)","28.5","(X)",
"1400000US25025091001","Census Tract 910.01, Suffolk County, Massachusetts","1432","247","1.5","2.4","5.4","3.8","3.4","2.3","5.7","4.4","16.6","7.8","8.7","3.8","13.5","9.1","21.5","8.9","11.0","5.6","12.7","6.9","90893","29424","114861","18667","31.8","(X)","(X)","(X)","(X)","(X)","715","236","3.1","4.8","5.9","5.8","1.5","2.4","2.5","2.8","25.0","12.5","8.4","6.1","13.3","15.9","14.7","9.1","7.0","6.8","18.6","10.3","78171","23265","114395","27271","(X)","(X)","33.7","(X)","(X)","(X)","504","204","0.0","7.6","8.3","8.5","2.2","3.5","3.6","3.9","20.2","17.8","2.8","4.4","17.1","21.5","11.5","9.4","9.9","9.6","24.4","13.9","79390","66940","N","N","(X)","(X)","(X)","(X)","(X)","(X)","717","163","0.0","5.4","5.0","5.7","5.2","4.1","8.8","7.7","8.1","7.9","8.9","4.5","15.1","8.9","28.3","14.6","13.8","7.5","6.8","7.2","99375","30556","109685","21546","(X)","(X)","(X)","(X)","27.5","(X)",
"1400000US25025091100","Census Tract 911, Suffolk County, Massachusetts","1913","233","8.2","6.7","1.4","1.6","7.8","5.9","8.0","4.1","5.2","3.1","7.3","3.8","8.5","4.4","27.4","7.3","16.3","6.3","9.9","4.2","108079","19890","114038","16078","34.3","(X)","(X)","(X)","(X)","(X)","772","171","0.0","5.0","1.6","2.1","1.2","1.8","4.5","5.0","5.2","4.8","7.1","6.0","10.2","6.7","37.8","14.2","17.4","12.1","15.0","7.4","135486","10353","145333","18359","(X)","(X)","28.8","(X)","(X)","(X)","526","154","0.0","7.3","2.3","3.3","1.7","2.6","6.7","7.7","5.1","6.4","4.2","4.3","7.8","7.2","38.8","16.4","18.3","15.6","15.2","8.0","141026","12888","N","N","(X)","(X)","(X)","(X)","(X)","(X)","1141","221","13.7","10.6","1.3","2.1","12.4","9.6","10.3","6.0","5.3","4.2","8.1","5.4","10.7","6.8","16.4","6.7","15.5","6.6","6.4","4.3","74263","35018","91037","19772","(X)","(X)","(X)","(X)","38.0","(X)",
"1400000US25025091200","Census Tract 912, Suffolk County, Massachusetts","1237","189","8.7","5.5","5.3","4.5","12.4","10.2","5.5","4.4","7.7","5.0","12.5","5.1","4.7","3.4","19.1","10.1","10.5","6.5","13.7","6.0","71125","33529","103719","18844","40.2","(X)","(X)","(X)","(X)","(X)","583","167","13.2","8.9","4.3","6.1","20.1","18.3","1.7","2.8","6.0","7.2","13.7","8.1","7.2","6.7","7.2","6.6","15.6","11.4","11.0","7.9","59185","39805","87925","25738","(X)","(X)","33.3","(X)","(X)","(X)","360","107","5.0","7.5","1.1","2.9","16.9","16.0","0.0","10.5","0.0","10.5","13.6","8.4","11.7","10.3","11.7","10.6","25.3","16.3","14.7","10.9","103382","44456","N","N","(X)","(X)","(X)","(X)","(X)","(X)","654","179","8.3","8.6","6.1","6.7","2.0","2.9","8.9","7.4","9.2","9.6","11.5","8.2","2.4","3.0","29.7","16.4","6.0","5.8","16.1","9.1","102500","57326","116191","27322","(X)","(X)","(X)","(X)","46.3","(X)",
"1400000US25025091300","Census Tract 913, Suffolk County, Massachusetts","815","93","16.8","8.3","13.5","9.4","11.5","7.1","8.1","4.9","15.0","6.8","8.3","4.9","8.0","4.6","7.0","4.3","8.2","6.4","3.6","2.7","35078","9761","62183","13398","55.2","(X)","(X)","(X)","(X)","(X)","568","100","9.7","7.2","10.0","8.2","10.6","8.6","11.6","7.0","17.1","8.7","11.3","7.0","12.3","7.5","6.7","5.3","9.7","8.2","1.1","1.6","43500","9854","63130","14407","(X)","(X)","58.6","(X)","(X)","(X)","130","52","12.3","12.9","0.0","26.0","3.1","5.5","10.0","15.4","12.3","14.5","7.7","12.1","27.7","21.5","10.8","15.6","11.5","17.6","4.6","6.5","88750","53769","N","N","(X)","(X)","(X)","(X)","(X)","(X)","247","87","33.2","21.1","21.5","23.1","13.8","12.3","0.0","14.9","10.1","10.7","4.0","4.1","0.0","14.9","10.1","9.1","4.9","7.6","2.4","4.3","14388","5896","42085","19892","(X)","(X)","(X)","(X)","42.1","(X)",
"1400000US25025091400","Census Tract 914, Suffolk County, Massachusetts","1121","181","7.2","4.3","16.2","8.7","8.6","5.0","9.3","5.1","10.6","5.8","17.8","9.3","11.9","10.9","7.9","4.9","5.7","3.0","4.8","3.0","45990","17167","74737","17396","41.3","(X)","(X)","(X)","(X)","(X)","786","190","0.0","5.0","16.5","11.6","6.9","5.1","9.2","5.5","13.4","8.2","21.5","12.2","12.7","13.6","9.3","6.0","6.2","3.9","4.3","3.7","54091","13201","67888","10150","(X)","(X)","47.6","(X)","(X)","(X)","321","144","0.0","11.7","1.9","3.5","0.0","11.7","8.7","9.1","18.4","13.7","20.9","15.5","26.8","28.7","0.6","1.7","12.1","9.5","10.6","9.9","77516","23665","N","N","(X)","(X)","(X)","(X)","(X)","(X)","335","92","24.2","11.9","15.5","11.2","13.4","11.5","9.6","10.0","3.3","3.7","9.0","8.8","9.9","9.8","6.9","10.0","2.4","3.4","6.0","5.8","23125","10811","86720","51331","(X)","(X)","(X)","(X)","26.6","(X)",
"1400000US25025091500","Census Tract 915, Suffolk County, Massachusetts","1616","168","15.9","6.5","5.0","3.9","9.0","4.6","3.7","3.2","8.2","4.6","22.0","7.5","14.2","5.7","7.0","3.5","6.7","4.0","8.3","4.3","56203","3982","88150","18694","42.8","(X)","(X)","(X)","(X)","(X)","847","169","14.4","8.9","4.1","5.2","5.7","5.5","4.1","4.7","12.3","7.8","18.2","9.0","21.7","10.3","10.5","6.1","2.0","2.7","7.0","5.2","68313","16189","83872","24179","(X)","(X)","46.8","(X)","(X)","(X)","438","128","14.8","16.2","0.0","8.7","5.0","7.5","4.1","6.9","11.6","9.7","14.8","10.3","22.6","13.9","15.8","11.0","3.9","5.0","7.3","6.4","72353","23175","N","N","(X)","(X)","(X)","(X)","(X)","(X)","769","159","20.8","11.1","5.2","5.7","13.3","9.0","3.3","3.8","5.3","4.3","22.9","11.3","6.0","5.5","4.7","4.4","8.8","6.6","9.8","6.9","52974","22559","88159","32670","(X)","(X)","(X)","(X)","33.6","(X)",
"1400000US25025091600","Census Tract 916, Suffolk County, Massachusetts","1020","158","4.0","5.4","9.0","5.8","17.4","9.8","4.6","4.0","4.2","4.9","12.3","9.5","21.9","12.0","10.3","5.4","10.7","8.2","5.7","6.1","71111","24207","80401","15801","48.9","(X)","(X)","(X)","(X)","(X)","567","171","0.0","6.8","2.6","4.8","16.4","14.7","10.4","11.3","4.1","7.7","12.9","12.3","25.0","16.6","4.2","5.0","16.4","14.1","7.9","10.9","84728","39559","93024","27458","(X)","(X)","51.7","(X)","(X)","(X)","333","164","0.0","11.3","0.0","11.3","0.9","1.5","2.1","3.4","0.0","11.3","12.6","18.0","36.9","25.1","6.0","8.5","27.9","22.9","13.5","18.0","99469","97529","N","N","(X)","(X)","(X)","(X)","(X)","(X)","453","129","9.1","11.8","17.0","12.1","18.5","13.7","8.8","9.1","4.4","5.4","0.0","8.4","17.9","16.0","17.9","9.9","3.5","5.2","2.9","3.9","-","**","60279","16430","(X)","(X)","(X)","(X)","34.0","(X)",
"1400000US25025091700","Census Tract 917, Suffolk County, Massachusetts","1011","131","10.2","5.6","1.8","2.2","5.8","4.3","7.2","6.1","15.1","8.3","20.9","10.4","15.6","7.3","11.2","5.5","3.6","2.9","8.6","6.0","56772","6952","85775","20730","50.8","(X)","(X)","(X)","(X)","(X)","787","138","10.7","6.6","2.3","2.8","3.0","3.8","9.5","9.7","18.3","9.6","21.3","11.1","11.7","6.8","11.2","5.8","3.9","3.5","8.0","5.7","56335","7678","75116","14449","(X)","(X)","56.4","(X)","(X)","(X)","268","118","0.0","13.8","0.0","13.8","2.6","3.8","0.0","13.8","17.2","13.3","38.1","23.2","15.3","13.6","10.4","10.4","4.5","7.9","11.9","12.1","64138","27291","N","N","(X)","(X)","(X)","(X)","(X)","(X)","224","83","8.5","9.4","0.0","16.3","15.6","14.2","17.4","17.3","15.2","15.7","11.6","12.1","11.2","13.3","18.3","19.6","2.2","3.6","0.0","16.3","41842","17095","57467","17619","(X)","(X)","(X)","(X)","31.3","(X)",
"1400000US25025091800","Census Tract 918, Suffolk County, Massachusetts","1284","202","18.9","10.2","7.6","5.1","16.0","8.1","2.0","2.8","9.3","6.4","12.6","7.0","12.4","6.7","13.7","7.3","2.7","3.8","4.7","5.1","39674","26693","59873","13623","61.5","(X)","(X)","(X)","(X)","(X)","732","162","15.2","15.1","3.6","4.7","12.8","10.1","3.7","4.8","10.2","8.3","10.5","8.4","13.0","9.6","19.9","11.3","4.8","6.4","6.3","8.1","66974","36661","74129","20636","(X)","(X)","75.8","(X)","(X)","(X)","185","130","40.0","45.0","0.0","19.3","0.0","19.3","9.7","20.0","0.0","19.3","7.0","11.5","18.4","22.4","20.5","27.7","4.3","12.4","0.0","19.3","-","**","N","N","(X)","(X)","(X)","(X)","(X)","(X)","552","165","23.9","13.8","12.9","11.0","21.9","15.5","1.4","2.9","13.2","10.8","15.0","13.4","11.6","11.3","0.0","7.0","0.0","7.0","0.0","7.0","17199","11794","31015","10036","(X)","(X)","(X)","(X)","37.5","(X)",
"1400000US25025091900","Census Tract 919, Suffolk County, Massachusetts","1414","228","8.1","5.7","10.2","6.3","7.9","6.1","8.1","5.8","9.6","6.0","17.8","8.3","12.2","8.1","13.5","6.6","5.5","3.9","7.0","6.5","56750","9733","73252","16199","48.4","(X)","(X)","(X)","(X)","(X)","981","216","5.7","5.6","6.2","5.2","10.6","6.8","4.4","4.8","11.4","8.0","19.5","11.2","8.9","7.6","15.3","8.4","13.8","8.9","4.3","4.3","59375","11349","79965","13803","(X)","(X)","47.2","(X)","(X)","(X)","376","174","0.0","10.1","0.0","10.1","4.8","6.9","0.0","10.1","22.6","18.0","15.4","15.4","14.9","17.5","14.9","12.5","22.3","21.1","5.1","7.5","76570","49117","N","N","(X)","(X)","(X)","(X)","(X)","(X)","433","179","15.7","14.9","19.2","17.0","5.8","9.0","18.0","15.9","5.5","8.9","6.5","7.7","19.9","21.8","9.5","10.3","0.0","8.8","0.0","8.8","26582","20927","43403","17023","(X)","(X)","(X)","(X)","51.3","(X)",
"1400000US25025092000","Census Tract 920, Suffolk County, Massachusetts","1810","190","3.6","2.9","9.0","5.4","9.1","5.1","4.8","3.3","9.6","5.2","23.0","8.8","9.1","4.9","19.1","6.7","6.2","3.6","6.7","5.6","61786","14272","85079","15832","49.3","(X)","(X)","(X)","(X)","(X)","1281","195","2.0","3.0","4.8","5.5","9.4","6.3","7.3","5.3","6.8","5.3","27.3","12.0","10.5","6.0","23.4","9.6","4.1","3.5","4.3","4.3","68065","16613","79800","12398","(X)","(X)","52.2","(X)","(X)","(X)","526","155","0.0","7.3","11.8","12.7","8.7","8.3","8.6","9.0","3.2","4.8","12.9","11.7","16.0","11.2","25.9","13.3","6.5","5.6","6.5","7.1","78478","44468","N","N","(X)","(X)","(X)","(X)","(X)","(X)","529","157","12.3","9.3","18.9","13.0","8.3","8.3","1.9","3.4","13.8","11.2","14.4","10.4","0.0","7.3","8.5","6.8","9.3","8.1","12.7","15.4","48835","23816","89122","44995","(X)","(X)","(X)","(X)","39.1","(X)",
"1400000US25025092101","Census Tract 921.01, Suffolk County, Massachusetts","2767","424","2.8","3.7","9.0","8.5","22.5","8.9","5.5","3.8","8.7","5.0","10.5","6.1","15.9","8.7","8.7","5.1","3.0","2.5","13.3","5.9","53102","24934","82474","14844","40.2","(X)","(X)","(X)","(X)","(X)","1434","333","4.5","5.7","3.1","4.3","11.6","8.7","9.5","7.4","14.6","10.7","12.7","7.8","24.3","14.3","4.9","4.6","2.9","3.8","12.0","7.9","57424","26688","85101","20191","(X)","(X)","47.6","(X)","(X)","(X)","785","266","0.0","5.0","5.6","7.6","17.6","12.7","4.6","5.8","8.9","13.1","13.1","10.4","20.1","13.9","2.9","3.4","5.2","6.7","21.9","13.1","75072","21393","N","N","(X)","(X)","(X)","(X)","(X)","(X)","1333","425","5.0","7.8","15.5","16.9","35.3","17.2","3.8","4.9","7.6","6.7","4.7","5.3","4.4","4.5","8.2","8.0","3.1","3.0","12.7","10.6","21946","11966","68040","29421","(X)","(X)","(X)","(X)","26.9","(X)",
"1400000US25025092200","Census Tract 922, Suffolk County, Massachusetts","1106","158","4.0","3.2","2.5","3.9","5.0","3.6","6.4","4.8","11.2","5.8","14.3","6.0","11.1","5.7","23.8","8.5","11.1","8.2","10.6","6.0","85132","25737","110865","19400","47.3","(X)","(X)","(X)","(X)","(X)","735","148","0.0","5.3","3.8","5.9","3.5","4.3","7.1","6.3","9.3","7.4","16.1","7.6","12.8","6.7","19.0","10.0","16.7","11.8","11.7","8.0","95905","29494","115258","23007","(X)","(X)","52.2","(X)","(X)","(X)","334","85","0.0","11.3","0.0","11.3","2.1","3.9","10.8","13.1","3.3","5.2","15.9","9.7","5.7","8.2","25.7","14.3","14.4","10.1","22.2","13.7","128750","28278","N","N","(X)","(X)","(X)","(X)","(X)","(X)","371","110","11.9","9.8","0.0","10.2","7.8","6.4","5.1","6.0","15.1","13.6","10.8","11.0","19.1","11.7","21.8","12.3","0.0","10.2","8.4","8.4","74760","20461","97430","33327","(X)","(X)","(X)","(X)","37.5","(X)",
"1400000US25025092300","Census Tract 923, Suffolk County, Massachusetts","1158","117","7.3","4.9","1.6","1.8","9.8","5.4","14.2","6.1","4.7","4.0","13.6","6.1","18.8","6.8","17.4","8.0","9.3","5.0","3.4","2.8","71667","21449","78326","9585","62.0","(X)","(X)","(X)","(X)","(X)","866","117","3.9","5.0","0.7","1.6","8.1","5.7","18.0","9.1","5.4","5.2","14.1","7.5","21.9","7.9","17.2","7.7","9.1","5.6","1.5","1.5","74375","20598","76233","9463","(X)","(X)","56.8","(X)","(X)","(X)","281","87","9.3","13.4","2.1","4.8","5.3","8.3","5.0","7.7","8.5","8.8","6.4","7.2","19.6","12.5","27.0","16.1","12.1","10.3","4.6","4.7","86458","22263","N","N","(X)","(X)","(X)","(X)","(X)","(X)","292","100","17.1","11.5","4.1","5.2","14.7","14.1","17.8","17.0","2.7","4.2","8.6","9.1","7.2","9.3","18.8","17.9","5.5","8.7","3.4","5.0","-","**","65110","21525","(X)","(X)","(X)","(X)","59.2","(X)",
"1400000US25025092400","Census Tract 924, Suffolk County, Massachusetts","2048","305","8.2","6.6","5.3","4.0","23.3","9.5","9.8","5.8","10.4","7.7","14.6","8.2","10.5","6.8","7.7","8.8","5.9","6.1","4.4","4.4","39850","15230","63515","13364","52.1","(X)","(X)","(X)","(X)","(X)","1558","311","3.1","5.1","5.1","4.7","19.4","10.8","11.6","7.2","10.5","8.8","18.8","10.2","13.8","9.1","11.1","12.0","1.4","2.3","5.2","5.7","50109","10242","64871","12941","(X)","(X)","54.2","(X)","(X)","(X)","376","234","0.0","10.1","0.0","10.1","0.0","10.1","0.0","10.1","6.4","11.7","23.7","22.7","9.3","15.4","35.4","36.0","3.7","7.9","21.5","24.3","115877","35187","N","N","(X)","(X)","(X)","(X)","(X)","(X)","490","173","24.3","22.5","5.7","9.5","35.5","17.9","4.3","7.2","10.2","12.2","6.3","10.6","0.0","7.8","0.0","7.8","11.8","17.7","1.8","6.7","21367","7891","40206","31416","(X)","(X)","(X)","(X)","45.3","(X)",
"1400000US25025100100","Census Tract 1001, Suffolk County, Massachusetts","2124","231","12.9","7.2","10.5","5.5","5.7","3.7","18.5","8.3","10.9","6.2","16.4","7.1","4.2","3.6","7.5","5.0","7.9","4.4","5.4","4.0","36471","8258","62289","10834","43.6","(X)","(X)","(X)","(X)","(X)","1639","226","5.7","5.3","5.7","4.5","3.2","3.1","24.8","10.6","14.2","8.0","16.4","8.3","5.5","4.7","11.6","7.0","7.1","4.4","5.9","4.9","41414","15642","69180","12876","(X)","(X)","43.7","(X)","(X)","(X)","581","184","0.0","6.6","0.0","6.6","2.1","3.1","7.4","9.2","19.8","15.4","18.2","14.9","6.5","7.3","24.8","17.0","12.7","10.9","8.4","9.3","84609","42129","N","N","(X)","(X)","(X)","(X)","(X)","(X)","485","168","36.9","20.4","26.8","17.6","14.4","12.0","4.9","6.3","0.0","7.9","8.9","8.2","0.0","7.9","4.3","7.1","0.0","7.9","3.7","5.9","13401","2782","31374","16912","(X)","(X)","(X)","(X)","40.4","(X)",
"1400000US25025100200","Census Tract 1002, Suffolk County, Massachusetts","1081","170","8.9","5.2","4.8","4.0","15.4","5.6","3.2","3.2","10.8","5.4","21.9","9.8","9.0","5.2","18.9","8.2","3.4","2.7","3.6","3.3","58958","12378","69201","9273","50.2","(X)","(X)","(X)","(X)","(X)","858","138","9.4","5.9","4.0","3.9","15.5","6.8","2.1","3.0","10.4","6.1","20.6","8.6","10.1","6.1","21.7","10.4","1.6","1.7","4.5","4.1","61371","10681","70912","11109","(X)","(X)","48.3","(X)","(X)","(X)","293","110","0.0","12.7","5.1","8.1","9.6","10.7","5.8","8.7","11.3","10.6","7.5","9.3","16.7","14.1","32.4","23.5","1.4","2.4","10.2","11.6","89926","42775","N","N","(X)","(X)","(X)","(X)","(X)","(X)","223","100","13.9","16.3","8.1","10.2","8.1","9.4","7.6","10.6","12.6","14.2","38.1","28.9","0.0","16.4","11.7","10.3","0.0","16.4","0.0","16.4","47404","33724","50394","17334","(X)","(X)","(X)","(X)","43.0","(X)",
"1400000US25025100300","Census Tract 1003, Suffolk County, Massachusetts","1338","167","13.2","7.3","3.6","3.5","9.9","5.3","7.4","6.1","12.6","6.2","9.6","5.7","14.5","8.7","10.2","5.9","16.5","8.8","2.4","2.1","65417","33392","84047","18937","47.2","(X)","(X)","(X)","(X)","(X)","1023","190","13.3","8.7","3.5","4.0","7.1","5.5","4.2","5.2","14.5","7.7","7.5","6.0","21.1","11.1","9.7","6.3","16.9","10.8","2.2","2.1","69803","26884","81352","15132","(X)","(X)","46.3","(X)","(X)","(X)","394","177","0.0","9.6","0.0","9.6","7.9","9.3","0.0","9.6","0.0","9.6","4.8","8.1","31.7","22.9","18.8","14.6","34.3","22.4","2.5","4.2","128750","55483","N","N","(X)","(X)","(X)","(X)","(X)","(X)","315","98","13.0","13.6","3.8","6.2","25.7","17.3","13.0","14.6","11.4","12.9","20.0","14.2","0.0","11.9","0.0","11.9","9.8","13.0","3.2","5.1","33933","10603","79501","58181","(X)","(X)","(X)","(X)","36.2","(X)",
"1400000US25025100400","Census Tract 1004, Suffolk County, Massachusetts","1954","246","12.9","7.3","3.8","3.6","11.3","6.6","4.5","3.0","6.4","3.2","6.0","4.6","11.6","5.9","21.4","8.3","15.6","9.8","6.3","3.1","94352","24815","97932","17447","50.9","(X)","(X)","(X)","(X)","(X)","1416","271","14.3","9.3","0.8","1.3","11.0","7.9","2.6","2.9","4.0","3.4","6.5","5.8","10.7","6.4","23.2","11.6","20.3","12.7","6.5","4.0","101250","21240","102550","20170","(X)","(X)","55.9","(X)","(X)","(X)","718","247","5.6","4.6","1.7","2.7","7.7","9.2","2.8","3.8","0.0","5.4","0.7","1.6","11.4","10.0","30.5","17.3","29.4","22.4","10.3","7.2","129375","55879","N","N","(X)","(X)","(X)","(X)","(X)","(X)","538","152","9.3","8.2","11.7","13.1","12.1","12.1","9.3","9.1","15.4","9.3","14.5","13.2","1.9","2.8","16.5","10.2","3.3","4.1","5.9","6.1","38182","16094","79558","34195","(X)","(X)","(X)","(X)","37.7","(X)",
"1400000US25025100500","Census Tract 1005, Suffolk County, Massachusetts","2621","380","11.3","7.1","14.1","12.4","8.9","6.0","4.9","4.3","11.4","6.9","9.3","5.4","6.0","3.8","14.7","7.0","8.7","5.0","10.7","4.6","49644","23048","81963","14998","41.7","(X)","(X)","(X)","(X)","(X)","1609","263","4.8","4.9","3.8","3.6","7.3","6.6","5.6","6.1","17.2","9.3","7.3","4.9","9.2","5.9","21.8","10.5","7.4","5.9","15.7","7.1","87083","29683","103033","17315","(X)","(X)","43.4","(X)","(X)","(X)","1094","213","0.0","3.6","2.6","3.1","0.0","3.6","4.8","7.0","16.6","12.2","7.1","6.1","8.2","6.8","29.2","13.7","10.9","9.0","20.7","10.3","117361","31530","N","N","(X)","(X)","(X)","(X)","(X)","(X)","1012","341","21.5","16.3","30.5","25.9","11.5","11.0","3.9","5.0","6.0","8.4","8.6","10.1","5.4","7.1","4.1","4.9","5.7","6.6","2.8","3.2","12330","11304","41696","15798","(X)","(X)","(X)","(X)","35.6","(X)",
"1400000US25025100601","Census Tract 1006.01, Suffolk County, Massachusetts","2008","237","3.1","3.8","3.6","4.4","12.8","7.8","2.2","2.3","8.4","5.3","6.5","4.4","15.0","8.9","22.0","9.9","13.8","7.8","12.5","7.0","99207","15680","112671","18618","41.6","(X)","(X)","(X)","(X)","(X)","1217","250","5.1","6.2","2.4","3.7","12.9","9.9","2.6","3.3","11.8","7.3","7.8","6.3","15.8","10.7","18.2","11.7","12.5","8.1","11.0","7.9","89225","12439","109831","24842","(X)","(X)","47.7","(X)","(X)","(X)","731","247","5.9","9.3","0.0","5.3","7.0","10.5","4.4","5.3","7.3","8.9","7.9","8.2","15.6","9.8","19.6","16.2","18.1","10.9","14.4","11.0","102014","26216","N","N","(X)","(X)","(X)","(X)","(X)","(X)","791","172","0.0","4.9","5.6","9.0","12.6","13.4","1.5","2.7","8.1","10.5","4.6","5.4","12.9","14.3","24.8","17.3","15.9","14.9","14.0","11.9","108621","23170","111989","29075","(X)","(X)","(X)","(X)","32.2","(X)",
"1400000US25025100603","Census Tract 1006.03, Suffolk County, Massachusetts","843","110","1.3","1.7","0.7","1.1","0.0","4.6","3.0","3.2","6.3","5.0","9.0","5.0","22.1","9.0","19.2","9.8","21.6","8.4","16.8","6.9","123169","23368","140596","16902","31.3","(X)","(X)","(X)","(X)","(X)","479","112","0.0","8.0","0.2","1.0","0.0","8.0","2.7","3.8","7.1","5.3","7.5","6.6","25.7","13.0","23.4","13.7","18.8","10.4","14.6","7.7","122878","32130","140145","22881","(X)","(X)","45.7","(X)","(X)","(X)","275","83","0.0","13.5","0.0","13.5","0.0","13.5","0.0","13.5","1.8","2.5","11.3","10.2","22.5","15.2","13.5","10.7","30.2","14.9","20.7","12.2","150446","49842","N","N","(X)","(X)","(X)","(X)","(X)","(X)","364","76","3.0","3.7","1.4","2.2","0.0","10.4","3.3","4.4","7.7","7.8","11.0","6.7","14.8","10.1","19.2","13.1","19.8","13.1","19.8","12.1","123750","39631","138329","21590","(X)","(X)","(X)","(X)","12.4","(X)",
"1400000US25025100700","Census Tract 1007, Suffolk County, Massachusetts","1735","195","2.2","1.6","1.5","1.5","4.6","4.1","4.3","2.6","4.4","3.5","10.3","4.7","12.0","6.0","22.9","6.7","16.6","5.5","21.2","8.5","125094","17082","174077","39948","31.9","(X)","(X)","(X)","(X)","(X)","875","151","0.0","4.5","0.0","4.5","1.0","1.8","3.5","4.0","4.2","4.1","6.4","5.5","6.5","6.3","24.0","9.7","20.6","9.5","33.7","12.2","155296","30143","220434","62484","(X)","(X)","35.5","(X)","(X)","(X)","689","189","0.0","5.6","0.0","5.6","0.0","5.6","3.2","4.7","1.2","2.1","2.0","2.8","8.3","8.0","29.0","11.9","20.0","9.9","36.3","12.6","162188","47648","N","N","(X)","(X)","(X)","(X)","(X)","(X)","860","191","4.5","3.4","3.0","3.1","8.3","7.9","5.0","3.6","4.7","5.4","14.2","7.7","17.7","9.2","22.6","10.0","11.7","6.3","8.4","6.8","89667","19572","126571","39919","(X)","(X)","(X)","(X)","28.1","(X)",
"1400000US25025100800","Census Tract 1008, Suffolk County, Massachusetts","2858","260","6.4","4.8","7.0","5.6","2.1","2.5","10.3","5.0","10.8","6.4","7.9","5.3","9.9","5.7","19.2","6.4","11.1","5.2","15.3","5.4","88984","25278","107190","13612","31.9","(X)","(X)","(X)","(X)","(X)","1606","290","5.8","6.2","3.0","5.1","0.0","2.5","9.0","4.4","7.3","4.6","8.1","8.1","10.8","8.6","21.5","9.2","16.6","9.6","18.0","7.8","110705","19267","124337","17635","(X)","(X)","31.8","(X)","(X)","(X)","875","234","3.0","4.4","0.0","4.5","0.0","4.5","3.5","5.7","9.0","6.2","1.6","2.5","16.2","14.1","15.9","10.9","17.7","11.2","33.0","12.6","153239","38795","N","N","(X)","(X)","(X)","(X)","(X)","(X)","1252","280","8.9","8.0","12.1","8.9","4.9","5.7","11.9","11.1","15.3","12.5","6.2","4.5","10.3","8.9","16.2","8.9","8.2","6.2","6.1","5.3","46826","32002","75163","16172","(X)","(X)","(X)","(X)","32.0","(X)",
"1400000US25025100900","Census Tract 1009, Suffolk County, Massachusetts","1641","237","2.1","2.1","2.0","2.4","5.2","4.7","1.9","1.5","6.9","3.8","13.4","6.5","23.2","9.8","17.3","6.9","12.4","6.7","15.6","6.1","95375","11480","132681","23377","37.4","(X)","(X)","(X)","(X)","(X)","1009","202","2.6","3.2","3.2","3.8","2.1","3.1","0.0","3.9","7.8","5.3","9.1","6.3","23.9","11.4","13.1","7.1","16.5","9.6","21.8","9.6","107563","32722","151811","35372","(X)","(X)","48.4","(X)","(X)","(X)","539","117","0.0","7.1","1.5","2.3","3.9","5.5","0.0","7.1","10.2","7.7","3.9","6.1","11.5","8.0","16.0","9.2","19.5","10.6","33.6","12.7","160129","50573","N","N","(X)","(X)","(X)","(X)","(X)","(X)","632","186","1.3","2.2","0.0","6.1","10.3","9.5","4.9","3.9","5.4","5.1","20.3","12.7","22.2","16.0","24.1","14.3","6.2","6.6","5.5","6.3","88189","14801","100862","22394","(X)","(X)","(X)","(X)","19.8","(X)",
"1400000US25025101001","Census Tract 1010.01, Suffolk County, Massachusetts","2345","296","4.5","5.0","5.2","5.4","8.1","5.8","11.9","7.2","11.4","6.7","3.5","3.0","21.2","7.7","22.0","9.9","4.9","4.2","7.2","4.8","81218","15912","100011","27329","46.1","(X)","(X)","(X)","(X)","(X)","1574","292","0.0","2.5","0.0","2.5","1.4","2.4","16.7","10.6","15.3","9.2","5.2","4.3","12.5","7.4","36.0","14.0","4.0","4.5","8.9","6.2","95729","26557","123073","40687","(X)","(X)","51.8","(X)","(X)","(X)","769","211","0.0","5.1","0.0","5.1","0.0","5.1","12.4","11.6","8.7","12.5","3.9","5.8","18.2","13.9","42.4","19.5","8.2","8.6","6.2","7.1","104227","14345","N","N","(X)","(X)","(X)","(X)","(X)","(X)","771","287","13.6","14.6","15.8","14.6","21.9","17.4","6.5","6.8","3.5","4.2","0.0","5.1","34.6","19.0","1.2","2.2","2.9","4.7","0.0","5.1","-","**","46615","14964","(X)","(X)","(X)","(X)","30.1","(X)",
"1400000US25025101002","Census Tract 1010.02, Suffolk County, Massachusetts","2365","298","9.3","5.7","4.2","3.9","14.2","6.5","5.8","4.1","15.9","10.5","15.6","6.8","13.8","6.9","12.6","5.9","6.1","4.8","2.5","2.8","50671","15700","66628","10621","36.4","(X)","(X)","(X)","(X)","(X)","1686","341","2.0","2.6","4.2","4.9","19.9","9.6","3.3","4.1","22.5","13.8","9.1","6.5","14.4","8.3","12.7","7.1","8.6","7.0","3.4","4.0","47317","33187","73608","14423","(X)","(X)","39.1","(X)","(X)","(X)","617","195","1.9","3.5","0.0","6.3","7.8","7.9","2.3","3.7","8.4","12.4","8.1","9.6","22.4","15.7","16.2","12.0","23.5","16.0","9.4","11.0","99638","42939","N","N","(X)","(X)","(X)","(X)","(X)","(X)","679","172","27.4","14.8","4.3","5.2","0.0","5.7","12.1","10.8","1.8","3.2","33.7","14.5","10.3","9.4","10.5","10.3","0.0","5.7","0.0","5.7","51412","20673","46927","11505","(X)","(X)","(X)","(X)","29.5","(X)",
"1400000US25025101101","Census Tract 1011.01, Suffolk County, Massachusetts","1301","186","3.8","3.3","0.2","0.7","8.8","6.1","11.8","8.3","11.1","8.0","18.7","9.5","14.1","6.5","12.2","6.6","5.8","4.4","13.5","7.5","59226","24852","89697","18188","32.8","(X)","(X)","(X)","(X)","(X)","918","143","5.3","4.9","0.2","1.1","7.8","6.5","7.3","5.9","5.6","6.5","19.0","11.8","17.6","7.8","16.8","9.3","5.2","4.8","15.1","8.9","85463","23723","98763","20818","(X)","(X)","36.9","(X)","(X)","(X)","478","146","0.0","8.0","0.0","8.0","9.4","10.2","1.5","2.4","0.0","8.0","13.2","13.8","22.0","12.7","14.9","11.1","10.0","10.0","29.1","14.5","102375","56126","N","N","(X)","(X)","(X)","(X)","(X)","(X)","383","158","4.2","6.2","0.0","9.9","11.2","13.1","22.7","18.4","20.1","15.8","18.0","17.3","7.0","11.3","1.3","1.9","6.0","9.9","9.4","14.9","39730","19954","65743","30303","(X)","(X)","(X)","(X)","23.0","(X)",
"1400000US25025101102","Census Tract 1011.02, Suffolk County, Massachusetts","1802","185","14.0","7.2","5.7","4.2","8.1","4.8","9.0","4.9","14.7","6.3","18.3","7.9","7.7","4.6","12.3","5.3","4.9","4.5","5.3","4.1","48393","8870","68532","12711","44.7","(X)","(X)","(X)","(X)","(X)","1198","189","6.3","4.2","2.5","4.0","6.5","5.5","8.7","5.0","14.9","6.8","22.0","10.3","9.5","6.0","16.5","7.0","7.4","6.8","5.6","4.9","61591","14240","81853","14575","(X)","(X)","54.4","(X)","(X)","(X)","461","120","0.0","8.3","0.0","8.3","0.0","8.3","13.9","10.0","1.5","3.6","22.6","14.3","17.1","12.2","34.5","15.3","0.0","8.3","10.4","10.3","92552","21831","N","N","(X)","(X)","(X)","(X)","(X)","(X)","604","174","32.0","16.2","11.9","10.6","11.3","10.5","9.8","10.6","12.6","10.5","15.7","12.4","4.0","6.4","2.8","4.5","0.0","6.4","0.0","6.4","18750","16436","29215","10363","(X)","(X)","(X)","(X)","25.3","(X)",
"1400000US25025110104","Census Tract 1101.04, Suffolk County, Massachusetts","660","140","20.2","15.6","8.6","14.5","10.3","11.7","10.0","12.7","13.8","12.4","10.8","17.8","11.4","14.9","4.2","6.5","0.0","5.9","10.8","13.1","47612","42827","57094","23969","79.1","(X)","(X)","(X)","(X)","(X)","502","151","37.8","16.3","0.0","7.7","4.8","9.2","23.5","22.3","17.7","14.0","12.9","15.6","0.0","7.7","0.0","7.7","0.0","7.7","3.2","6.8","25797","8509","31832","7281","(X)","(X)","67.7","(X)","(X)","(X)","72","89","0.0","38.8","0.0","38.8","0.0","38.8","66.7","55.3","0.0","38.8","11.1","41.5","0.0","38.8","0.0","38.8","0.0","38.8","22.2","47.8","-","**","N","N","(X)","(X)","(X)","(X)","(X)","(X)","158","117","0.0","22.1","0.0","22.1","27.8","45.1","10.1","23.7","1.3","4.9","3.8","39.0","4.4","14.5","17.7","30.4","0.0","22.1","34.8","34.0","-","**","110934","67205","(X)","(X)","(X)","(X)","72.2","(X)",
"1400000US25025110105","Census Tract 1101.05, Suffolk County, Massachusetts","1126","222","6.7","5.6","4.4","6.7","0.0","3.5","0.9","1.5","6.7","5.7","10.3","8.0","16.2","8.8","17.9","9.4","21.0","13.3","15.8","9.3","106959","32537","126998","20847","42.0","(X)","(X)","(X)","(X)","(X)","439","200","0.0","8.7","0.0","8.7","0.0","8.7","0.0","8.7","0.0","8.7","8.7","9.9","9.8","11.0","28.7","20.6","41.0","26.2","11.8","9.0","159063","45724","163278","18316","(X)","(X)","48.5","(X)","(X)","(X)","377","197","0.0","10.1","0.0","10.1","0.0","10.1","0.0","10.1","0.0","10.1","5.0","8.6","11.4","12.5","27.3","22.4","42.4","29.1","13.8","11.5","168835","42644","N","N","(X)","(X)","(X)","(X)","(X)","(X)","687","175","10.9","9.5","7.3","10.5","0.0","5.7","1.5","2.5","11.1","8.8","11.4","11.3","20.2","12.4","18.5","12.3","8.3","6.6","10.9","10.1","91250","21598","92914","19793","(X)","(X)","(X)","(X)","37.8","(X)",
"1400000US25025110106","Census Tract 1101.06, Suffolk County, Massachusetts","803","290","2.7","4.5","0.0","4.9","6.0","8.3","0.0","4.9","25.8","31.0","6.2","6.7","16.3","11.9","13.3","8.9","11.5","6.4","18.2","12.8","93221","26847","112050","29301","54.4","(X)","(X)","(X)","(X)","(X)","404","316","0.0","9.4","0.0","9.4","0.5","5.2","0.0","9.4","51.2","46.4","3.7","7.4","8.2","11.5","15.3","18.7","12.4","13.7","8.7","11.3","-","**","88321","42928","(X)","(X)","66.6","(X)","(X)","(X)","387","313","0.0","9.8","0.0","9.8","0.0","9.8","0.0","9.8","53.5","47.0","0.0","9.8","8.5","12.3","16.0","20.3","12.9","15.1","9.0","12.0","-","**","N","N","(X)","(X)","(X)","(X)","(X)","(X)","399","104","5.5","9.0","0.0","9.5","11.5","12.3","0.0","9.5","0.0","9.5","8.8","10.5","24.6","16.1","11.3","11.9","10.5","10.4","27.8","21.9","-","**","135655","37140","(X)","(X)","(X)","(X)","38.3","(X)",
"1400000US25025110201","Census Tract 1102.01, Suffolk County, Massachusetts","934","108","5.5","4.0","14.0","7.3","7.9","4.7","3.3","3.0","13.5","6.6","12.4","5.7","16.6","9.8","10.3","4.8","6.5","4.4","10.0","4.2","67895","17952","85590","10819","47.0","(X)","(X)","(X)","(X)","(X)","580","107","0.0","6.7","4.7","3.9","7.9","6.3","5.3","4.8","14.3","9.4","9.7","6.7","19.0","14.3","14.3","6.7","10.5","7.1","14.3","6.5","92685","15715","111008","15121","(X)","(X)","52.2","(X)","(X)","(X)","319","95","0.0","11.8","0.9","1.8","0.0","11.8","0.0","11.8","18.5","14.7","6.3","7.4","27.3","23.4","11.3","9.6","15.7","11.8","20.1","10.2","95673","37482","N","N","(X)","(X)","(X)","(X)","(X)","(X)","354","75","14.4","10.9","29.4","17.0","7.9","6.1","2.5","3.7","17.5","12.0","16.9","10.6","7.3","6.4","4.0","3.7","0.0","10.7","0.0","10.7","-","**","36532","8693","(X)","(X)","(X)","(X)","38.4","(X)",
"1400000US25025110301","Census Tract 1103.01, Suffolk County, Massachusetts","978","104","5.2","4.9","1.6","1.8","3.0","3.8","4.6","3.7","7.6","4.8","22.0","7.5","16.2","6.9","14.4","5.1","10.9","4.6","14.5","5.0","90833","16674","112995","14601","48.0","(X)","(X)","(X)","(X)","(X)","641","93","0.9","1.5","0.9","1.3","3.6","5.2","0.0","6.0","3.3","2.8","23.2","10.0","18.3","9.3","17.5","7.2","14.4","6.6","17.9","6.6","99063","24971","127683","14797","(X)","(X)","51.3","(X)","(X)","(X)","439","91","0.0","8.7","0.0","8.7","0.0","8.7","0.0","8.7","1.1","2.1","16.4","9.5","24.6","12.3","18.7","8.8","13.0","6.9","26.2","9.4","119453","38094","N","N","(X)","(X)","(X)","(X)","(X)","(X)","337","88","13.4","12.7","3.0","4.4","8.3","10.5","13.4","10.2","9.2","7.8","22.3","12.1","9.5","8.4","11.3","7.2","5.9","5.6","3.9","4.5","59375","29675","79274","30654","(X)","(X)","(X)","(X)","36.2","(X)",
"1400000US25025110401","Census Tract 1104.01, Suffolk County, Massachusetts","1446","139","3.4","3.3","4.4","4.5","4.4","3.2","7.5","5.0","5.3","4.0","23.4","7.4","12.3","6.8","12.0","4.5","11.2","4.5","16.1","8.3","78468","11123","119433","29744","44.7","(X)","(X)","(X)","(X)","(X)","1068","131","3.7","4.2","3.6","5.5","4.9","4.2","8.8","4.6","4.4","4.2","15.3","8.2","14.3","7.9","13.3","5.6","11.8","5.0","19.9","11.1","93929","18024","135209","38956","(X)","(X)","46.8","(X)","(X)","(X)","540","152","0.0","7.1","0.0","7.1","1.9","3.7","6.9","7.6","0.4","0.8","11.5","8.7","14.4","9.6","18.0","10.2","13.1","10.4","33.9","18.4","146288","80171","N","N","(X)","(X)","(X)","(X)","(X)","(X)","378","98","2.4","4.3","6.6","8.1","2.9","4.4","13.2","13.8","7.7","9.6","37.3","16.7","11.1","9.1","8.5","6.6","8.7","8.4","1.6","3.1","59655","5792","65897","12601","(X)","(X)","(X)","(X)","34.4","(X)",
"1400000US25025110403","Census Tract 1104.03, Suffolk County, Massachusetts","1869","165","4.1","3.4","4.4","4.1","8.2","5.0","2.5","2.4","5.2","3.6","10.3","4.8","12.5","5.3","18.9","6.1","15.1","6.5","18.8","6.8","111328","18521","134378","21518","40.7","(X)","(X)","(X)","(X)","(X)","1203","185","2.7","3.1","0.8","1.2","7.2","5.3","2.6","2.3","0.0","3.3","11.1","6.0","7.9","4.2","24.4","8.3","19.7","8.3","23.6","9.3","138623","21135","154515","25097","(X)","(X)","30.8","(X)","(X)","(X)","850","156","0.0","4.6","1.2","1.8","0.5","1.0","1.2","1.9","0.0","4.6","6.1","4.0","7.2","4.2","24.8","10.1","26.7","11.1","32.4","12.4","168065","16144","N","N","(X)","(X)","(X)","(X)","(X)","(X)","666","170","8.1","7.7","11.0","10.5","12.3","11.7","4.7","5.8","10.7","10.2","8.3","5.8","19.1","12.7","13.7","8.5","4.4","4.9","8.0","7.8","61500","52449","91388","30455","(X)","(X)","(X)","(X)","52.9","(X)",
"1400000US25025110501","Census Tract 1105.01, Suffolk County, Massachusetts","1346","171","2.1","2.1","2.5","2.3","1.9","2.1","3.3","3.5","9.3","7.5","11.0","6.1","8.2","4.3","22.8","7.4","16.6","7.5","22.3","7.2","116731","26547","148577","21465","33.2","(X)","(X)","(X)","(X)","(X)","812","182","1.6","2.6","0.0","4.8","0.0","4.8","3.8","5.1","13.3","12.4","11.1","7.9","5.4","4.3","20.6","8.8","18.5","11.4","25.7","9.4","133235","31264","159243","27970","(X)","(X)","32.1","(X)","(X)","(X)","568","181","0.0","6.8","0.0","6.8","0.0","6.8","0.0","6.8","11.1","15.4","5.1","6.0","0.0","6.8","26.6","12.5","20.4","13.9","36.8","11.9","185882","49901","N","N","(X)","(X)","(X)","(X)","(X)","(X)","534","104","2.8","3.9","6.2","5.5","4.9","5.4","2.4","4.0","3.2","3.9","10.9","9.1","12.5","8.1","29.2","11.8","10.9","8.5","17.0","9.4","107830","11689","130782","28264","(X)","(X)","(X)","(X)","34.8","(X)",
"1400000US25025110502","Census Tract 1105.02, Suffolk County, Massachusetts","1829","277","0.6","1.1","3.7","4.3","9.3","5.7","7.4","4.7","8.4","4.5","8.6","5.6","7.4","4.2","23.0","6.0","18.0","9.5","13.5","5.3","106717","19708","117361","15602","39.0","(X)","(X)","(X)","(X)","(X)","1176","273","0.0","3.3","0.0","3.3","6.4","6.5","3.6","4.2","7.6","5.1","5.8","3.5","14.2","8.3","24.6","7.3","23.0","13.3","14.9","7.3","117292","43250","135796","16654","(X)","(X)","43.0","(X)","(X)","(X)","700","135","0.0","5.6","0.0","5.6","0.0","5.6","0.0","5.6","10.4","7.2","8.3","5.4","10.9","8.2","25.6","11.8","20.6","9.4","24.3","9.4","138750","29207","N","N","(X)","(X)","(X)","(X)","(X)","(X)","653","158","1.7","3.1","10.4","12.0","14.7","12.9","14.4","10.7","12.3","9.7","15.9","13.8","4.1","4.4","15.0","8.7","10.3","7.1","1.2","1.8","42232","19274","63667","13952","(X)","(X)","(X)","(X)","23.6","(X)",
"1400000US25025110601","Census Tract 1106.01, Suffolk County, Massachusetts","1395","210","2.9","2.8","2.6","2.9","0.4","0.8","5.7","2.7","7.4","4.6","6.9","4.9","10.1","8.5","17.7","5.9","9.9","4.9","36.4","8.4","134464","46035","167414","19681","36.3","(X)","(X)","(X)","(X)","(X)","806","142","1.4","2.3","0.0","4.8","0.0","4.8","0.0","4.8","1.7","1.9","3.5","3.3","5.3","3.2","21.2","8.0","13.9","7.4","53.0","9.3","210800","20426","225641","25879","(X)","(X)","38.5","(X)","(X)","(X)","681","130","0.0","5.7","0.0","5.7","0.0","5.7","0.0","5.7","2.1","2.2","2.6","3.2","5.0","3.3","14.8","6.5","16.4","8.4","59.0","10.2","212724","16367","N","N","(X)","(X)","(X)","(X)","(X)","(X)","589","186","5.1","6.0","6.1","7.3","1.0","1.8","13.4","7.4","15.1","10.7","11.5","10.2","16.6","17.7","12.9","8.4","5.8","6.2","12.4","8.8","67180","27590","87389","19631","(X)","(X)","(X)","(X)","33.4","(X)",
"1400000US25025110607","Census Tract 1106.07, Suffolk County, Massachusetts","2011","203","1.6","1.8","1.2","1.9","0.8","1.3","0.9","1.4","6.9","4.6","11.5","6.6","17.1","5.9","16.7","6.4","22.7","8.0","20.6","7.1","137821","23974","146374","17040","40.4","(X)","(X)","(X)","(X)","(X)","1314","210","0.0","3.0","1.8","2.9","0.0","3.0","0.0","3.0","5.4","6.5","5.2","3.6","14.5","8.1","18.0","8.5","28.5","11.2","26.6","9.7","154698","18297","163648","17542","(X)","(X)","53.3","(X)","(X)","(X)","1069","225","0.0","3.7","2.2","3.6","0.0","3.7","0.0","3.7","0.0","3.7","3.8","4.3","11.0","8.4","20.7","9.9","33.0","12.9","29.2","11.3","163365","46856","N","N","(X)","(X)","(X)","(X)","(X)","(X)","697","163","4.6","5.2","0.0","5.6","2.3","3.6","2.6","4.0","9.6","7.8","23.5","16.2","23.0","10.7","14.3","8.6","13.5","9.7","6.6","6.3","83141","9728","109863","29168","(X)","(X)","(X)","(X)","16.1","(X)",
"1400000US25025120103","Census Tract 1201.03, Suffolk County, Massachusetts","731","74","0.0","5.3","3.1","2.6","1.6","1.9","0.7","1.1","1.9","2.2","6.7","4.2","6.3","4.5","20.9","7.8","11.5","4.6","47.2","8.1","196563","46600","223099","27220","40.2","(X)","(X)","(X)","(X)","(X)","404","61","0.0","9.4","0.0","9.4","0.0","9.4","1.2","1.9","0.5","1.0","2.2","3.3","1.0","1.5","19.1","10.0","13.6","6.2","62.4","11.1","221875","30011","277696","39473","(X)","(X)","46.3","(X)","(X)","(X)","370","59","0.0","10.2","0.0","10.2","0.0","10.2","1.4","2.1","0.0","10.2","2.4","3.6","1.1","1.6","17.3","10.6","12.7","6.0","65.1","11.5","222411","40902","N","N","(X)","(X)","(X)","(X)","(X)","(X)","327","57","0.0","11.5","7.0","5.7","3.7","4.2","0.0","11.5","4.3","4.8","11.6","8.6","12.8","10.2","27.2","12.2","8.9","6.6","24.5","11.5","108385","8764","145877","34217","(X)","(X)","(X)","(X)","31.5","(X)",
"1400000US25025120104","Census Tract 1201.04, Suffolk County, Massachusetts","1102","97","2.7","2.4","1.1","1.8","2.9","3.6","4.4","4.5","2.5","2.3","13.6","6.6","14.8","6.2","19.5","8.3","12.7","5.8","25.8","8.3","112056","25854","155364","26466","29.2","(X)","(X)","(X)","(X)","(X)","502","106","6.0","5.4","2.4","3.9","0.0","7.7","5.4","8.3","1.4","2.3","5.6","4.7","12.5","8.4","21.7","12.4","13.7","8.5","31.3","11.8","116667","57771","166509","30584","(X)","(X)","42.2","(X)","(X)","(X)","378","109","0.0","10.0","0.0","10.0","0.0","10.0","7.1","10.8","0.0","10.0","4.8","5.1","12.4","9.6","20.1","14.6","18.3","11.3","37.3","14.8","182500","77537","N","N","(X)","(X)","(X)","(X)","(X)","(X)","600","79","0.0","6.4","0.0","6.4","5.3","6.3","3.7","4.3","3.3","3.6","20.3","11.0","16.7","8.9","17.7","8.8","11.8","8.1","21.2","11.9","106250","43463","146039","38149","(X)","(X)","(X)","(X)","18.3","(X)",
"1400000US25025120105","Census Tract 1201.05, Suffolk County, Massachusetts","961","90","2.0","3.2","3.3","2.5","4.9","5.3","5.0","2.7","2.9","1.9","8.4","4.5","8.3","4.7","11.4","4.3","13.7","4.9","40.0","7.7","163884","26114","189519","23694","32.3","(X)","(X)","(X)","(X)","(X)","556","76","0.0","6.9","1.4","2.0","5.2","7.9","2.2","3.1","0.9","1.3","4.1","4.8","7.6","4.3","9.5","5.7","11.2","4.6","57.9","9.6","220417","26695","234400","34327","(X)","(X)","31.5","(X)","(X)","(X)","484","59","0.0","7.9","0.0","7.9","0.0","7.9","2.5","3.6","1.0","1.4","4.8","5.5","6.0","3.9","9.1","5.4","11.2","4.2","65.5","9.0","241154","36413","N","N","(X)","(X)","(X)","(X)","(X)","(X)","405","79","4.7","7.4","5.9","5.3","4.4","3.8","8.9","5.1","5.7","4.1","14.3","8.6","9.4","9.7","14.1","8.4","19.3","10.6","13.3","9.4","84152","47875","124279","30323","(X)","(X)","(X)","(X)","33.3","(X)",
"1400000US25025120201","Census Tract 1202.01, Suffolk County, Massachusetts","2060","306","15.3","11.2","3.2","4.5","4.0","2.7","1.6","2.0","6.7","3.7","11.0","6.2","12.6","5.6","20.8","7.1","6.7","3.6","18.1","5.9","91200","17273","128784","23420","36.0","(X)","(X)","(X)","(X)","(X)","798","133","2.3","3.6","0.0","4.9","1.8","2.4","0.8","1.2","13.8","7.9","8.4","6.2","8.6","6.4","24.7","9.5","6.6","4.7","33.1","10.5","122201","20726","192474","41625","(X)","(X)","29.9","(X)","(X)","(X)","584","110","0.0","6.6","0.0","6.6","0.5","1.2","0.0","6.6","15.9","10.0","2.9","4.6","11.8","8.8","22.3","10.9","7.2","5.9","39.4","12.8","141029","42755","N","N","(X)","(X)","(X)","(X)","(X)","(X)","1262","288","23.6","17.1","5.2","7.4","5.5","4.2","2.1","3.0","2.3","3.1","12.7","8.7","15.1","8.2","18.4","10.7","6.7","4.5","8.6","5.6","74149","18754","83271","22152","(X)","(X)","(X)","(X)","37.6","(X)",
"1400000US25025120301","Census Tract 1203.01, Suffolk County, Massachusetts","2066","208","3.7","2.7","5.7","5.1","6.1","3.5","0.3","0.6","5.6","5.9","12.2","5.6","10.7","4.8","31.5","7.6","7.1","3.5","17.0","8.9","109079","15621","122951","19874","44.4","(X)","(X)","(X)","(X)","(X)","979","228","0.0","4.0","0.0","4.0","4.6","5.2","0.0","4.0","3.2","3.0","12.6","8.6","8.1","6.6","32.4","10.9","9.1","5.3","30.1","15.9","119042","28977","150459","26989","(X)","(X)","51.1","(X)","(X)","(X)","669","215","0.0","5.8","0.0","5.8","0.0","5.8","0.0","5.8","3.3","4.1","6.3","7.7","9.9","8.9","31.1","13.3","13.3","7.8","36.2","18.6","146528","57817","N","N","(X)","(X)","(X)","(X)","(X)","(X)","1087","230","7.0","5.1","10.8","8.9","7.5","5.5","0.6","1.1","8.6","10.6","11.9","8.1","13.2","6.9","31.9","10.8","3.3","3.1","5.2","4.7","82639","32933","94417","23994","(X)","(X)","(X)","(X)","38.5","(X)",
"1400000US25025120400","Census Tract 1204, Suffolk County, Massachusetts","2921","316","2.3","1.8","2.9","2.5","2.6","2.9","5.6","3.2","4.7","3.1","7.6","4.4","14.3","5.5","17.6","5.9","16.5","6.1","25.8","7.1","122569","26109","157854","18797","37.2","(X)","(X)","(X)","(X)","(X)","1286","197","0.0","3.1","0.0","3.1","1.2","1.8","1.6","2.6","2.6","2.9","3.0","2.8","11.4","8.1","20.1","7.8","18.3","9.0","41.8","10.3","181842","31183","209471","25864","(X)","(X)","25.2","(X)","(X)","(X)","1079","193","0.0","3.6","0.0","3.6","1.4","2.2","0.0","3.6","1.1","1.9","2.3","2.6","2.9","3.1","22.2","8.7","20.3","10.2","49.9","11.5","194944","57172","N","N","(X)","(X)","(X)","(X)","(X)","(X)","1635","324","4.0","3.4","5.3","4.4","3.7","4.8","8.7","5.5","6.3","4.9","11.3","7.4","16.7","7.6","18.0","8.7","13.9","7.6","12.0","10.5","94375","17135","109361","23193","(X)","(X)","(X)","(X)","44.7","(X)",
"1400000US25025120500","Census Tract 1205, Suffolk County, Massachusetts","1070","210","12.3","6.2","0.7","1.0","5.6","3.8","4.5","3.4","2.1","2.1","12.7","6.7","4.7","3.5","14.0","5.7","10.9","5.4","32.4","15.5","127500","38742","139779","22808","49.6","(X)","(X)","(X)","(X)","(X)","413","81","9.0","8.0","0.0","9.2","9.0","8.8","9.2","7.9","4.1","5.2","11.1","10.1","7.7","7.4","16.0","8.6","10.2","7.5","23.7","9.4","94926","39751","134756","26161","(X)","(X)","38.5","(X)","(X)","(X)","282","77","7.1","7.7","0.0","13.2","3.2","6.1","0.0","13.2","6.0","7.9","5.0","4.9","11.0","10.4","18.1","11.5","14.9","10.8","34.8","11.9","137375","41003","N","N","(X)","(X)","(X)","(X)","(X)","(X)","657","208","14.5","10.4","1.1","1.6","5.0","4.1","4.4","4.5","0.9","1.3","12.8","8.3","2.9","2.9","10.7","6.5","11.4","6.7","36.4","24.1","133661","92833","136662","36008","(X)","(X)","(X)","(X)","56.6","(X)",
"1400000US25025120600","Census Tract 1206, Suffolk County, Massachusetts","1144","200","0.0","3.4","0.0","3.4","1.0","1.6","5.4","4.3","5.8","4.0","7.1","4.4","9.3","4.7","28.3","10.7","12.2","5.5","30.9","9.5","130000","24394","157701","19251","28.8","(X)","(X)","(X)","(X)","(X)","640","194","0.0","6.1","0.0","6.1","0.0","6.1","4.7","5.6","7.0","6.8","8.0","7.1","6.6","6.3","19.5","16.0","12.8","7.4","41.4","14.8","175536","68342","179937","31911","(X)","(X)","27.5","(X)","(X)","(X)","482","190","0.0","8.0","0.0","8.0","0.0","8.0","0.0","8.0","0.0","8.0","5.0","7.0","4.8","5.4","25.9","20.6","17.0","10.5","47.3","20.8","181324","65984","N","N","(X)","(X)","(X)","(X)","(X)","(X)","504","94","0.0","7.6","0.0","7.6","2.4","3.5","6.3","5.8","4.2","4.0","6.0","4.8","16.5","8.3","35.7","13.9","11.3","7.5","17.7","8.7","109167","3410","126773","15480","(X)","(X)","(X)","(X)","27.8","(X)",
"1400000US25025120700","Census Tract 1207, Suffolk County, Massachusetts","932","129","0.5","0.9","2.8","2.9","0.5","1.0","6.5","5.5","1.9","1.8","16.1","6.5","13.4","6.5","18.1","5.3","18.2","9.1","21.8","7.1","123700","28282","143537","15956","31.7","(X)","(X)","(X)","(X)","(X)","422","119","0.0","9.0","1.9","3.3","0.0","9.0","4.3","6.1","0.0","9.0","5.9","5.3","10.2","8.0","19.0","7.9","27.5","19.1","31.3","13.9","151201","5155","183686","30338","(X)","(X)","36.5","(X)","(X)","(X)","309","80","0.0","12.1","0.0","12.1","0.0","12.1","5.8","8.0","0.0","12.1","7.1","6.8","13.9","10.4","17.8","7.4","12.6","9.2","42.7","13.0","163875","36301","N","N","(X)","(X)","(X)","(X)","(X)","(X)","510","76","1.0","1.6","3.5","4.4","1.0","1.9","8.4","9.0","3.5","3.3","24.5","9.9","16.1","9.5","19.2","7.8","8.8","6.9","13.9","7.8","86250","18623","109086","17394","(X)","(X)","(X)","(X)","26.5","(X)",
"1400000US25025130101","Census Tract 1301.01, Suffolk County, Massachusetts","2574","272","1.4","1.7","0.5","0.9","1.4","1.4","5.2","3.6","3.1","2.1","12.5","5.3","9.0","4.0","30.5","7.9","20.7","8.1","15.8","4.4","121875","18783","142064","13687","34.7","(X)","(X)","(X)","(X)","(X)","1386","271","0.7","1.2","0.0","2.8","0.5","1.0","2.1","2.6","3.4","3.6","8.5","5.9","12.2","7.5","20.2","8.5","23.0","15.4","29.4","8.8","158000","57565","175963","20644","(X)","(X)","33.2","(X)","(X)","(X)","968","157","1.0","1.7","0.0","4.0","0.7","1.4","0.0","4.0","0.0","4.0","7.5","7.2","9.3","6.1","24.7","8.8","16.0","8.1","40.7","9.4","170893","35707","N","N","(X)","(X)","(X)","(X)","(X)","(X)","1188","157","2.1","3.4","1.1","1.9","2.4","2.6","9.9","7.4","4.5","3.8","17.6","8.6","8.6","6.1","39.3","13.8","14.5","10.3","0.0","3.3","104706","19492","96004","13107","(X)","(X)","(X)","(X)","27.4","(X)",
"1400000US25025130200","Census Tract 1302, Suffolk County, Massachusetts","1879","182","5.8","7.0","2.9","2.8","1.8","1.5","2.9","2.1","1.5","1.5","12.6","5.8","10.7","5.0","21.2","6.2","12.2","4.6","28.4","6.3","122266","19785","153368","18320","31.3","(X)","(X)","(X)","(X)","(X)","1268","151","0.6","1.0","2.4","3.2","0.6","0.8","2.8","2.5","0.9","1.4","11.8","7.0","9.4","5.4","17.7","5.3","14.8","6.4","39.1","8.4","166500","29297","185700","21558","(X)","(X)","34.4","(X)","(X)","(X)","1026","149","0.0","3.8","0.0","3.8","0.7","1.0","2.1","2.6","1.1","1.7","6.7","4.5","9.4","5.7","17.9","6.0","17.0","7.9","45.1","8.5","173889","50020","N","N","(X)","(X)","(X)","(X)","(X)","(X)","611","168","16.7","19.3","4.1","6.1","4.3","4.2","3.8","4.4","2.8","3.3","13.6","9.3","13.4","10.6","28.3","14.2","6.9","5.1","6.2","4.8","87634","37204","85965","22013","(X)","(X)","(X)","(X)","24.9","(X)",
"1400000US25025130300","Census Tract 1303, Suffolk County, Massachusetts","1762","171","1.2","1.5","0.6","0.8","0.5","0.7","3.1","2.2","8.1","4.0","5.7","3.3","10.8","4.4","26.9","6.7","12.6","5.5","30.6","6.9","135966","12778","186077","26163","30.4","(X)","(X)","(X)","(X)","(X)","1222","194","1.8","2.1","0.8","1.1","0.0","3.2","0.0","3.2","1.2","1.6","1.4","1.6","12.0","6.4","30.0","9.3","16.9","7.3","35.8","9.2","163958","30592","219687","36502","(X)","(X)","29.5","(X)","(X)","(X)","1148","189","1.0","1.8","0.0","3.4","0.0","3.4","0.0","3.4","0.7","1.1","0.8","1.3","12.8","6.8","30.4","9.7","17.0","7.7","37.3","9.5","170764","27047","N","N","(X)","(X)","(X)","(X)","(X)","(X)","540","119","1.7","2.8","0.0","7.1","1.5","2.2","10.0","7.1","23.5","11.4","13.7","9.1","8.1","6.2","21.3","11.5","2.8","3.6","17.4","8.9","74286","22730","106824","18468","(X)","(X)","(X)","(X)","29.4","(X)",
"1400000US25025130402","Census Tract 1304.02, Suffolk County, Massachusetts","2114","271","1.5","1.7","6.3","5.2","8.6","5.0","5.9","3.2","10.9","6.5","6.3","3.9","10.8","6.2","18.2","7.0","11.4","4.9","20.1","10.9","99708","32858","130592","27494","39.3","(X)","(X)","(X)","(X)","(X)","1262","259","0.0","3.1","0.0","3.1","3.1","3.2","2.5","2.8","7.0","8.8","5.9","5.6","11.0","7.4","24.0","10.8","12.8","6.8","33.7","16.5","149060","15902","180136","39581","(X)","(X)","38.9","(X)","(X)","(X)","1110","244","0.0","3.5","0.0","3.5","3.5","3.7","1.5","2.5","7.9","10.0","5.3","6.0","8.9","7.6","26.1","12.2","10.1","5.9","36.6","18.4","149209","42423","N","N","(X)","(X)","(X)","(X)","(X)","(X)","852","202","3.8","4.3","15.7","12.2","16.8","11.4","10.9","7.1","16.7","10.0","6.8","5.3","12.2","10.9","9.6","6.9","7.5","9.5","0.0","4.6","39643","15714","54802","17045","(X)","(X)","(X)","(X)","39.9","(X)",
"1400000US25025130404","Census Tract 1304.04, Suffolk County, Massachusetts","1374","130","3.8","3.0","2.3","2.5","9.0","6.2","8.3","6.3","6.3","2.6","18.7","8.4","7.4","3.9","21.5","7.7","9.0","5.3","13.8","5.9","85066","26465","114950","28210","51.2","(X)","(X)","(X)","(X)","(X)","771","97","4.9","5.1","1.8","3.2","4.0","3.8","0.3","0.5","5.6","3.8","16.1","8.6","10.4","5.7","25.6","11.3","8.2","6.0","23.2","10.3","106453","12000","149264","49615","(X)","(X)","45.5","(X)","(X)","(X)","639","111","2.3","3.0","2.2","3.8","1.6","2.6","0.3","0.6","3.1","2.6","16.3","10.3","7.0","4.9","29.3","13.1","9.9","7.3","28.0","12.2","112390","30078","N","N","(X)","(X)","(X)","(X)","(X)","(X)","603","143","2.3","2.6","3.0","3.6","16.4","12.6","17.6","13.3","7.1","3.9","24.2","15.3","6.0","5.5","14.1","9.3","7.6","9.1","1.7","2.7","53290","14298","65621","15918","(X)","(X)","(X)","(X)","58.5","(X)",
"1400000US25025130406","Census Tract 1304.06, Suffolk County, Massachusetts","2282","293","6.1","4.7","6.4","4.0","15.0","9.4","13.8","8.1","12.6","6.2","11.2","7.4","13.8","8.3","14.6","6.6","5.7","3.8","0.7","1.4","44115","17923","62468","9879","47.0","(X)","(X)","(X)","(X)","(X)","1604","328","3.9","6.0","0.0","2.5","12.0","12.0","19.7","11.4","14.8","8.8","11.9","9.0","12.1","10.8","17.6","9.3","7.0","5.8","1.1","1.9","49773","24632","68741","13564","(X)","(X)","50.7","(X)","(X)","(X)","696","204","0.0","5.6","0.0","5.6","0.0","5.6","14.9","14.3","7.9","9.2","20.3","14.2","10.3","9.6","28.0","14.5","16.1","13.6","2.4","4.2","84000","49499","N","N","(X)","(X)","(X)","(X)","(X)","(X)","678","195","11.4","8.6","21.4","11.6","22.3","15.5","0.0","5.7","7.4","6.9","9.4","10.5","18.0","11.9","7.4","5.2","2.8","4.6","0.0","5.7","-","**","47470","13347","(X)","(X)","(X)","(X)","38.1","(X)",
"1400000US25025140102","Census Tract 1401.02, Suffolk County, Massachusetts","1812","196","3.1","2.3","6.3","4.8","3.5","4.4","4.3","3.8","9.4","5.0","7.2","4.2","8.9","4.6","29.7","8.0","15.6","4.4","12.1","4.7","112927","9540","116754","15386","46.5","(X)","(X)","(X)","(X)","(X)","1289","215","0.0","3.1","5.2","5.4","1.4","1.8","2.9","4.4","6.1","5.0","9.2","5.5","11.9","6.8","31.7","11.6","17.9","5.6","13.7","6.1","113933","5065","128067","18127","(X)","(X)","53.5","(X)","(X)","(X)","812","154","0.0","4.8","0.0","4.8","2.2","2.8","0.0","4.8","4.2","4.5","11.8","8.1","12.6","8.3","25.1","11.7","25.0","9.1","19.1","8.1","133611","25747","N","N","(X)","(X)","(X)","(X)","(X)","(X)","523","142","10.7","7.5","9.0","7.6","8.8","13.3","7.8","7.3","17.6","12.8","4.8","4.7","7.8","6.7","22.6","12.1","7.8","6.3","3.1","3.9","49068","30817","77948","19658","(X)","(X)","(X)","(X)","24.7","(X)",
"1400000US25025140105","Census Tract 1401.05, Suffolk County, Massachusetts","1322","137","12.5","7.8","2.3","3.4","5.4","3.8","2.3","2.2","4.2","3.1","15.1","7.2","12.2","8.0","28.9","10.1","8.5","4.7","8.5","3.9","91488","25801","95417","11315","53.6","(X)","(X)","(X)","(X)","(X)","899","159","8.2","7.0","0.0","4.3","3.4","4.1","0.0","4.3","5.0","4.2","13.8","7.5","20.4","11.2","27.8","11.2","10.0","6.4","11.3","5.5","96685","13537","108964","12712","(X)","(X)","52.1","(X)","(X)","(X)","366","97","0.0","10.3","0.0","10.3","2.5","3.8","0.0","10.3","0.0","10.3","3.8","4.1","14.8","12.0","29.2","14.0","21.9","13.1","27.9","12.6","149844","22989","N","N","(X)","(X)","(X)","(X)","(X)","(X)","423","127","21.5","19.9","7.1","10.4","9.7","8.0","7.3","6.9","6.6","6.8","23.9","16.7","19.6","20.6","4.3","6.9","0.0","9.0","0.0","9.0","47841","36014","45162","17226","(X)","(X)","(X)","(X)","54.4","(X)",
"1400000US25025140106","Census Tract 1401.06, Suffolk County, Massachusetts","1028","154","13.5","6.9","8.3","5.7","21.9","7.1","7.5","4.5","5.3","4.4","7.7","4.2","12.0","5.7","11.0","9.3","4.0","3.3","8.9","4.9","33235","27577","70754","13435","44.2","(X)","(X)","(X)","(X)","(X)","567","85","10.6","7.3","3.0","3.3","23.6","9.5","1.2","2.5","9.2","7.9","10.9","7.4","12.3","7.4","6.0","3.9","7.2","5.7","15.9","8.2","60489","20527","91513","19027","(X)","(X)","42.7","(X)","(X)","(X)","226","60","4.0","5.6","4.0","6.2","4.9","6.9","0.0","16.2","2.2","3.2","11.5","10.5","21.7","14.0","8.8","6.1","18.1","13.2","24.8","13.8","102000","69248","N","N","(X)","(X)","(X)","(X)","(X)","(X)","461","149","17.1","13.7","14.8","12.3","19.7","10.5","15.2","10.9","0.4","1.1","5.6","4.7","9.5","8.9","17.1","19.4","0.0","8.3","0.4","1.3","23750","8844","44669","20370","(X)","(X)","(X)","(X)","46.0","(X)",
"1400000US25025140107","Census Tract 1401.07, Suffolk County, Massachusetts","1172","137","7.8","3.8","8.5","4.8","2.5","2.0","9.2","8.2","4.5","3.7","11.1","5.6","10.7","5.8","14.4","3.9","14.2","6.4","17.0","6.0","87826","16581","105609","12949","42.2","(X)","(X)","(X)","(X)","(X)","717","116","3.1","2.7","2.1","2.4","3.2","3.6","3.9","4.1","5.0","5.3","17.6","9.6","12.3","7.8","16.5","6.6","21.5","9.3","14.9","6.1","105114","27496","120954","15141","(X)","(X)","33.8","(X)","(X)","(X)","447","93","0.0","8.6","1.6","2.6","1.1","1.6","6.3","6.5","0.0","8.6","7.8","6.3","11.4","10.4","17.7","8.1","30.2","12.0","23.9","9.1","161964","32445","N","N","(X)","(X)","(X)","(X)","(X)","(X)","455","138","15.4","9.2","18.7","11.5","4.6","4.5","17.6","18.4","5.3","6.0","5.7","5.8","9.9","8.6","15.6","7.8","1.5","1.9","5.7","5.4","31647","9343","58220","12550","(X)","(X)","(X)","(X)","47.3","(X)",
"1400000US25025140201","Census Tract 1402.01, Suffolk County, Massachusetts","943","192","4.8","3.4","1.5","1.6","5.5","3.8","4.9","3.6","6.3","4.8","9.5","6.4","17.5","9.1","35.6","14.3","3.7","2.9","10.7","6.1","100179","9212","99676","10871","38.5","(X)","(X)","(X)","(X)","(X)","653","193","2.0","1.8","1.5","2.2","2.1","2.6","3.5","3.6","4.6","5.3","11.9","9.1","18.1","12.5","36.8","18.3","5.4","4.1","14.1","9.0","104188","10777","111756","13215","(X)","(X)","34.8","(X)","(X)","(X)","506","195","1.0","1.6","0.0","7.6","2.8","3.6","1.0","1.6","1.4","2.4","10.7","10.1","19.4","15.7","40.3","22.0","6.9","5.2","16.6","11.6","115286","20369","N","N","(X)","(X)","(X)","(X)","(X)","(X)","290","75","11.0","9.5","1.4","1.9","13.1","10.2","7.9","6.5","10.0","8.2","4.1","3.6","16.2","10.7","33.1","16.1","0.0","12.9","3.1","5.1","78295","41317","72186","16383","(X)","(X)","(X)","(X)","46.9","(X)",
"1400000US25025140202","Census Tract 1402.02, Suffolk County, Massachusetts","2052","153","2.4","2.1","3.9","2.7","1.9","1.5","5.6","4.5","9.5","4.1","13.8","5.2","11.4","5.8","12.7","5.3","15.2","6.0","23.6","6.8","110179","40852","160310","34014","47.8","(X)","(X)","(X)","(X)","(X)","1575","169","0.5","0.9","2.2","3.1","1.2","1.4","2.4","3.5","9.7","4.1","15.4","6.6","8.5","5.5","15.0","7.0","19.7","7.7","25.3","7.9","140417","29151","184828","42383","(X)","(X)","47.6","(X)","(X)","(X)","926","206","0.9","1.5","0.0","4.2","0.0","4.2","0.0","4.2","6.4","3.8","4.8","4.5","14.5","8.8","12.2","7.4","23.5","9.9","37.8","10.6","172143","19220","N","N","(X)","(X)","(X)","(X)","(X)","(X)","477","136","8.6","8.3","9.9","7.7","4.2","4.8","16.1","14.4","21.0","13.1","21.6","13.8","2.3","4.0","5.0","6.2","0.0","8.0","11.3","13.8","47675","9567","62400","26622","(X)","(X)","(X)","(X)","48.6","(X)",
"1400000US25025140300","Census Tract 1403, Suffolk County, Massachusetts","2896","409","13.3","7.7","7.3","6.9","12.6","7.9","1.8","2.0","4.2","4.0","8.3","4.7","21.9","10.8","13.5","7.1","13.3","7.8","3.8","3.0","80696","22934","78848","14017","53.8","(X)","(X)","(X)","(X)","(X)","1950","375","6.8","6.9","10.7","10.8","16.5","11.2","3.4","3.1","1.8","2.5","5.7","4.6","16.7","10.1","13.9","9.8","19.8","11.3","4.6","4.3","82475","26054","85425","18890","(X)","(X)","64.8","(X)","(X)","(X)","1109","370","1.1","2.4","4.0","6.4","5.0","5.2","2.7","4.3","2.2","3.9","7.9","7.0","24.6","16.9","17.9","14.3","26.5","15.6","8.1","7.4","122691","49099","N","N","(X)","(X)","(X)","(X)","(X)","(X)","946","398","26.5","16.9","6.3","6.1","4.4","6.0","0.5","2.2","9.3","12.9","13.7","12.4","32.8","21.1","6.3","7.2","0.0","4.1","0.0","4.1","53664","38823","53520","15780","(X)","(X)","(X)","(X)","29.1","(X)",
"1400000US25025140400","Census Tract 1404, Suffolk County, Massachusetts","3105","311","5.7","4.5","8.0","5.4","9.5","5.3","5.2","3.3","10.5","5.9","15.3","6.5","13.6","6.4","15.7","8.9","9.0","4.8","7.3","4.3","67260","15304","82697","11457","51.7","(X)","(X)","(X)","(X)","(X)","2054","263","3.3","3.9","5.7","4.8","4.3","5.1","4.4","4.3","14.5","8.3","17.4","9.2","13.7","7.8","15.5","8.2","11.2","6.7","9.8","6.3","76591","19287","95232","15037","(X)","(X)","62.6","(X)","(X)","(X)","962","328","0.0","4.1","4.1","6.0","8.2","9.3","1.8","3.1","1.9","3.2","19.3","14.4","12.9","13.6","23.5","14.6","15.3","10.5","13.1","9.8","120134","52569","N","N","(X)","(X)","(X)","(X)","(X)","(X)","1051","327","10.5","11.6","12.5","12.2","19.8","11.1","6.9","4.8","6.2","7.1","16.6","12.4","7.3","8.4","18.5","19.2","1.9","3.1","0.0","3.7","40304","33522","49040","15980","(X)","(X)","(X)","(X)","28.2","(X)",
"1400000US25025160102","Census Tract 1601.02, Suffolk County, Massachusetts","1154","182","10.8","7.2","7.6","6.4","0.0","3.4","16.5","10.1","9.7","7.7","12.2","8.1","14.1","12.5","17.6","10.3","3.6","4.5","7.8","6.4","60795","26824","79839","16445","54.6","(X)","(X)","(X)","(X)","(X)","733","171","4.1","6.6","5.0","7.7","3.8","6.2","13.5","10.4","11.5","10.1","13.9","10.0","20.1","18.4","15.8","13.0","0.0","5.3","12.3","9.9","68836","34822","90896","23267","(X)","(X)","61.4","(X)","(X)","(X)","453","182","0.0","8.4","8.2","12.2","0.0","8.4","6.8","9.9","18.5","16.9","9.9","11.1","21.0","26.7","15.7","15.8","0.0","8.4","19.9","16.5","85503","28443","N","N","(X)","(X)","(X)","(X)","(X)","(X)","421","154","29.7","18.9","12.1","11.9","0.0","9.1","21.6","19.5","0.0","9.1","9.3","14.6","7.6","8.6","9.7","10.4","10.0","10.9","0.0","9.1","30022","18651","48720","18558","(X)","(X)","(X)","(X)","29.0","(X)",
"1400000US25025160103","Census Tract 1601.03, Suffolk County, Massachusetts","1215","180","8.0","7.0","1.7","2.9","9.5","9.8","10.0","8.7","17.5","11.7","19.4","10.7","13.3","10.8","3.5","3.7","7.2","6.6","9.8","7.8","60750","27922","78531","16742","75.2","(X)","(X)","(X)","(X)","(X)","857","175","6.2","7.5","2.5","4.1","3.6","5.1","14.8","12.7","28.1","15.0","13.1","12.6","11.2","11.4","2.5","3.7","14.1","12.2","4.0","4.6","47730","16427","73674","18355","(X)","(X)","79.9","(X)","(X)","(X)","408","179","0.0","9.3","0.0","9.3","0.0","9.3","10.8","16.6","22.8","19.4","18.4","23.1","7.8","9.2","2.2","3.7","29.7","22.2","8.3","9.9","-","**","N","N","(X)","(X)","(X)","(X)","(X)","(X)","358","153","12.3","17.2","0.0","10.6","32.4","26.6","8.9","12.7","9.8","12.6","6.7","12.4","18.2","19.1","5.9","10.1","5.9","9.5","0.0","10.6","-","**","53530","21593","(X)","(X)","(X)","(X)","53.6","(X)",
"1400000US25025160200","Census Tract 1602, Suffolk County, Massachusetts","1236","148","5.4","3.8","5.3","4.8","4.8","4.0","13.3","8.4","9.7","6.9","23.5","10.3","17.5","8.4","15.8","8.1","2.3","2.4","2.3","3.5","64492","11147","68478","9861","73.9","(X)","(X)","(X)","(X)","(X)","767","169","0.0","5.1","6.8","6.2","7.8","7.3","23.2","12.5","19.9","12.9","23.7","13.5","5.3","5.2","9.4","7.2","3.8","4.2","0.0","5.1","43809","13360","55312","9854","(X)","(X)","65.2","(X)","(X)","(X)","451","167","0.0","8.5","9.8","11.1","3.5","6.5","11.8","8.3","22.2","17.0","26.2","17.9","7.3","8.2","12.9","10.5","6.4","7.7","0.0","8.5","61103","31561","N","N","(X)","(X)","(X)","(X)","(X)","(X)","469","152","14.3","9.6","10.9","10.8","7.9","7.9","8.5","9.6","0.0","8.2","19.8","15.5","24.1","15.3","14.5","13.8","0.0","8.2","0.0","8.2","54067","28043","57554","14524","(X)","(X)","(X)","(X)","68.9","(X)",
"1400000US25025160300","Census Tract 1603, Suffolk County, Massachusetts","1284","181","6.1","3.9","19.5","10.3","6.6","4.0","6.6","4.6","6.1","3.9","6.3","3.3","11.4","4.8","21.3","7.8","6.6","3.9","9.5","5.1","67813","31642","87200","16760","48.4","(X)","(X)","(X)","(X)","(X)","375","91","3.5","4.6","10.1","11.2","0.0","10.1","6.9","10.8","8.0","9.3","1.9","3.1","7.7","7.0","23.5","11.8","7.7","8.9","30.7","16.3","134432","35227","143146","38376","(X)","(X)","44.3","(X)","(X)","(X)","311","96","4.2","5.6","0.0","12.1","0.0","12.1","8.4","13.2","9.6","10.9","2.3","3.7","7.4","7.1","21.9","13.1","9.3","10.9","37.0","17.1","140583","41204","N","N","(X)","(X)","(X)","(X)","(X)","(X)","909","185","7.2","5.1","23.4","13.2","9.4","5.6","6.5","4.3","5.3","3.8","8.1","4.5","12.9","6.1","20.4","8.4","6.2","4.2","0.8","1.2","44034","31989","64119","12374","(X)","(X)","(X)","(X)","50.1","(X)",
"1400000US25025160400","Census Tract 1604, Suffolk County, Massachusetts","1507","162","16.7","7.9","3.9","3.1","7.1","5.3","4.5","3.5","11.4","4.7","9.7","4.0","16.2","6.6","13.3","4.1","9.4","4.4","7.8","4.4","69345","17485","82050","12389","38.5","(X)","(X)","(X)","(X)","(X)","567","98","5.3","6.3","0.0","6.8","4.9","6.8","11.1","8.0","23.3","9.6","19.0","11.3","2.6","3.6","12.3","7.0","6.5","6.9","14.8","9.6","62426","23892","89702","19963","(X)","(X)","40.7","(X)","(X)","(X)","368","97","0.0","10.3","0.0","10.3","0.0","10.3","17.1","11.6","24.5","14.4","7.3","9.2","4.1","5.7","19.0","11.3","10.1","10.4","17.9","12.4","-","**","N","N","(X)","(X)","(X)","(X)","(X)","(X)","940","174","23.6","11.2","6.3","4.8","8.4","7.1","2.4","3.1","6.8","4.8","7.4","3.9","16.5","7.6","13.9","5.5","11.1","6.3","3.5","3.2","63000","35098","73854","15591","(X)","(X)","(X)","(X)","37.1","(X)",
"1400000US25025160501","Census Tract 1605.01, Suffolk County, Massachusetts","1949","257","14.3","7.7","6.7","3.5","5.7","3.7","4.7","3.4","8.4","5.4","12.9","6.2","18.2","6.5","16.3","7.3","9.3","6.5","3.5","2.3","62342","25507","75389","10959","61.1","(X)","(X)","(X)","(X)","(X)","1234","210","3.6","4.0","1.0","1.5","6.1","5.9","8.8","5.6","11.3","7.3","13.3","8.3","17.7","7.6","20.7","10.5","14.7","9.9","2.8","2.8","86200","19875","90256","13923","(X)","(X)","59.2","(X)","(X)","(X)","721","162","3.1","5.1","0.0","5.4","2.2","3.1","3.1","4.7","16.0","11.2","13.5","10.7","18.3","10.4","30.5","16.9","8.6","5.9","4.9","5.0","87325","25338","N","N","(X)","(X)","(X)","(X)","(X)","(X)","715","215","32.7","15.7","16.6","8.7","13.0","9.2","9.7","9.0","5.9","5.3","4.3","5.3","11.6","8.8","2.9","2.9","0.0","5.4","3.2","3.4","15331","8959","35721","10756","(X)","(X)","(X)","(X)","60.3","(X)",
"1400000US25025160502","Census Tract 1605.02, Suffolk County, Massachusetts","1818","192","8.4","4.5","6.2","3.6","9.3","5.6","19.5","7.9","4.1","3.3","16.7","7.4","9.7","6.0","15.2","6.3","5.0","3.0","5.9","3.9","53692","16801","70661","9892","52.6","(X)","(X)","(X)","(X)","(X)","1006","172","7.3","5.6","6.2","5.6","10.8","7.6","21.8","10.7","3.7","4.7","12.0","6.4","8.9","7.1","16.9","8.0","5.0","5.0","7.5","6.1","55000","44475","74559","16395","(X)","(X)","53.7","(X)","(X)","(X)","589","142","1.4","2.8","0.0","6.6","4.1","6.2","15.6","12.7","6.3","7.7","16.1","12.1","8.7","9.4","27.7","13.1","7.5","7.9","12.7","10.8","81827","67675","N","N","(X)","(X)","(X)","(X)","(X)","(X)","812","211","13.8","10.1","8.1","6.5","10.3","9.3","16.7","12.7","2.1","2.5","21.6","12.8","10.6","9.9","10.2","7.8","4.9","5.9","1.6","2.5","41250","35097","56395","12488","(X)","(X)","(X)","(X)","45.1","(X)",
"1400000US25025160601","Census Tract 1606.01, Suffolk County, Massachusetts","1582","176","3.6","3.5","2.5","3.2","8.3","3.9","9.1","5.2","7.7","3.8","17.1","7.7","13.2","5.8","21.6","6.9","13.5","6.6","3.4","2.9","77407","20779","88974","9306","49.1","(X)","(X)","(X)","(X)","(X)","893","155","1.3","2.2","3.5","5.4","2.1","3.0","5.8","5.7","8.6","5.7","16.9","8.4","11.0","5.8","26.2","11.6","18.5","10.4","6.0","5.1","101161","24458","106791","13652","(X)","(X)","57.9","(X)","(X)","(X)","508","149","0.0","7.6","0.0","7.6","1.8","2.9","2.4","3.5","12.0","8.7","14.8","12.0","10.4","8.4","23.8","15.7","30.1","17.2","4.7","5.1","115500","33140","N","N","(X)","(X)","(X)","(X)","(X)","(X)","689","153","6.5","7.6","1.2","1.8","17.7","8.6","15.1","10.0","6.5","4.2","22.4","12.6","12.2","8.5","11.5","7.4","7.0","6.7","0.0","5.6","50854","16438","61189","11210","(X)","(X)","(X)","(X)","37.6","(X)",
"1400000US25025160602","Census Tract 1606.02, Suffolk County, Massachusetts","1608","198","7.6","4.5","2.9","2.6","5.9","3.8","8.0","4.8","17.6","9.5","14.1","6.9","14.9","7.1","20.5","6.0","6.3","5.3","2.2","1.9","57222","22756","75625","10165","55.6","(X)","(X)","(X)","(X)","(X)","1038","151","5.2","4.8","3.0","3.3","13.5","7.7","1.3","1.5","13.9","10.4","18.7","8.1","12.1","7.5","22.8","9.4","6.0","5.2","3.5","3.0","64500","16825","81392","11769","(X)","(X)","65.1","(X)","(X)","(X)","715","149","2.2","2.8","0.0","5.4","11.0","7.9","0.8","1.3","15.7","13.9","14.0","9.5","14.5","9.5","28.0","11.5","8.7","7.6","5.0","4.3","89063","27983","N","N","(X)","(X)","(X)","(X)","(X)","(X)","570","170","11.9","8.4","2.8","4.5","2.5","2.7","15.3","11.1","24.4","15.4","17.9","16.9","14.2","10.4","9.1","9.2","1.9","3.3","0.0","6.8","46593","5216","53035","9078","(X)","(X)","(X)","(X)","30.4","(X)",
"1400000US25025170101","Census Tract 1701.01, Suffolk County, Massachusetts","1215","174","4.3","4.8","3.9","6.4","7.2","6.5","2.4","2.7","16.1","11.6","13.9","8.5","7.9","5.7","10.5","6.4","29.6","11.9","4.1","3.9","80508","40077","98011","18068","45.7","(X)","(X)","(X)","(X)","(X)","914","175","0.0","4.3","0.0","4.3","5.5","6.4","8.0","8.1","22.5","14.3","12.6","8.2","5.8","5.0","15.9","10.1","24.3","13.0","5.5","5.1","78250","51418","100280","19365","(X)","(X)","47.2","(X)","(X)","(X)","612","164","0.0","6.3","0.0","6.3","0.0","6.3","4.7","5.3","22.5","15.8","13.7","11.5","8.7","7.4","21.6","14.1","20.6","14.1","8.2","7.8","107643","57784","N","N","(X)","(X)","(X)","(X)","(X)","(X)","301","167","17.3","20.1","15.6","24.1","23.3","24.8","0.0","12.4","0.0","12.4","3.7","6.8","0.0","12.4","10.6","15.8","29.6","28.0","0.0","12.4","-","**","76119","46830","(X)","(X)","(X)","(X)","30.6","(X)",
"1400000US25025170102","Census Tract 1701.02, Suffolk County, Massachusetts","1588","229","6.4","4.3","0.0","2.5","5.6","4.7","4.2","3.7","6.7","4.4","8.9","6.3","29.5","11.6","29.5","10.0","5.7","4.4","3.7","3.2","85519","6059","90399","9864","52.9","(X)","(X)","(X)","(X)","(X)","1142","258","2.5","4.8","0.0","3.4","1.6","2.2","1.3","2.0","17.2","10.0","13.9","9.3","31.6","15.1","20.8","10.9","6.0","5.6","5.2","4.5","84071","5444","90964","11227","(X)","(X)","45.1","(X)","(X)","(X)","875","235","3.3","6.3","0.0","4.5","0.3","0.6","1.7","2.6","6.3","5.1","10.4","9.8","41.3","18.2","25.5","13.8","5.9","6.2","5.3","5.1","86521","11643","N","N","(X)","(X)","(X)","(X)","(X)","(X)","446","145","16.1","15.7","0.0","8.6","15.9","15.0","11.4","12.8","11.4","11.2","0.0","8.6","20.0","16.4","25.1","17.6","0.0","8.6","0.0","8.6","-","**","58299","19367","(X)","(X)","(X)","(X)","48.0","(X)",
"1400000US25025170200","Census Tract 1702, Suffolk County, Massachusetts","1928","283","12.6","10.0","7.6","5.2","12.3","5.7","6.0","3.5","15.0","6.9","16.7","6.5","7.8","4.5","13.5","8.1","2.2","1.6","6.3","3.7","46192","8930","66376","12137","59.8","(X)","(X)","(X)","(X)","(X)","1104","174","7.9","7.4","3.2","2.9","13.2","7.7","6.0","5.1","19.8","10.0","18.8","9.2","10.3","5.1","11.3","6.2","2.8","2.2","6.7","5.4","49750","9840","68686","15139","(X)","(X)","63.5","(X)","(X)","(X)","622","144","1.1","1.7","1.3","2.1","6.9","6.6","7.4","7.9","28.6","16.0","26.8","13.2","9.8","6.6","5.5","5.7","5.0","4.0","7.6","7.3","50763","6434","N","N","(X)","(X)","(X)","(X)","(X)","(X)","824","270","18.8","20.9","13.5","11.0","15.4","10.8","5.9","4.3","8.5","8.8","9.7","7.4","7.4","6.8","16.1","16.4","0.0","4.7","4.6","5.4","31944","25642","57281","22030","(X)","(X)","(X)","(X)","54.9","(X)",
"1400000US25025170301","Census Tract 1703.01, Suffolk County, Massachusetts","2198","365","6.2","6.3","2.3","2.6","1.0","1.7","5.4","4.2","13.5","8.3","8.3","5.5","18.2","9.5","30.1","11.3","6.8","5.4","8.3","4.9","90165","18772","100141","13029","67.3","(X)","(X)","(X)","(X)","(X)","1768","384","6.3","7.6","0.0","2.2","1.2","2.1","6.1","5.7","7.6","5.9","14.0","10.2","11.0","9.1","37.3","13.6","9.6","7.1","6.8","4.0","109727","30961","105042","14309","(X)","(X)","71.5","(X)","(X)","(X)","1145","376","0.0","3.4","0.0","3.4","0.0","3.4","7.1","7.2","11.7","9.1","9.9","9.2","16.9","13.4","39.7","15.7","5.5","6.0","9.3","6.1","110599","27958","N","N","(X)","(X)","(X)","(X)","(X)","(X)","430","169","5.6","8.7","11.9","12.8","0.0","8.9","4.9","7.9","37.9","22.7","9.3","11.8","20.7","17.0","9.8","11.4","0.0","8.9","0.0","8.9","47963","13685","52911","12783","(X)","(X)","(X)","(X)","45.1","(X)",
"1400000US25025170302","Census Tract 1703.02, Suffolk County, Massachusetts","1770","249","23.8","12.9","0.0","2.2","4.9","5.0","0.2","0.5","5.2","4.8","5.6","4.4","18.3","11.7","22.7","7.5","8.4","7.9","11.0","7.6","93125","15340","99368","23764","41.5","(X)","(X)","(X)","(X)","(X)","840","213","21.5","19.0","0.0","4.6","0.0","4.6","0.0","4.6","9.2","10.2","4.6","5.3","18.1","12.8","19.0","8.6","12.1","12.8","15.4","11.9","86546","37918","118610","41805","(X)","(X)","74.2","(X)","(X)","(X)","609","167","10.2","13.1","0.0","6.4","0.0","6.4","0.0","6.4","7.9","11.8","6.4","6.7","20.7","14.4","19.2","10.6","14.4","16.3","21.2","15.2","113585","42509","N","N","(X)","(X)","(X)","(X)","(X)","(X)","930","304","25.9","15.9","0.0","4.2","9.2","9.0","0.4","0.9","1.6","3.0","6.5","6.4","18.5","19.0","25.9","14.0","6.5","7.5","5.5","8.5","93182","39324","79234","23149","(X)","(X)","(X)","(X)","11.9","(X)",
"1400000US25025170400","Census Tract 1704, Suffolk County, Massachusetts","2007","203","6.1","4.9","5.1","4.4","9.0","6.2","10.1","5.1","5.1","3.6","12.6","5.8","14.1","6.9","29.2","7.1","3.6","2.6","5.2","4.7","75787","14563","91014","20172","44.9","(X)","(X)","(X)","(X)","(X)","1189","182","1.0","1.7","0.0","3.3","1.7","2.5","13.4","8.0","5.9","4.9","7.0","4.7","12.6","7.2","44.3","10.4","5.4","4.5","8.7","7.6","110655","15004","121995","29204","(X)","(X)","51.7","(X)","(X)","(X)","853","170","1.4","2.4","0.0","4.6","2.3","3.5","15.8","10.7","1.1","1.8","8.6","6.0","12.7","9.0","43.6","13.2","7.5","5.9","7.0","7.3","113456","27135","N","N","(X)","(X)","(X)","(X)","(X)","(X)","818","185","13.6","11.5","12.5","10.4","19.6","14.4","5.3","5.2","5.9","5.7","18.7","11.8","20.0","15.0","4.5","4.5","0.0","4.8","0.0","4.8","33906","31700","42143","9713","(X)","(X)","(X)","(X)","33.1","(X)",
"1400000US25025170502","Census Tract 1705.02, Suffolk County, Massachusetts","1517","210","4.7","3.0","10.5","5.1","18.2","7.1","9.5","5.2","6.3","4.2","14.6","6.1","5.9","3.3","14.0","6.9","4.5","2.9","11.7","6.6","54688","24372","81264","16005","50.9","(X)","(X)","(X)","(X)","(X)","644","180","8.7","10.6","0.0","6.0","9.6","9.3","1.2","1.7","9.0","11.1","12.1","7.6","8.9","6.2","21.9","12.6","6.1","4.8","22.5","13.8","104000","57663","117647","29335","(X)","(X)","38.5","(X)","(X)","(X)","426","166","0.0","9.0","0.0","9.0","10.6","13.1","0.7","1.4","6.3","9.8","9.6","9.0","3.1","3.4","30.5","16.8","9.2","7.4","30.0","19.8","126957","38709","N","N","(X)","(X)","(X)","(X)","(X)","(X)","873","162","6.6","5.0","13.5","6.5","24.5","9.0","15.6","8.5","7.9","5.9","16.4","8.2","5.0","4.7","3.4","3.4","3.3","3.6","3.7","3.0","28156","5940","49928","9026","(X)","(X)","(X)","(X)","55.2","(X)",
"1400000US25025170503","Census Tract 1705.03, Suffolk County, Massachusetts","689","66","7.7","8.1","1.5","2.4","16.3","13.0","5.1","4.7","4.6","4.5","13.2","8.7","10.7","6.6","21.0","10.0","7.3","7.3","12.6","11.7","90159","43642","103346","29791","41.8","(X)","(X)","(X)","(X)","(X)","380","80","9.2","11.6","0.0","10.0","6.8","14.4","2.1","3.3","0.0","10.0","13.9","9.3","0.0","10.0","34.2","15.8","13.2","14.2","20.5","19.6","119643","23924","142009","49535","(X)","(X)","50.3","(X)","(X)","(X)","185","116","4.9","8.3","0.0","19.3","3.2","26.1","4.3","7.5","0.0","19.3","11.4","13.9","0.0","19.3","43.2","33.4","27.0","21.6","5.9","10.6","133105","14535","N","N","(X)","(X)","(X)","(X)","(X)","(X)","309","85","5.8","9.4","3.2","5.4","27.8","18.5","8.7","9.8","10.4","10.4","22.7","16.3","13.6","11.1","4.9","5.4","0.0","12.1","2.9","5.0","39911","24294","53626","18704","(X)","(X)","(X)","(X)","21.0","(X)",
"1400000US25025170504","Census Tract 1705.04, Suffolk County, Massachusetts","1265","165","10.5","6.1","1.7","1.8","0.0","3.1","6.2","5.6","7.5","4.9","9.2","6.3","14.2","7.2","27.9","9.8","14.7","8.6","8.1","4.2","101397","23350","110262","15929","37.7","(X)","(X)","(X)","(X)","(X)","585","163","0.0","6.6","2.1","3.1","0.0","6.6","3.6","4.3","8.4","7.9","11.3","10.2","16.8","12.6","33.8","15.6","11.8","11.4","12.3","7.5","120917","27738","135466","28940","(X)","(X)","49.9","(X)","(X)","(X)","485","152","0.0","7.9","0.0","7.9","0.0","7.9","4.3","5.2","7.6","8.0","9.3","11.3","20.2","14.4","32.2","17.4","14.2","13.5","12.2","8.4","121250","28826","N","N","(X)","(X)","(X)","(X)","(X)","(X)","680","192","19.6","10.4","1.3","2.1","0.0","5.7","8.4","9.9","8.5","7.7","7.4","6.7","10.3","8.1","22.8","13.6","17.2","12.8","4.6","5.3","89091","44074","87949","18503","(X)","(X)","(X)","(X)","27.2","(X)",
"1400000US25025170601","Census Tract 1706.01, Suffolk County, Massachusetts","1831","161","5.1","3.0","2.5","2.2","5.9","4.0","5.6","3.5","12.0","5.5","17.9","6.7","8.7","3.9","14.8","5.4","13.7","6.2","13.9","6.0","76741","20089","110110","15181","53.0","(X)","(X)","(X)","(X)","(X)","1373","158","0.8","1.0","1.7","1.7","2.6","3.1","3.0","3.3","13.0","6.7","20.0","7.6","13.7","7.3","20.8","6.4","12.4","5.6","11.9","7.2","94477","8655","111659","14705","(X)","(X)","56.4","(X)","(X)","(X)","887","200","1.2","1.6","0.7","1.0","2.8","4.6","3.2","4.8","9.7","6.9","20.3","9.3","9.4","5.8","26.0","8.0","11.5","6.4","15.2","10.0","109375","45628","N","N","(X)","(X)","(X)","(X)","(X)","(X)","458","109","18.1","10.3","4.6","7.0","15.7","11.7","13.3","10.6","8.7","7.3","12.2","9.4","12.9","11.0","6.3","5.7","2.0","2.9","6.1","6.8","30962","10835","64875","23710","(X)","(X)","(X)","(X)","32.1","(X)",
"1400000US25025170701","Census Tract 1707.01, Suffolk County, Massachusetts","878","117","4.3","4.1","11.8","8.3","5.9","4.4","4.2","3.7","10.6","6.4","13.8","6.3","15.1","6.1","18.3","8.9","7.2","6.1","8.7","4.6","73125","37437","99095","26121","47.4","(X)","(X)","(X)","(X)","(X)","501","119","0.0","7.7","9.6","8.7","3.8","4.6","3.0","4.6","12.4","9.5","14.0","8.8","13.8","8.4","22.6","13.4","8.0","9.0","13.0","7.3","92292","19628","120806","41045","(X)","(X)","56.3","(X)","(X)","(X)","369","113","0.0","10.3","0.0","10.3","2.4","5.4","4.1","6.2","13.0","11.9","12.5","9.8","16.5","11.2","23.0","16.0","10.8","11.7","17.6","9.8","102930","24318","N","N","(X)","(X)","(X)","(X)","(X)","(X)","377","101","10.1","9.5","14.9","14.5","8.8","7.9","5.8","6.2","8.2","7.1","17.0","11.6","13.5","8.1","17.5","13.9","1.3","2.0","2.9","3.2","54432","30331","66420","18882","(X)","(X)","(X)","(X)","35.5","(X)",
"1400000US25025170702","Census Tract 1707.02, Suffolk County, Massachusetts","2242","308","8.3","6.8","8.5","5.3","10.5","7.9","5.3","4.2","15.5","6.4","21.2","9.0","4.5","3.7","10.9","6.8","11.6","6.6","3.6","4.5","51193","7749","73434","14885","54.2","(X)","(X)","(X)","(X)","(X)","1443","311","6.1","6.2","12.0","8.7","8.7","11.2","9.3","7.2","19.1","8.6","23.1","11.9","0.9","1.6","4.9","5.1","10.5","7.2","5.5","7.0","46537","13371","67810","17079","(X)","(X)","60.0","(X)","(X)","(X)","874","220","2.1","3.4","12.0","11.0","0.0","4.5","11.7","10.5","13.3","10.7","28.6","15.4","1.5","2.7","5.7","7.7","16.0","9.9","9.2","11.4","56543","19419","N","N","(X)","(X)","(X)","(X)","(X)","(X)","799","241","21.0","16.2","8.0","6.1","8.1","10.3","2.0","3.6","6.8","6.6","13.5","12.3","11.1","10.5","21.9","15.1","7.5","10.8","0.0","4.9","53901","36341","65413","20000","(X)","(X)","(X)","(X)","35.2","(X)",
"1400000US25025170800","Census Tract 1708, Suffolk County, Massachusetts","2519","392","8.1","6.3","11.7","9.0","6.2","4.4","5.7","4.7","11.0","7.0","17.0","7.9","4.4","3.2","17.0","8.8","11.8","6.5","7.2","5.8","60124","12668","80896","12409","58.8","(X)","(X)","(X)","(X)","(X)","1565","243","11.4","10.2","2.4","3.2","2.6","3.0","3.4","3.8","9.1","7.2","21.3","11.5","10.2","7.7","17.3","9.7","17.6","9.1","4.8","4.9","74940","13439","92464","14210","(X)","(X)","54.3","(X)","(X)","(X)","972","228","0.0","4.0","1.4","2.6","4.2","4.7","5.5","5.8","11.0","10.1","13.4","11.1","6.3","6.4","27.8","13.2","22.7","12.0","7.7","8.3","121106","36765","N","N","(X)","(X)","(X)","(X)","(X)","(X)","954","370","16.6","17.3","26.9","19.4","12.1","10.9","9.4","10.8","1.9","3.2","21.8","12.0","0.0","4.1","0.0","4.1","2.2","4.0","9.1","12.8","20134","17819","44549","24266","(X)","(X)","(X)","(X)","55.0","(X)",
"1400000US25025180101","Census Tract 1801.01, Suffolk County, Massachusetts","2442","239","1.5","1.5","10.4","4.6","8.5","5.1","1.7","1.6","9.5","5.6","14.8","7.6","13.8","5.2","17.1","7.4","8.2","4.1","14.5","7.1","78778","9065","104819","14531","42.4","(X)","(X)","(X)","(X)","(X)","1292","257","0.5","0.8","1.0","1.8","6.5","6.7","0.0","3.0","4.8","6.9","19.6","11.6","11.2","6.6","23.6","10.7","12.8","7.5","20.0","9.7","105227","49475","137342","21095","(X)","(X)","49.9","(X)","(X)","(X)","914","215","0.0","4.3","1.4","2.5","3.1","3.3","0.0","4.3","6.8","9.3","7.0","8.4","11.4","8.3","24.9","13.4","17.2","10.5","28.2","13.7","132218","35391","N","N","(X)","(X)","(X)","(X)","(X)","(X)","1150","288","2.6","3.2","21.0","8.6","10.7","8.5","3.6","3.4","14.9","8.9","9.5","7.1","16.8","10.0","9.8","9.7","3.0","3.9","8.3","11.5","43900","14381","68280","23566","(X)","(X)","(X)","(X)","34.0","(X)",
"1400000US25025180200","Census Tract 1802, Suffolk County, Massachusetts","1856","175","5.1","4.2","2.4","2.4","9.9","8.1","6.5","4.0","4.3","3.3","19.2","6.6","14.7","6.3","11.6","4.1","7.2","4.3","19.2","5.2","77049","10978","105121","12384","39.2","(X)","(X)","(X)","(X)","(X)","1073","138","5.9","6.0","0.0","3.7","3.6","5.6","2.5","3.5","1.3","1.6","21.0","10.0","14.7","7.0","15.4","6.3","12.1","7.2","23.5","7.2","102386","26670","124995","14230","(X)","(X)","46.6","(X)","(X)","(X)","748","138","0.0","5.2","0.0","5.2","5.2","8.1","0.0","5.2","1.9","2.3","19.8","11.0","10.6","8.5","18.2","7.5","14.8","8.9","29.5","9.9","131538","31159","N","N","(X)","(X)","(X)","(X)","(X)","(X)","783","197","4.0","6.1","5.6","5.9","18.4","16.1","11.9","8.4","8.4","7.2","16.9","9.8","16.3","11.0","7.5","5.5","1.8","2.8","9.2","7.4","53850","27619","72953","20366","(X)","(X)","(X)","(X)","29.0","(X)",
"1400000US25025180301","Census Tract 1803.01, Suffolk County, Massachusetts","1187","107","5.3","5.9","2.4","3.4","5.7","4.5","4.1","4.0","12.5","7.0","5.5","3.5","11.2","5.3","24.7","7.8","11.5","5.3","17.2","7.5","108661","19717","124500","20386","43.9","(X)","(X)","(X)","(X)","(X)","758","113","0.9","1.5","0.0","5.1","6.2","6.4","0.0","5.1","8.2","6.6","3.7","3.8","16.4","7.7","26.0","10.0","16.5","8.0","22.2","9.2","126250","20671","154571","25244","(X)","(X)","43.5","(X)","(X)","(X)","641","128","1.1","1.8","0.0","6.0","3.3","4.8","0.0","6.0","7.8","7.1","2.3","2.9","16.7","8.6","26.4","10.6","16.2","8.6","26.2","11.0","134135","25910","N","N","(X)","(X)","(X)","(X)","(X)","(X)","429","110","13.1","16.1","6.5","9.3","4.9","5.4","11.4","10.9","20.0","16.8","8.6","7.0","2.1","3.2","22.4","14.7","2.6","4.7","8.4","13.1","45729","34511","71369","28440","(X)","(X)","(X)","(X)","44.5","(X)",
"1400000US25025180400","Census Tract 1804, Suffolk County, Massachusetts","823","99","0.6","1.1","6.9","5.7","5.3","4.1","5.1","4.7","3.4","2.8","17.3","7.6","9.0","4.7","17.3","6.3","10.3","4.8","24.8","8.3","103977","21307","128985","18694","37.9","(X)","(X)","(X)","(X)","(X)","422","87","0.0","9.0","0.0","9.0","0.0","9.0","1.2","1.9","5.0","5.2","13.0","10.2","7.8","6.0","29.1","11.6","15.2","8.1","28.7","13.6","134397","32281","150577","22936","(X)","(X)","51.4","(X)","(X)","(X)","302","81","0.0","12.4","0.0","12.4","0.0","12.4","0.0","12.4","0.0","12.4","6.0","8.4","7.0","6.6","25.8","11.9","21.2","10.8","40.1","16.5","181250","27571","N","N","(X)","(X)","(X)","(X)","(X)","(X)","401","100","1.2","2.3","14.2","11.2","11.0","8.5","9.2","9.0","1.7","2.0","21.7","11.5","10.2","7.4","9.2","8.0","5.2","4.2","16.2","10.4","60917","16486","103283","31507","(X)","(X)","(X)","(X)","23.7","(X)",
"1400000US25025180500","Census Tract 1805, Suffolk County, Massachusetts","1934","273","1.2","1.5","2.7","2.6","2.4","1.9","6.7","3.9","10.8","6.8","11.8","4.6","16.1","5.9","22.9","9.5","12.2","4.6","13.3","6.0","94041","21775","117760","14331","36.8","(X)","(X)","(X)","(X)","(X)","1018","136","1.7","2.6","0.5","0.9","1.0","1.6","7.9","6.7","10.7","8.4","5.3","4.3","20.3","8.2","15.5","7.7","20.3","7.9","16.8","9.5","101350","42417","129709","22672","(X)","(X)","44.5","(X)","(X)","(X)","641","133","0.0","6.0","0.8","1.4","0.0","6.0","4.1","4.6","4.5","5.1","3.1","4.8","15.9","9.7","19.8","11.3","26.7","9.1","25.1","13.4","150599","17268","N","N","(X)","(X)","(X)","(X)","(X)","(X)","916","278","0.8","1.4","5.1","5.3","3.9","3.8","5.3","3.9","15.3","11.7","19.0","9.3","9.2","5.0","28.9","16.5","3.1","3.6","9.4","7.3","80481","28232","99953","21464","(X)","(X)","(X)","(X)","24.7","(X)",
"1400000US25025980101","Census Tract 9801.01, Suffolk County, Massachusetts","0","13","-","**","-","**","-","**","-","**","-","**","-","**","-","**","-","**","-","**","-","**","-","**","-","**","-","(X)","(X)","(X)","(X)","(X)","0","13","-","**","-","**","-","**","-","**","-","**","-","**","-","**","-","**","-","**","-","**","-","**","-","**","(X)","(X)","-","(X)","(X)","(X)","0","13","-","**","-","**","-","**","-","**","-","**","-","**","-","**","-","**","-","**","-","**","-","**","-","**","(X)","(X)","(X)","(X)","(X)","(X)","0","13","-","**","-","**","-","**","-","**","-","**","-","**","-","**","-","**","-","**","-","**","-","**","-","**","(X)","(X)","(X)","(X)","-","(X)",
"1400000US25025980300","Census Tract 9803, Suffolk County, Massachusetts","0","13","-","**","-","**","-","**","-","**","-","**","-","**","-","**","-","**","-","**","-","**","-","**","-","**","-","(X)","(X)","(X)","(X)","(X)","0","13","-","**","-","**","-","**","-","**","-","**","-","**","-","**","-","**","-","**","-","**","-","**","-","**","(X)","(X)","-","(X)","(X)","(X)","0","13","-","**","-","**","-","**","-","**","-","**","-","**","-","**","-","**","-","**","-","**","-","**","-","**","(X)","(X)","(X)","(X)","(X)","(X)","0","13","-","**","-","**","-","**","-","**","-","**","-","**","-","**","-","**","-","**","-","**","-","**","-","**","(X)","(X)","(X)","(X)","-","(X)",
"1400000US25025980700","Census Tract 9807, Suffolk County, Massachusetts","0","13","-","**","-","**","-","**","-","**","-","**","-","**","-","**","-","**","-","**","-","**","-","**","-","**","-","(X)","(X)","(X)","(X)","(X)","0","13","-","**","-","**","-","**","-","**","-","**","-","**","-","**","-","**","-","**","-","**","-","**","-","**","(X)","(X)","-","(X)","(X)","(X)","0","13","-","**","-","**","-","**","-","**","-","**","-","**","-","**","-","**","-","**","-","**","-","**","-","**","(X)","(X)","(X)","(X)","(X)","(X)","0","13","-","**","-","**","-","**","-","**","-","**","-","**","-","**","-","**","-","**","-","**","-","**","-","**","(X)","(X)","(X)","(X)","-","(X)",
"1400000US25025980900","Census Tract 9809, Suffolk County, Massachusetts","0","13","-","**","-","**","-","**","-","**","-","**","-","**","-","**","-","**","-","**","-","**","-","**","-","**","-","(X)","(X)","(X)","(X)","(X)","0","13","-","**","-","**","-","**","-","**","-","**","-","**","-","**","-","**","-","**","-","**","-","**","-","**","(X)","(X)","-","(X)","(X)","(X)","0","13","-","**","-","**","-","**","-","**","-","**","-","**","-","**","-","**","-","**","-","**","-","**","-","**","(X)","(X)","(X)","(X)","(X)","(X)","0","13","-","**","-","**","-","**","-","**","-","**","-","**","-","**","-","**","-","**","-","**","-","**","-","**","(X)","(X)","(X)","(X)","-","(X)",
"1400000US25025981000","Census Tract 9810, Suffolk County, Massachusetts","13","20","0.0","91.2","0.0","91.2","0.0","91.2","0.0","91.2","0.0","91.2","0.0","91.2","100.0","91.2","0.0","91.2","0.0","91.2","0.0","91.2","-","**","N","N","0.0","(X)","(X)","(X)","(X)","(X)","0","13","-","**","-","**","-","**","-","**","-","**","-","**","-","**","-","**","-","**","-","**","-","**","-","**","(X)","(X)","-","(X)","(X)","(X)","0","13","-","**","-","**","-","**","-","**","-","**","-","**","-","**","-","**","-","**","-","**","-","**","-","**","(X)","(X)","(X)","(X)","(X)","(X)","13","20","0.0","91.2","0.0","91.2","0.0","91.2","0.0","91.2","0.0","91.2","0.0","91.2","100.0","91.2","0.0","91.2","0.0","91.2","0.0","91.2","-","**","N","N","(X)","(X)","(X)","(X)","0.0","(X)",
"1400000US25025981100","Census Tract 9811, Suffolk County, Massachusetts","4","7","0.0","100.0","0.0","100.0","0.0","100.0","0.0","100.0","0.0","100.0","100.0","100.0","0.0","100.0","0.0","100.0","0.0","100.0","0.0","100.0","-","**","N","N","100.0","(X)","(X)","(X)","(X)","(X)","0","13","-","**","-","**","-","**","-","**","-","**","-","**","-","**","-","**","-","**","-","**","-","**","-","**","(X)","(X)","-","(X)","(X)","(X)","0","13","-","**","-","**","-","**","-","**","-","**","-","**","-","**","-","**","-","**","-","**","-","**","-","**","(X)","(X)","(X)","(X)","(X)","(X)","4","7","0.0","100.0","0.0","100.0","0.0","100.0","0.0","100.0","0.0","100.0","100.0","100.0","0.0","100.0","0.0","100.0","0.0","100.0","0.0","100.0","-","**","N","N","(X)","(X)","(X)","(X)","100.0","(X)",
"1400000US25025981201","Census Tract 9812.01, Suffolk County, Massachusetts","0","13","-","**","-","**","-","**","-","**","-","**","-","**","-","**","-","**","-","**","-","**","-","**","-","**","-","(X)","(X)","(X)","(X)","(X)","0","13","-","**","-","**","-","**","-","**","-","**","-","**","-","**","-","**","-","**","-","**","-","**","-","**","(X)","(X)","-","(X)","(X)","(X)","0","13","-","**","-","**","-","**","-","**","-","**","-","**","-","**","-","**","-","**","-","**","-","**","-","**","(X)","(X)","(X)","(X)","(X)","(X)","0","13","-","**","-","**","-","**","-","**","-","**","-","**","-","**","-","**","-","**","-","**","-","**","-","**","(X)","(X)","(X)","(X)","-","(X)",
"1400000US25025981202","Census Tract 9812.02, Suffolk County, Massachusetts","0","13","-","**","-","**","-","**","-","**","-","**","-","**","-","**","-","**","-","**","-","**","-","**","-","**","-","(X)","(X)","(X)","(X)","(X)","0","13","-","**","-","**","-","**","-","**","-","**","-","**","-","**","-","**","-","**","-","**","-","**","-","**","(X)","(X)","-","(X)","(X)","(X)","0","13","-","**","-","**","-","**","-","**","-","**","-","**","-","**","-","**","-","**","-","**","-","**","-","**","(X)","(X)","(X)","(X)","(X)","(X)","0","13","-","**","-","**","-","**","-","**","-","**","-","**","-","**","-","**","-","**","-","**","-","**","-","**","(X)","(X)","(X)","(X)","-","(X)",
"1400000US25025981300","Census Tract 9813, Suffolk County, Massachusetts","4","6","0.0","100.0","0.0","100.0","0.0","100.0","0.0","100.0","0.0","100.0","0.0","100.0","0.0","100.0","0.0","100.0","100.0","100.0","0.0","100.0","-","**","N","N","0.0","(X)","(X)","(X)","(X)","(X)","0","13","-","**","-","**","-","**","-","**","-","**","-","**","-","**","-","**","-","**","-","**","-","**","-","**","(X)","(X)","-","(X)","(X)","(X)","0","13","-","**","-","**","-","**","-","**","-","**","-","**","-","**","-","**","-","**","-","**","-","**","-","**","(X)","(X)","(X)","(X)","(X)","(X)","4","6","0.0","100.0","0.0","100.0","0.0","100.0","0.0","100.0","0.0","100.0","0.0","100.0","0.0","100.0","0.0","100.0","100.0","100.0","0.0","100.0","-","**","N","N","(X)","(X)","(X)","(X)","0.0","(X)",
"1400000US25025981501","Census Tract 9815.01, Suffolk County, Massachusetts","0","13","-","**","-","**","-","**","-","**","-","**","-","**","-","**","-","**","-","**","-","**","-","**","-","**","-","(X)","(X)","(X)","(X)","(X)","0","13","-","**","-","**","-","**","-","**","-","**","-","**","-","**","-","**","-","**","-","**","-","**","-","**","(X)","(X)","-","(X)","(X)","(X)","0","13","-","**","-","**","-","**","-","**","-","**","-","**","-","**","-","**","-","**","-","**","-","**","-","**","(X)","(X)","(X)","(X)","(X)","(X)","0","13","-","**","-","**","-","**","-","**","-","**","-","**","-","**","-","**","-","**","-","**","-","**","-","**","(X)","(X)","(X)","(X)","-","(X)",
"1400000US25025981502","Census Tract 9815.02, Suffolk County, Massachusetts","0","13","-","**","-","**","-","**","-","**","-","**","-","**","-","**","-","**","-","**","-","**","-","**","-","**","-","(X)","(X)","(X)","(X)","(X)","0","13","-","**","-","**","-","**","-","**","-","**","-","**","-","**","-","**","-","**","-","**","-","**","-","**","(X)","(X)","-","(X)","(X)","(X)","0","13","-","**","-","**","-","**","-","**","-","**","-","**","-","**","-","**","-","**","-","**","-","**","-","**","(X)","(X)","(X)","(X)","(X)","(X)","0","13","-","**","-","**","-","**","-","**","-","**","-","**","-","**","-","**","-","**","-","**","-","**","-","**","(X)","(X)","(X)","(X)","-","(X)",
"1400000US25025981600","Census Tract 9816, Suffolk County, Massachusetts","0","13","-","**","-","**","-","**","-","**","-","**","-","**","-","**","-","**","-","**","-","**","-","**","-","**","-","(X)","(X)","(X)","(X)","(X)","0","13","-","**","-","**","-","**","-","**","-","**","-","**","-","**","-","**","-","**","-","**","-","**","-","**","(X)","(X)","-","(X)","(X)","(X)","0","13","-","**","-","**","-","**","-","**","-","**","-","**","-","**","-","**","-","**","-","**","-","**","-","**","(X)","(X)","(X)","(X)","(X)","(X)","0","13","-","**","-","**","-","**","-","**","-","**","-","**","-","**","-","**","-","**","-","**","-","**","-","**","(X)","(X)","(X)","(X)","-","(X)",
"1400000US25025981700","Census Tract 9817, Suffolk County, Massachusetts","0","13","-","**","-","**","-","**","-","**","-","**","-","**","-","**","-","**","-","**","-","**","-","**","-","**","-","(X)","(X)","(X)","(X)","(X)","0","13","-","**","-","**","-","**","-","**","-","**","-","**","-","**","-","**","-","**","-","**","-","**","-","**","(X)","(X)","-","(X)","(X)","(X)","0","13","-","**","-","**","-","**","-","**","-","**","-","**","-","**","-","**","-","**","-","**","-","**","-","**","(X)","(X)","(X)","(X)","(X)","(X)","0","13","-","**","-","**","-","**","-","**","-","**","-","**","-","**","-","**","-","**","-","**","-","**","-","**","(X)","(X)","(X)","(X)","-","(X)",
"1400000US25025981800","Census Tract 9818, Suffolk County, Massachusetts","27","24","0.0","63.3","0.0","63.3","0.0","63.3","0.0","63.3","0.0","63.3","44.4","47.0","18.5","27.8","0.0","63.3","0.0","63.3","37.0","45.7","-","**","458922","486944","44.4","(X)","(X)","(X)","(X)","(X)","17","19","0.0","79.8","0.0","79.8","0.0","79.8","0.0","79.8","0.0","79.8","70.6","44.5","29.4","44.5","0.0","79.8","0.0","79.8","0.0","79.8","-","**","N","N","(X)","(X)","70.6","(X)","(X)","(X)","5","7","0.0","100.0","0.0","100.0","0.0","100.0","0.0","100.0","0.0","100.0","0.0","100.0","100.0","100.0","0.0","100.0","0.0","100.0","0.0","100.0","-","**","N","N","(X)","(X)","(X)","(X)","(X)","(X)","10","15","0.0","100.0","0.0","100.0","0.0","100.0","0.0","100.0","0.0","100.0","0.0","100.0","0.0","100.0","0.0","100.0","0.0","100.0","100.0","100.0","-","**","N","N","(X)","(X)","(X)","(X)","0.0","(X)",
"1400000US25025981900","Census Tract 9819, Suffolk County, Massachusetts","0","13","-","**","-","**","-","**","-","**","-","**","-","**","-","**","-","**","-","**","-","**","-","**","-","**","-","(X)","(X)","(X)","(X)","(X)","0","13","-","**","-","**","-","**","-","**","-","**","-","**","-","**","-","**","-","**","-","**","-","**","-","**","(X)","(X)","-","(X)","(X)","(X)","0","13","-","**","-","**","-","**","-","**","-","**","-","**","-","**","-","**","-","**","-","**","-","**","-","**","(X)","(X)","(X)","(X)","(X)","(X)","0","13","-","**","-","**","-","**","-","**","-","**","-","**","-","**","-","**","-","**","-","**","-","**","-","**","(X)","(X)","(X)","(X)","-","(X)",
"1400000US25025990101","Census Tract 9901.01, Suffolk County, Massachusetts","0","13","-","**","-","**","-","**","-","**","-","**","-","**","-","**","-","**","-","**","-","**","-","**","-","**","-","(X)","(X)","(X)","(X)","(X)","0","13","-","**","-","**","-","**","-","**","-","**","-","**","-","**","-","**","-","**","-","**","-","**","-","**","(X)","(X)","-","(X)","(X)","(X)","0","13","-","**","-","**","-","**","-","**","-","**","-","**","-","**","-","**","-","**","-","**","-","**","-","**","(X)","(X)","(X)","(X)","(X)","(X)","0","13","-","**","-","**","-","**","-","**","-","**","-","**","-","**","-","**","-","**","-","**","-","**","-","**","(X)","(X)","(X)","(X)","-","(X)",
