"GEO_ID","NAME","S1901_C01_001E","S1901_C01_001M","S1901_C01_002E","S1901_C01_002M","S1901_C01_003E","S1901_C01_003M","S1901_C01_004E","S1901_C01_004M","S1901_C01_005E","S1901_C01_005M","S1901_C01_006E","S1901_C01_006M","S1901_C01_007E","S1901_C01_007M","S1901_C01_008E","S1901_C01_008M","S1901_C01_009E","S1901_C01_009M","S1901_C01_010E","S1901_C01_010M","S1901_C01_011E","S1901_C01_011M","S1901_C01_012E","S1901_C01_012M","S1901_C01_013E","S1901_C01_013M","S1901_C01_014E","S1901_C01_014M","S1901_C01_015E","S1901_C01_015M","S1901_C01_016E","S1901_C01_016M","S1901_C02_001E","S1901_C02_001M","S1901_C02_002E","S1901_C02_002M","S1901_C02_003E","S1901_C02_003M","S1901_C02_004E","S1901_C02_004M","S1901_C02_005E","S1901_C02_005M","S1901_C02_006E","S1901_C02_006M","S1901_C02_007E","S1901_C02_007M","S1901_C02_008E","S1901_C02_008M","S1901_C02_009E","S1901_C02_009M","S1901_C02_010E","S1901_C02_010M","S1901_C02_011E","S1901_C02_011M","S1901_C02_012E","S1901_C02_012M","S1901_C02_013E","S1901_C02_013M","S1901_C02_014E","S1901_C02_014M","S1901_C02_015E","S1901_C02_015M","S1901_C02_016E","S1901_C02_016M","S1901_C03_001E","S1901_C03_001M","S1901_C03_002E","S1901_C03_002M","S1901_C03_003E","S1901_C03_003M","S1901_C03_004E","S1901_C03_004M","S1901_C03_005E","S1901_C03_005M","S1901_C03_006E","S1901_C03_006M","S1901_C03_007E","S1901_C03_007M","S1901_C03_008E","S1901_C03_008M","S1901_C03_009E","S1901_C03_009M","S1901_C03_010E","S1901_C03_010M","S1901_C03_011E","S1901_C03_011M","S1901_C03_012E","S1901_C03_012M","S1901_C03_013E","S1901_C03_013M","S1901_C03_014E","S1901_C03_014M","S1901_C03_015E","S1901_C03_015M","S1901_C03_016E","S1901_C03_016M","S1901_C04_001E","S1901_C04_001M","S1901_C04_002E","S1901_C04_002M","S1901_C04_003E","S1901_C04_003M","S1901_C04_004E","S1901_C04_004M","S1901_C04_005E","S1901_C04_005M","S1901_C04_006E","S1901_C04_006M","S1901_C04_007E","S1901_C04_007M","S1901_C04_008E","S1901_C04_008M","S1901_C04_009E","S1901_C04_009M","S1901_C04_010E","S1901_C04_010M","S1901_C04_011E","S1901_C04_011M","S1901_C04_012E","S1901_C04_012M","S1901_C04_013E","S1901_C04_013M","S1901_C04_014E","S1901_C04_014M","S1901_C04_015E","S1901_C04_015M","S1901_C04_016E","S1901_C04_016M",
"Geography","Geographic Area Name","Estimate!!Households!!Total","Margin of Error!!Households!!Total","Estimate!!Households!!Total!!Less than $10,000","Margin of Error!!Households!!Total!!Less than $10,000","Estimate!!Households!!Total!!$10,000 to $14,999","Margin of Error!!Households!!Total!!$10,000 to $14,999","Estimate!!Households!!Total!!$15,000 to $24,999","Margin of Error!!Households!!Total!!$15,000 to $24,999","Estimate!!Households!!Total!!$25,000 to $34,999","Margin of Error!!Households!!Total!!$25,000 to $34,999","Estimate!!Households!!Total!!$35,000 to $49,999","Margin of Error!!Households!!Total!!$35,000 to $49,999","Estimate!!Households!!Total!!$50,000 to $74,999","Margin of Error!!Households!!Total!!$50,000 to $74,999","Estimate!!Households!!Total!!$75,000 to $99,999","Margin of Error!!Households!!Total!!$75,000 to $99,999","Estimate!!Households!!Total!!$100,000 to $149,999","Margin of Error!!Households!!Total!!$100,000 to $149,999","Estimate!!Households!!Total!!$150,000 to $199,999","Margin of Error!!Households!!Total!!$150,000 to $199,999","Estimate!!Households!!Total!!$200,000 or more","Margin of Error!!Households!!Total!!$200,000 or more","Estimate!!Households!!Median income (dollars)","Margin of Error!!Households!!Median income (dollars)","Estimate!!Households!!Mean income (dollars)","Margin of Error!!Households!!Mean income (dollars)","Estimate!!Households!!PERCENT ALLOCATED!!Household income in the past 12 months","Margin of Error!!Households!!PERCENT ALLOCATED!!Household income in the past 12 months","Estimate!!Households!!PERCENT ALLOCATED!!Family income in the past 12 months","Margin of Error!!Households!!PERCENT ALLOCATED!!Family income in the past 12 months","Estimate!!Households!!PERCENT ALLOCATED!!Nonfamily income in the past 12 months","Margin of Error!!Households!!PERCENT ALLOCATED!!Nonfamily income in the past 12 months","Estimate!!Families!!Total","Margin of Error!!Families!!Total","Estimate!!Families!!Total!!Less than $10,000","Margin of Error!!Families!!Total!!Less than $10,000","Estimate!!Families!!Total!!$10,000 to $14,999","Margin of Error!!Families!!Total!!$10,000 to $14,999","Estimate!!Families!!Total!!$15,000 to $24,999","Margin of Error!!Families!!Total!!$15,000 to $24,999","Estimate!!Families!!Total!!$25,000 to $34,999","Margin of Error!!Families!!Total!!$25,000 to $34,999","Estimate!!Families!!Total!!$35,000 to $49,999","Margin of Error!!Families!!Total!!$35,000 to $49,999","Estimate!!Families!!Total!!$50,000 to $74,999","Margin of Error!!Families!!Total!!$50,000 to $74,999","Estimate!!Families!!Total!!$75,000 to $99,999","Margin of Error!!Families!!Total!!$75,000 to $99,999","Estimate!!Families!!Total!!$100,000 to $149,999","Margin of Error!!Families!!Total!!$100,000 to $149,999","Estimate!!Families!!Total!!$150,000 to $199,999","Margin of Error!!Families!!Total!!$150,000 to $199,999","Estimate!!Families!!Total!!$200,000 or more","Margin of Error!!Families!!Total!!$200,000 or more","Estimate!!Families!!Median income (dollars)","Margin of Error!!Families!!Median income (dollars)","Estimate!!Families!!Mean income (dollars)","Margin of Error!!Families!!Mean income (dollars)","Estimate!!Families!!PERCENT ALLOCATED!!Household income in the past 12 months","Margin of Error!!Families!!PERCENT ALLOCATED!!Household income in the past 12 months","Estimate!!Families!!PERCENT ALLOCATED!!Family income in the past 12 months","Margin of Error!!Families!!PERCENT ALLOCATED!!Family income in the past 12 months","Estimate!!Families!!PERCENT ALLOCATED!!Nonfamily income in the past 12 months","Margin of Error!!Families!!PERCENT ALLOCATED!!Nonfamily income in the past 12 months","Estimate!!Married-couple families!!Total","Margin of Error!!Married-couple families!!Total","Estimate!!Married-couple families!!Total!!Less than $10,000","Margin of Error!!Married-couple families!!Total!!Less than $10,000","Estimate!!Married-couple families!!Total!!$10,000 to $14,999","Margin of Error!!Married-couple families!!Total!!$10,000 to $14,999","Estimate!!Married-couple families!!Total!!$15,000 to $24,999","Margin of Error!!Married-couple families!!Total!!$15,000 to $24,999","Estimate!!Married-couple families!!Total!!$25,000 to $34,999","Margin of Error!!Married-couple families!!Total!!$25,000 to $34,999","Estimate!!Married-couple families!!Total!!$35,000 to $49,999","Margin of Error!!Married-couple families!!Total!!$35,000 to $49,999","Estimate!!Married-couple families!!Total!!$50,000 to $74,999","Margin of Error!!Married-couple families!!Total!!$50,000 to $74,999","Estimate!!Married-couple families!!Total!!$75,000 to $99,999","Margin of Error!!Married-couple families!!Total!!$75,000 to $99,999","Estimate!!Married-couple families!!Total!!$100,000 to $149,999","Margin of Error!!Married-couple families!!Total!!$100,000 to $149,999","Estimate!!Married-couple families!!Total!!$150,000 to $199,999","Margin of Error!!Married-couple families!!Total!!$150,000 to $199,999","Estimate!!Married-couple families!!Total!!$200,000 or more","Margin of Error!!Married-couple families!!Total!!$200,000 or more","Estimate!!Married-couple families!!Median income (dollars)","Margin of Error!!Married-couple families!!Median income (dollars)","Estimate!!Married-couple families!!Mean income (dollars)","Margin of Error!!Married-couple families!!Mean income (dollars)","Estimate!!Married-couple families!!PERCENT ALLOCATED!!Household income in the past 12 months","Margin of Error!!Married-couple families!!PERCENT ALLOCATED!!Household income in the past 12 months","Estimate!!Married-couple families!!PERCENT ALLOCATED!!Family income in the past 12 months","Margin of Error!!Married-couple families!!PERCENT ALLOCATED!!Family income in the past 12 months","Estimate!!Married-couple families!!PERCENT ALLOCATED!!Nonfamily income in the past 12 months","Margin of Error!!Married-couple families!!PERCENT ALLOCATED!!Nonfamily income in the past 12 months","Estimate!!Nonfamily households!!Total","Margin of Error!!Nonfamily households!!Total","Estimate!!Nonfamily households!!Total!!Less than $10,000","Margin of Error!!Nonfamily households!!Total!!Less than $10,000","Estimate!!Nonfamily households!!Total!!$10,000 to $14,999","Margin of Error!!Nonfamily households!!Total!!$10,000 to $14,999","Estimate!!Nonfamily households!!Total!!$15,000 to $24,999","Margin of Error!!Nonfamily households!!Total!!$15,000 to $24,999","Estimate!!Nonfamily households!!Total!!$25,000 to $34,999","Margin of Error!!Nonfamily households!!Total!!$25,000 to $34,999","Estimate!!Nonfamily households!!Total!!$35,000 to $49,999","Margin of Error!!Nonfamily households!!Total!!$35,000 to $49,999","Estimate!!Nonfamily households!!Total!!$50,000 to $74,999","Margin of Error!!Nonfamily households!!Total!!$50,000 to $74,999","Estimate!!Nonfamily households!!Total!!$75,000 to $99,999","Margin of Error!!Nonfamily households!!Total!!$75,000 to $99,999","Estimate!!Nonfamily households!!Total!!$100,000 to $149,999","Margin of Error!!Nonfamily households!!Total!!$100,000 to $149,999","Estimate!!Nonfamily households!!Total!!$150,000 to $199,999","Margin of Error!!Nonfamily households!!Total!!$150,000 to $199,999","Estimate!!Nonfamily households!!Total!!$200,000 or more","Margin of Error!!Nonfamily households!!Total!!$200,000 or more","Estimate!!Nonfamily households!!Median income (dollars)","Margin of Error!!Nonfamily households!!Median income (dollars)","Estimate!!Nonfamily households!!Mean income (dollars)","Margin of Error!!Nonfamily households!!Mean income (dollars)","Estimate!!Nonfamily households!!PERCENT ALLOCATED!!Household income in the past 12 months","Margin of Error!!Nonfamily households!!PERCENT ALLOCATED!!Household income in the past 12 months","Estimate!!Nonfamily households!!PERCENT ALLOCATED!!Family income in the past 12 months","Margin of Error!!Nonfamily households!!PERCENT ALLOCATED!!Family income in the past 12 months","Estimate!!Nonfamily households!!PERCENT ALLOCATED!!Nonfamily income in the past 12 months","Margin of Error!!Nonfamily households!!PERCENT ALLOCATED!!Nonfamily income in the past 12 months",
"1400000US25025000101","Census Tract 1.01; Suffolk County; Massachusetts","570","105","3.3","3.7","1.8","2.8","0.0","7.2","3.2","3.6","10.4","9.9","3.9","3.5","0.5","0.9","40.4","13.7","18.8","12.8","17.9","9.7","135156","19779","142578","22202","46.0","(X)","(X)","(X)","(X)","(X)","172","74","0.0","21.7","0.0","21.7","0.0","21.7","0.0","21.7","4.7","7.0","5.2","6.2","0.0","21.7","54.7","22.4","9.3","10.2","26.2","22.0","133889","15397","180313","63886","(X)","(X)","34.9","(X)","(X)","(X)","139","69","0.0","25.9","0.0","25.9","0.0","25.9","0.0","25.9","0.0","25.9","2.9","4.7","0.0","25.9","53.2","27.2","11.5","12.7","32.4","27.4","136563","34276","N","N","(X)","(X)","(X)","(X)","(X)","(X)","398","89","4.8","5.2","2.5","4.1","0.0","10.1","4.5","5.2","12.8","13.9","3.3","4.2","0.8","1.3","35.2","18.7","22.9","17.6","13.3","11.5","137083","39429","125104","20810","(X)","(X)","(X)","(X)","49.7","(X)",
"1400000US25025000102","Census Tract 1.02; Suffolk County; Massachusetts","1551","250","6.5","4.7","2.1","2.3","9.9","5.8","8.3","6.3","9.5","5.4","10.6","5.9","11.4","7.4","11.3","6.9","18.3","12.7","12.0","7.3","84044","31703","107982","22230","56.4","(X)","(X)","(X)","(X)","(X)","662","155","4.4","4.9","1.8","2.8","23.1","14.0","12.2","9.1","5.6","5.5","11.6","9.7","10.4","10.3","11.0","13.2","4.7","5.3","15.1","8.5","55063","31839","104132","40158","(X)","(X)","59.2","(X)","(X)","(X)","359","127","0.0","11.2","0.0","11.2","0.0","11.2","10.6","13.1","0.0","11.2","13.4","14.8","19.2","18.5","20.3","22.3","8.6","10.0","27.9","14.9","127873","57546","N","N","(X)","(X)","(X)","(X)","(X)","(X)","889","252","8.1","6.9","2.4","3.4","5.4","4.7","0.0","4.7","12.5","9.7","9.9","7.8","14.8","11.5","11.5","7.6","28.5","20.8","7.0","9.0","95865","42859","106997","22865","(X)","(X)","(X)","(X)","54.2","(X)",
"1400000US25025000201","Census Tract 2.01; Suffolk County; Massachusetts","1891","291","2.9","2.7","1.1","1.3","5.4","5.8","5.8","4.7","8.5","4.0","10.5","6.9","12.6","4.9","26.7","11.7","15.5","7.2","11.1","4.4","111477","33742","118897","12364","49.3","(X)","(X)","(X)","(X)","(X)","782","198","0.0","5.3","0.0","5.3","10.1","12.0","6.4","7.3","16.9","14.1","5.8","6.6","4.6","4.1","30.3","12.4","16.6","13.7","9.3","5.2","111818","41390","117681","24171","(X)","(X)","46.8","(X)","(X)","(X)","634","204","0.0","6.5","0.0","6.5","12.5","14.3","4.6","7.4","10.9","7.8","4.7","7.5","3.3","3.7","32.0","13.8","20.5","15.4","11.5","6.3","124000","41127","N","N","(X)","(X)","(X)","(X)","(X)","(X)","1109","282","4.9","4.6","1.9","2.2","2.1","2.3","5.3","6.2","8.2","6.1","8.2","6.6","19.6","8.6","26.1","18.0","12.9","6.7","10.9","6.2","99886","56530","115609","14164","(X)","(X)","(X)","(X)","51.0","(X)",
"1400000US25025000202","Census Tract 2.02; Suffolk County; Massachusetts","1525","198","3.7","3.0","3.0","3.5","8.3","5.3","9.0","4.7","10.0","8.1","10.7","5.0","8.7","5.4","13.8","5.6","15.3","6.0","17.5","6.5","84792","33228","116439","15186","51.4","(X)","(X)","(X)","(X)","(X)","703","136","6.3","6.4","2.6","4.2","12.4","9.7","10.4","9.3","7.4","5.2","9.1","7.7","8.5","8.0","10.1","5.9","10.5","6.3","22.8","10.6","81164","45535","115602","24172","(X)","(X)","50.4","(X)","(X)","(X)","426","127","0.7","1.7","0.0","9.5","7.7","9.6","12.0","12.9","8.0","7.1","8.0","9.9","8.5","11.4","13.8","8.2","10.3","7.3","31.0","15.7","125962","61819","N","N","(X)","(X)","(X)","(X)","(X)","(X)","822","177","1.5","1.9","3.3","5.2","4.7","4.1","7.9","5.6","12.3","14.5","12.0","7.5","8.8","6.5","17.0","9.2","20.0","10.1","12.5","7.7","92222","46486","116506","22000","(X)","(X)","(X)","(X)","52.3","(X)",
"1400000US25025000301","Census Tract 3.01; Suffolk County; Massachusetts","1189","166","3.4","4.7","2.2","3.0","0.5","0.9","1.9","2.3","4.8","4.0","5.1","4.0","10.1","5.6","45.2","10.9","18.8","7.6","8.1","4.4","133051","17826","138214","20270","50.5","(X)","(X)","(X)","(X)","(X)","430","146","0.0","9.4","5.6","8.1","0.0","9.4","3.3","6.3","1.6","2.9","4.4","5.3","13.5","11.3","43.3","22.4","16.5","12.1","11.9","9.3","115865","37994","163413","51237","(X)","(X)","55.6","(X)","(X)","(X)","240","92","0.0","16.2","10.0","14.0","0.0","16.2","0.0","16.2","2.9","5.1","5.8","8.3","13.8","12.8","16.7","12.7","29.6","18.3","21.3","16.2","155417","80995","N","N","(X)","(X)","(X)","(X)","(X)","(X)","759","145","5.3","7.4","0.3","0.8","0.8","1.4","1.1","1.8","6.6","6.0","5.5","5.3","8.2","6.2","48.0","13.2","20.2","9.5","4.2","3.6","134301","12175","122367","13983","(X)","(X)","(X)","(X)","47.7","(X)",
"1400000US25025000302","Census Tract 3.02; Suffolk County; Massachusetts","1356","241","0.7","1.0","0.7","1.1","1.4","2.3","0.7","1.1","6.3","4.2","5.3","3.3","23.6","9.9","31.1","11.1","7.2","4.0","23.1","14.4","115500","16691","133729","16225","44.2","(X)","(X)","(X)","(X)","(X)","788","223","0.0","5.2","1.1","1.8","2.4","4.0","1.1","1.9","5.8","5.4","8.4","6.8","18.4","11.4","22.0","13.2","10.7","6.8","30.1","23.3","123333","55185","140253","26625","(X)","(X)","34.4","(X)","(X)","(X)","581","248","0.0","7.0","1.5","2.6","0.0","7.0","0.0","7.0","2.8","4.5","4.6","6.2","18.2","15.0","21.9","17.0","10.2","8.2","40.8","28.9","151375","99510","N","N","(X)","(X)","(X)","(X)","(X)","(X)","568","118","1.6","2.4","0.0","7.2","0.0","7.2","0.0","7.2","7.0","7.6","5.6","4.5","30.8","16.8","39.3","15.2","3.3","3.8","12.3","8.5","111210","18329","120795","16731","(X)","(X)","(X)","(X)","57.9","(X)",
"1400000US25025000401","Census Tract 4.01; Suffolk County; Massachusetts","2864","383","8.6","6.1","13.4","8.9","7.3","5.5","1.2","1.3","4.8","2.7","15.6","8.3","19.3","7.0","11.3","4.7","12.7","5.3","5.8","3.1","74686","7041","83796","10644","29.5","(X)","(X)","(X)","(X)","(X)","653","191","11.3","12.6","2.3","3.8","2.1","3.4","2.8","4.2","8.1","8.4","8.6","7.6","20.4","14.1","23.1","11.5","16.2","9.7","5.1","5.0","92827","15371","98068","19192","(X)","(X)","25.1","(X)","(X)","(X)","552","179","13.4","14.3","2.7","4.5","2.5","4.1","0.0","7.4","9.6","9.8","10.1","9.3","14.5","12.4","26.6","13.7","16.7","10.8","3.8","4.9","88750","31009","N","N","(X)","(X)","(X)","(X)","(X)","(X)","2211","409","7.8","6.9","16.7","11.3","8.9","7.2","0.7","1.1","3.8","3.1","17.7","10.0","19.0","8.3","10.0","5.4","9.5","5.6","6.0","3.6","73521","8513","78389","13699","(X)","(X)","(X)","(X)","30.1","(X)",
"1400000US25025000402","Census Tract 4.02; Suffolk County; Massachusetts","1368","171","2.3","1.6","2.6","2.3","2.8","1.9","2.6","2.8","7.4","4.5","14.4","6.4","14.2","6.9","23.0","7.3","12.3","5.7","18.4","8.2","110147","20835","164004","70788","39.3","(X)","(X)","(X)","(X)","(X)","453","161","0.0","8.9","1.8","2.9","4.6","3.5","0.0","8.9","10.6","10.3","6.0","6.0","13.2","11.2","14.6","10.1","16.8","12.5","32.5","20.4","144417","47496","276271","185178","(X)","(X)","46.4","(X)","(X)","(X)","371","145","0.0","10.8","2.2","3.6","5.7","4.4","0.0","10.8","4.9","5.9","7.3","7.4","13.2","12.2","15.6","11.8","12.1","9.1","39.1","22.4","161125","73048","N","N","(X)","(X)","(X)","(X)","(X)","(X)","915","136","3.4","2.5","3.1","3.1","1.9","2.1","3.9","4.3","5.8","3.8","18.6","8.8","14.6","7.7","27.2","8.9","10.1","6.9","11.5","6.2","96947","16052","108423","14688","(X)","(X)","(X)","(X)","35.8","(X)",
"1400000US25025000502","Census Tract 5.02; Suffolk County; Massachusetts","1670","167","6.2","3.4","5.6","3.2","5.6","3.2","7.8","4.0","7.6","3.8","11.0","4.0","13.2","4.9","21.0","6.3","6.6","3.6","15.4","6.9","88125","13730","111379","16130","35.3","(X)","(X)","(X)","(X)","(X)","325","83","1.2","2.0","2.8","4.6","13.2","11.9","0.0","12.2","1.5","2.5","8.9","6.9","9.8","9.0","14.5","8.9","12.6","11.3","35.4","14.3","134917","43785","198123","52110","(X)","(X)","25.2","(X)","(X)","(X)","277","81","1.4","2.3","3.2","5.4","13.4","13.9","0.0","14.2","1.8","3.0","7.2","6.4","9.0","10.0","12.6","10.2","9.7","11.4","41.5","16.4","150417","57701","N","N","(X)","(X)","(X)","(X)","(X)","(X)","1345","170","7.4","4.2","6.3","3.8","3.8","2.7","9.7","4.9","9.1","4.7","11.5","4.8","14.1","5.8","22.5","7.3","5.1","3.2","10.6","7.7","80817","19886","90419","15715","(X)","(X)","(X)","(X)","37.8","(X)",
"1400000US25025000503","Census Tract 5.03; Suffolk County; Massachusetts","1127","157","3.8","2.9","2.4","2.1","4.1","2.6","1.6","1.7","6.0","3.7","24.8","7.7","16.3","6.6","25.8","6.9","11.7","5.9","3.5","3.5","86250","7383","97800","9032","29.2","(X)","(X)","(X)","(X)","(X)","242","90","7.0","8.0","0.0","16.0","0.0","16.0","3.3","5.1","7.4","8.1","3.3","5.4","28.1","18.1","14.5","11.7","26.9","21.5","9.5","13.8","125556","64242","121989","27228","(X)","(X)","10.3","(X)","(X)","(X)","235","88","4.3","6.9","0.0","16.5","0.0","16.5","3.4","5.3","7.7","8.3","3.4","5.5","28.9","18.6","14.9","12.0","27.7","22.1","9.8","14.2","126528","56676","N","N","(X)","(X)","(X)","(X)","(X)","(X)","885","125","3.7","2.8","3.1","2.6","4.4","3.1","1.1","1.7","5.6","4.1","30.6","9.0","13.1","7.9","28.9","8.0","7.6","4.3","1.8","2.0","79732","13624","91034","8978","(X)","(X)","(X)","(X)","34.4","(X)",
"1400000US25025000505","Census Tract 5.05; Suffolk County; Massachusetts","1087","152","6.3","5.7","9.4","7.4","9.7","7.9","9.3","8.2","12.9","10.4","9.1","6.5","13.6","8.6","5.5","3.7","17.3","7.3","6.9","5.1","58785","23501","84977","15698","45.4","(X)","(X)","(X)","(X)","(X)","252","94","4.8","7.8","0.0","15.5","14.7","17.3","0.0","15.5","0.0","15.5","17.5","15.6","27.4","19.1","6.0","8.1","21.4","11.5","8.3","12.7","87292","25302","104240","33085","(X)","(X)","35.3","(X)","(X)","(X)","232","87","0.0","16.7","0.0","16.7","15.9","19.2","0.0","16.7","0.0","16.7","15.5","16.4","29.7","20.1","6.5","8.9","23.3","12.6","9.1","13.7","93088","23152","N","N","(X)","(X)","(X)","(X)","(X)","(X)","835","164","6.8","6.9","12.2","9.5","8.1","7.9","12.1","10.4","16.8","13.8","6.6","7.5","9.5","9.1","6.3","4.3","15.1","8.3","6.5","5.1","44712","26345","78659","18633","(X)","(X)","(X)","(X)","47.4","(X)",
"1400000US25025000506","Census Tract 5.06; Suffolk County; Massachusetts","1364","159","8.1","5.8","8.2","5.9","10.8","5.9","0.6","1.0","7.1","5.4","15.8","7.6","8.4","5.7","25.9","9.0","8.3","5.9","6.9","5.1","74286","27998","86462","13119","38.5","(X)","(X)","(X)","(X)","(X)","256","105","0.0","15.2","0.0","15.2","7.4","12.1","0.0","15.2","10.2","14.2","20.3","18.3","8.2","13.4","20.3","18.0","4.3","7.3","29.3","19.0","103690","38385","127042","32208","(X)","(X)","25.4","(X)","(X)","(X)","225","103","0.0","17.1","0.0","17.1","8.4","13.9","0.0","17.1","11.6","15.8","18.7","18.4","0.0","17.1","23.1","19.4","4.9","8.7","33.3","21.6","118011","63819","N","N","(X)","(X)","(X)","(X)","(X)","(X)","1108","186","9.9","7.1","10.1","7.1","11.6","6.7","0.7","1.2","6.4","5.7","14.8","8.3","8.4","5.5","27.2","10.8","9.2","7.3","1.7","2.8","68942","25646","77085","13977","(X)","(X)","(X)","(X)","41.5","(X)",
"1400000US25025000601","Census Tract 6.01; Suffolk County; Massachusetts","1521","103","4.1","3.0","0.0","2.8","3.4","1.8","2.2","2.0","4.7","3.4","15.6","6.7","15.0","8.9","21.2","7.0","16.6","5.5","17.2","5.7","105956","27600","128665","13854","46.5","(X)","(X)","(X)","(X)","(X)","675","133","2.2","3.8","0.0","6.1","2.2","2.7","1.2","1.9","2.1","2.6","17.5","13.1","14.2","14.4","27.0","13.3","17.6","8.9","16.0","7.1","135142","34140","134825","16337","(X)","(X)","51.3","(X)","(X)","(X)","440","149","3.4","5.8","0.0","9.2","1.6","3.1","0.0","9.2","0.0","9.2","14.3","10.0","8.9","9.9","27.0","15.2","20.2","13.8","24.5","10.6","137310","22739","N","N","(X)","(X)","(X)","(X)","(X)","(X)","846","121","5.7","4.4","0.0","4.9","4.3","3.1","3.0","3.1","7.6","6.0","14.2","7.6","15.6","10.0","17.6","6.7","15.0","7.9","17.1","7.7","97000","16641","119734","19981","(X)","(X)","(X)","(X)","42.1","(X)",
"1400000US25025000603","Census Tract 6.03; Suffolk County; Massachusetts","937","166","11.3","9.5","25.4","14.1","16.0","11.7","4.9","5.3","6.4","5.3","16.1","8.3","5.5","6.7","7.3","6.9","0.0","4.4","7.0","4.3","24450","19703","54857","12580","37.2","(X)","(X)","(X)","(X)","(X)","297","104","2.0","4.8","28.6","24.0","18.2","11.8","7.4","11.6","0.0","13.3","12.5","10.9","6.1","10.9","12.5","12.7","0.0","13.3","12.8","13.9","-","**","75787","38260","(X)","(X)","39.1","(X)","(X)","(X)","181","105","3.3","8.4","25.4","31.8","11.0","12.6","12.2","19.5","0.0","20.7","20.4","17.4","0.0","20.7","6.6","14.2","0.0","20.7","21.0","24.3","-","**","N","N","(X)","(X)","(X)","(X)","(X)","(X)","640","176","15.6","13.0","23.9","14.5","15.0","17.3","3.8","5.9","9.4","7.7","17.8","12.4","5.3","8.2","4.8","7.7","0.0","6.4","4.4","5.8","24245","20487","45144","16779","(X)","(X)","(X)","(X)","36.4","(X)",
"1400000US25025000604","Census Tract 6.04; Suffolk County; Massachusetts","1140","113","9.4","7.3","15.4","8.5","4.1","3.7","9.8","5.6","9.1","6.1","15.4","7.8","11.9","7.3","12.4","6.4","3.5","2.5","9.0","4.0","52155","16873","74365","9813","24.3","(X)","(X)","(X)","(X)","(X)","305","123","23.9","23.4","0.0","13.0","7.2","12.0","0.0","13.0","18.4","17.8","5.2","8.5","21.0","21.6","7.5","11.7","0.0","13.0","16.7","7.6","-","**","90123","26367","(X)","(X)","20.0","(X)","(X)","(X)","273","120","17.6","24.0","0.0","14.4","8.1","12.8","0.0","14.4","20.5","20.3","5.9","9.4","20.9","23.9","8.4","13.0","0.0","14.4","18.7","8.8","71641","71298","N","N","(X)","(X)","(X)","(X)","(X)","(X)","835","119","4.1","4.0","21.0","11.0","3.0","2.5","13.4","7.3","5.7","4.8","19.0","9.8","8.6","5.6","14.1","7.3","4.8","3.6","6.2","5.1","52026","15672","68609","12519","(X)","(X)","(X)","(X)","25.9","(X)",
"1400000US25025000701","Census Tract 7.01; Suffolk County; Massachusetts","2081","255","6.9","5.8","2.2","1.7","9.4","6.9","4.2","2.7","5.3","3.6","17.9","7.2","17.1","6.3","23.4","8.6","4.9","2.4","8.7","5.4","78110","15465","93127","16311","34.3","(X)","(X)","(X)","(X)","(X)","482","176","14.5","20.0","2.1","3.3","0.0","8.4","2.9","4.0","3.3","5.3","10.2","9.3","24.1","18.3","18.7","13.2","9.8","8.7","14.5","18.4","79255","29537","116037","57206","(X)","(X)","34.2","(X)","(X)","(X)","367","159","19.1","24.9","0.0","10.9","0.0","10.9","0.0","10.9","0.0","10.9","13.4","11.9","11.2","12.5","24.5","18.3","12.8","12.5","19.1","23.0","101679","61392","N","N","(X)","(X)","(X)","(X)","(X)","(X)","1599","282","4.6","4.1","2.2","2.4","12.3","8.9","4.6","3.7","6.9","4.7","20.2","8.2","15.0","6.4","23.8","11.0","3.4","3.0","6.9","4.8","66928","32405","85580","13705","(X)","(X)","(X)","(X)","34.3","(X)",
"1400000US25025000703","Census Tract 7.03; Suffolk County; Massachusetts","980","104","20.4","7.5","5.8","5.2","6.7","4.5","4.7","2.9","17.3","9.6","15.1","7.1","9.9","4.7","6.5","4.8","9.4","4.7","4.1","4.2","44891","10942","63935","13759","31.7","(X)","(X)","(X)","(X)","(X)","58","46","0.0","44.5","0.0","44.5","0.0","44.5","0.0","44.5","0.0","44.5","0.0","44.5","0.0","44.5","0.0","44.5","82.8","27.3","17.2","27.3","180435","27679","184472","18722","(X)","(X)","82.8","(X)","(X)","(X)","25","23","0.0","67.8","0.0","67.8","0.0","67.8","0.0","67.8","0.0","67.8","0.0","67.8","0.0","67.8","0.0","67.8","100.0","67.8","0.0","67.8","-","**","N","N","(X)","(X)","(X)","(X)","(X)","(X)","922","114","21.7","7.8","6.2","5.4","7.2","4.8","5.0","3.2","18.4","10.1","16.1","7.3","10.5","5.1","6.9","5.2","7.3","4.4","0.8","1.3","41667","9940","54087","9786","(X)","(X)","(X)","(X)","28.5","(X)",
"1400000US25025000704","Census Tract 7.04; Suffolk County; Massachusetts","2121","223","7.3","3.4","1.8","1.7","6.5","4.5","0.8","0.9","14.0","7.1","15.5","6.3","20.7","6.5","21.4","6.9","5.0","2.8","7.0","4.7","80067","7999","89646","11059","33.9","(X)","(X)","(X)","(X)","(X)","599","212","0.0","6.8","2.3","3.9","3.3","5.5","12.4","17.4","14.7","16.4","7.8","9.5","15.5","15.9","32.1","20.6","4.0","4.7","7.8","7.1","98059","48938","104745","26494","(X)","(X)","25.2","(X)","(X)","(X)","382","176","0.0","10.5","3.7","6.3","5.2","8.9","19.4","25.8","15.2","21.9","0.0","10.5","7.6","11.6","30.4","21.1","6.3","7.5","12.3","10.7","-","**","N","N","(X)","(X)","(X)","(X)","(X)","(X)","1522","221","10.1","4.6","1.6","1.9","7.7","5.9","1.1","1.3","8.9","5.0","18.5","7.8","22.8","7.2","17.1","6.4","5.5","3.2","6.6","5.6","77279","9528","83090","11995","(X)","(X)","(X)","(X)","32.4","(X)",
"1400000US25025000804","Census Tract 8.04; Suffolk County; Massachusetts","1232","183","5.0","3.7","0.0","3.4","7.5","7.0","4.8","5.2","7.3","5.7","17.0","11.1","7.0","5.1","26.3","11.3","13.8","7.7","11.4","5.9","100938","13110","110950","18437","31.1","(X)","(X)","(X)","(X)","(X)","570","163","3.7","5.0","0.0","7.2","4.4","7.1","8.2","9.7","8.8","7.2","24.9","22.4","7.7","9.3","31.6","15.8","3.9","4.1","6.8","6.6","70000","58186","90632","22723","(X)","(X)","43.3","(X)","(X)","(X)","342","91","0.0","11.7","0.0","11.7","0.0","11.7","13.7","15.9","11.4","12.1","7.0","10.2","7.6","11.1","42.4","21.8","6.4","6.5","11.4","11.0","105000","15911","N","N","(X)","(X)","(X)","(X)","(X)","(X)","662","125","6.0","5.7","0.0","6.2","10.1","11.1","1.8","3.6","7.7","8.3","8.6","7.6","9.1","8.8","19.0","11.5","22.4","12.5","15.3","9.5","109167","38854","127656","28366","(X)","(X)","(X)","(X)","20.5","(X)",
"1400000US25025000805","Census Tract 8.05; Suffolk County; Massachusetts","1397","134","13.7","5.9","5.6","5.6","4.1","2.5","7.6","5.1","11.7","6.7","11.3","5.4","6.2","3.9","21.6","7.0","12.0","4.9","6.3","4.3","69556","16775","84826","13799","36.0","(X)","(X)","(X)","(X)","(X)","277","137","2.2","4.1","0.0","14.2","14.8","15.7","9.4","12.6","20.6","24.3","0.0","14.2","0.0","14.2","17.7","14.3","28.9","15.6","6.5","11.7","111063","110566","95369","28347","(X)","(X)","22.7","(X)","(X)","(X)","187","129","0.0","20.2","0.0","20.2","7.5","10.1","13.9","20.0","30.5","31.0","0.0","20.2","0.0","20.2","15.5","20.1","32.6","21.3","0.0","20.2","-","**","N","N","(X)","(X)","(X)","(X)","(X)","(X)","1120","128","16.5","7.5","7.0","6.9","3.8","2.8","7.1","5.6","7.1","4.4","14.1","6.2","7.7","4.9","22.6","8.1","7.8","4.7","6.3","5.1","68871","12161","81518","15904","(X)","(X)","(X)","(X)","39.3","(X)",
"1400000US25025000806","Census Tract 8.06; Suffolk County; Massachusetts","758","105","14.8","7.6","2.8","2.4","10.0","7.0","2.1","2.0","6.1","6.1","15.4","10.2","3.8","3.5","28.1","12.0","8.7","6.9","8.2","5.2","74591","37387","92741","16970","28.9","(X)","(X)","(X)","(X)","(X)","184","82","0.0","20.5","2.2","3.8","3.8","5.8","0.0","20.5","16.8","21.9","14.1","17.2","7.1","10.3","39.7","25.5","0.0","20.5","16.3","14.5","105655","24968","118054","29489","(X)","(X)","32.6","(X)","(X)","(X)","184","82","0.0","20.5","2.2","3.8","3.8","5.8","0.0","20.5","16.8","21.9","14.1","17.2","7.1","10.3","39.7","25.5","0.0","20.5","16.3","14.5","105655","24968","N","N","(X)","(X)","(X)","(X)","(X)","(X)","574","96","19.5","9.7","3.0","2.7","12.0","9.1","2.8","2.6","2.6","2.9","15.9","11.7","2.8","3.3","24.4","12.3","11.5","9.0","5.6","5.0","73316","23170","84627","19484","(X)","(X)","(X)","(X)","27.7","(X)",
"1400000US25025000807","Census Tract 8.07; Suffolk County; Massachusetts","0","14","-","**","-","**","-","**","-","**","-","**","-","**","-","**","-","**","-","**","-","**","-","**","-","**","-","(X)","(X)","(X)","(X)","(X)","0","14","-","**","-","**","-","**","-","**","-","**","-","**","-","**","-","**","-","**","-","**","-","**","-","**","(X)","(X)","-","(X)","(X)","(X)","0","14","-","**","-","**","-","**","-","**","-","**","-","**","-","**","-","**","-","**","-","**","-","**","-","**","(X)","(X)","(X)","(X)","(X)","(X)","0","14","-","**","-","**","-","**","-","**","-","**","-","**","-","**","-","**","-","**","-","**","-","**","-","**","(X)","(X)","(X)","(X)","-","(X)",
"1400000US25025010103","Census Tract 101.03; Suffolk County; Massachusetts","374","88","17.4","8.4","6.1","5.9","5.3","7.9","5.1","5.5","22.5","13.6","3.2","3.8","2.4","2.3","2.9","4.5","12.8","9.0","22.2","10.5","39886","27115","144046","51073","22.5","(X)","(X)","(X)","(X)","(X)","87","39","0.0","36.2","0.0","36.2","0.0","36.2","0.0","36.2","0.0","36.2","8.0","12.2","0.0","36.2","0.0","36.2","16.1","22.3","75.9","25.3","250,000+","***","410797","167465","(X)","(X)","0.0","(X)","(X)","(X)","87","39","0.0","36.2","0.0","36.2","0.0","36.2","0.0","36.2","0.0","36.2","8.0","12.2","0.0","36.2","0.0","36.2","16.1","22.3","75.9","25.3","250,000+","***","N","N","(X)","(X)","(X)","(X)","(X)","(X)","287","85","22.6","11.2","8.0","7.9","7.0","10.3","6.6","7.1","29.3","17.4","1.7","2.7","3.1","3.0","3.8","6.0","11.8","9.9","5.9","5.2","37292","7567","63184","20384","(X)","(X)","(X)","(X)","29.3","(X)",
"1400000US25025010104","Census Tract 101.04; Suffolk County; Massachusetts","1662","174","22.4","6.3","7.9","4.4","4.7","4.2","4.9","2.9","3.7","2.4","11.2","4.8","7.9","3.7","9.3","4.4","9.7","3.8","18.2","5.8","63594","16134","125306","22301","24.4","(X)","(X)","(X)","(X)","(X)","380","93","0.0","10.6","0.0","10.6","2.6","4.3","9.7","9.4","6.3","8.1","5.5","8.3","1.6","2.7","6.1","5.9","23.7","9.2","44.5","14.0","193125","46842","286852","63068","(X)","(X)","28.2","(X)","(X)","(X)","354","89","0.0","11.3","0.0","11.3","0.0","11.3","10.5","10.1","6.8","8.6","5.9","8.9","0.0","11.3","6.5","6.3","25.4","10.0","44.9","14.1","193594","47358","N","N","(X)","(X)","(X)","(X)","(X)","(X)","1282","192","29.0","7.8","10.3","5.7","5.3","5.3","3.5","2.5","3.0","2.2","12.9","6.4","9.8","4.9","10.3","5.7","5.5","4.0","10.5","5.3","46818","35237","76451","14954","(X)","(X)","(X)","(X)","23.3","(X)",
"1400000US25025010204","Census Tract 102.04; Suffolk County; Massachusetts","1048","122","26.0","8.6","2.0","2.5","6.4","4.7","1.2","1.6","10.9","8.2","13.0","7.5","12.6","6.0","7.2","4.0","10.2","5.2","10.5","7.2","58438","31200","82156","19578","33.7","(X)","(X)","(X)","(X)","(X)","163","58","14.7","12.8","0.0","22.7","0.0","22.7","3.7","5.8","0.0","22.7","0.0","22.7","44.8","17.4","6.1","9.1","4.9","7.1","25.8","13.4","88856","1351","148701","51033","(X)","(X)","22.7","(X)","(X)","(X)","141","56","17.0","15.1","0.0","25.6","0.0","25.6","0.0","25.6","0.0","25.6","0.0","25.6","40.4","19.1","7.1","10.5","5.7","8.0","29.8","16.3","89153","69242","N","N","(X)","(X)","(X)","(X)","(X)","(X)","885","136","28.1","9.7","2.4","3.0","7.6","5.5","1.5","1.9","12.2","9.5","15.4","8.7","6.7","5.0","7.3","4.5","11.2","6.3","7.7","8.4","43860","21496","69845","20707","(X)","(X)","(X)","(X)","35.7","(X)",
"1400000US25025010205","Census Tract 102.05; Suffolk County; Massachusetts","2602","397","18.3","8.0","7.3","4.1","3.2","2.2","10.6","5.4","4.6","3.6","6.3","4.1","19.3","11.4","9.3","4.6","10.6","5.3","10.5","6.1","72105","34560","97124","21540","21.0","(X)","(X)","(X)","(X)","(X)","525","190","1.7","2.7","11.4","16.2","0.0","7.8","0.0","7.8","5.3","7.9","0.0","7.8","12.8","14.4","17.0","12.1","28.2","15.1","23.6","16.7","160609","96138","171394","53141","(X)","(X)","27.6","(X)","(X)","(X)","484","179","0.0","8.4","12.4","17.5","0.0","8.4","0.0","8.4","5.8","8.5","0.0","8.4","13.8","15.5","11.8","9.8","30.6","16.1","25.6","18.1","161923","68090","N","N","(X)","(X)","(X)","(X)","(X)","(X)","2077","457","23.0","10.2","6.3","3.8","4.0","2.7","12.9","6.5","4.4","4.0","7.8","5.2","20.9","14.0","7.4","4.4","6.1","5.3","7.2","5.8","46847","28890","78271","23547","(X)","(X)","(X)","(X)","18.9","(X)",
"1400000US25025010206","Census Tract 102.06; Suffolk County; Massachusetts","1248","381","11.3","7.4","5.6","5.8","10.7","8.7","0.6","1.2","18.0","14.7","9.4","8.2","5.1","4.7","9.9","8.3","24.2","22.2","5.2","5.1","64141","39307","93685","27474","27.8","(X)","(X)","(X)","(X)","(X)","283","194","0.0","13.9","0.0","13.9","0.0","13.9","2.8","6.2","62.9","34.0","11.7","18.1","0.0","13.9","0.0","13.9","12.7","22.0","9.9","16.1","46440","11356","115268","85082","(X)","(X)","74.6","(X)","(X)","(X)","98","86","0.0","33.6","0.0","33.6","0.0","33.6","8.2","16.1","0.0","33.6","26.5","40.7","0.0","33.6","0.0","33.6","36.7","48.1","28.6","40.0","193542","170519","N","N","(X)","(X)","(X)","(X)","(X)","(X)","965","386","14.6","10.1","7.3","7.4","13.8","11.1","0.0","4.3","4.9","6.2","8.7","9.4","6.6","6.3","12.7","10.4","27.6","26.9","3.8","4.8","75852","68224","87356","28473","(X)","(X)","(X)","(X)","14.1","(X)",
"1400000US25025010300","Census Tract 103; Suffolk County; Massachusetts","237","71","6.3","6.3","8.0","7.1","10.1","7.5","5.9","7.8","4.6","7.6","16.5","8.9","6.8","5.3","21.5","11.4","18.1","16.8","2.1","3.5","69861","35400","85113","19200","38.0","(X)","(X)","(X)","(X)","(X)","66","52","0.0","41.7","0.0","41.7","0.0","41.7","0.0","41.7","0.0","41.7","19.7","24.3","0.0","41.7","21.2","26.8","51.5","39.7","7.6","13.6","167742","70530","140471","29529","(X)","(X)","59.1","(X)","(X)","(X)","39","27","0.0","54.3","0.0","54.3","0.0","54.3","0.0","54.3","0.0","54.3","33.3","31.5","0.0","54.3","35.9","33.5","17.9","21.3","12.8","21.0","101625","67167","N","N","(X)","(X)","(X)","(X)","(X)","(X)","171","50","8.8","8.7","11.1","9.6","14.0","10.2","8.2","11.4","6.4","9.9","15.2","10.9","9.4","7.3","21.6","11.4","5.3","6.1","0.0","21.8","58542","33552","63747","13376","(X)","(X)","(X)","(X)","29.8","(X)",
"1400000US25025010403","Census Tract 104.03; Suffolk County; Massachusetts","1739","226","23.9","6.9","11.6","4.4","5.5","3.7","6.4","4.3","17.6","8.7","6.3","4.9","5.3","3.6","11.1","5.0","6.7","2.6","5.6","3.3","36928","8554","69327","14122","31.8","(X)","(X)","(X)","(X)","(X)","263","120","14.8","16.9","5.7","9.4","23.2","23.9","0.0","14.9","12.9","11.9","0.0","14.9","4.6","9.0","16.3","17.2","4.6","7.8","17.9","16.6","-","**","129468","78971","(X)","(X)","8.7","(X)","(X)","(X)","184","88","15.2","22.7","0.0","20.5","10.3","16.8","0.0","20.5","12.5","13.9","0.0","20.5","6.5","12.5","23.4","22.8","6.5","11.3","25.5","22.2","101042","74089","N","N","(X)","(X)","(X)","(X)","(X)","(X)","1476","228","25.5","8.4","12.7","5.0","5.1","3.8","7.6","5.2","15.6","9.3","7.4","5.7","5.4","3.7","10.2","5.2","7.1","2.7","3.5","2.5","32368","10574","57963","10911","(X)","(X)","(X)","(X)","35.9","(X)",
"1400000US25025010404","Census Tract 104.04; Suffolk County; Massachusetts","1231","150","25.5","7.5","4.5","3.1","11.0","5.5","8.9","4.1","6.5","3.1","14.2","5.4","10.2","5.4","8.3","3.3","6.2","2.0","4.6","0.9","34931","13983","63788","6863","32.4","(X)","(X)","(X)","(X)","(X)","217","81","6.9","6.3","0.0","17.7","0.9","7.2","5.1","7.6","4.1","6.5","27.2","16.3","8.3","8.6","28.1","11.1","5.5","6.8","13.8","13.2","92250","63801","123556","35902","(X)","(X)","42.9","(X)","(X)","(X)","149","56","10.1","8.8","0.0","24.4","0.0","24.4","0.0","24.4","0.0","24.4","22.1","19.3","3.4","5.8","36.2","13.8","8.1","9.6","20.1","18.2","148234","12010","N","N","(X)","(X)","(X)","(X)","(X)","(X)","1014","162","29.5","8.7","5.5","3.8","13.2","6.6","9.8","5.0","7.0","3.7","11.4","5.0","10.6","6.4","4.0","3.3","6.3","2.1","2.7","2.8","25978","5288","50998","12465","(X)","(X)","(X)","(X)","29.5","(X)",
"1400000US25025010405","Census Tract 104.05; Suffolk County; Massachusetts","826","128","16.1","6.1","20.2","7.5","18.5","6.4","6.4","4.0","12.1","5.3","13.8","9.6","2.3","2.1","7.6","4.6","1.5","1.4","1.5","1.5","20000","5836","39747","6792","47.9","(X)","(X)","(X)","(X)","(X)","196","85","10.2","9.9","5.1","8.1","6.1","7.6","5.1","5.5","17.3","14.3","56.1","22.9","0.0","19.4","0.0","19.4","0.0","19.4","0.0","19.4","52929","7555","45692","6023","(X)","(X)","41.8","(X)","(X)","(X)","65","25","30.8","27.0","15.4","22.6","18.5","20.5","15.4","15.3","0.0","42.1","20.0","19.4","0.0","42.1","0.0","42.1","0.0","42.1","0.0","42.1","18021","12021","N","N","(X)","(X)","(X)","(X)","(X)","(X)","630","99","17.9","7.1","24.9","8.5","22.4","8.2","6.8","4.6","11.4","5.8","2.7","3.1","3.0","2.7","7.0","4.6","1.9","1.8","1.9","2.0","16607","2311","36020","8004","(X)","(X)","(X)","(X)","49.8","(X)",
"1400000US25025010408","Census Tract 104.08; Suffolk County; Massachusetts","880","88","14.7","6.9","3.2","3.3","5.1","3.6","4.8","4.4","7.4","3.9","14.1","5.1","21.4","7.9","16.4","6.5","7.4","4.3","5.7","3.3","75372","8252","81929","10465","32.3","(X)","(X)","(X)","(X)","(X)","117","47","21.4","29.5","0.0","29.6","0.0","29.6","3.4","6.1","0.0","29.6","14.5","11.6","6.8","7.8","29.9","21.4","10.3","12.2","13.7","14.1","109375","59126","107791","48873","(X)","(X)","47.0","(X)","(X)","(X)","67","30","0.0","41.4","0.0","41.4","0.0","41.4","0.0","41.4","0.0","41.4","17.9","16.6","10.4","11.2","38.8","24.0","17.9","20.1","14.9","16.5","126518","6323","N","N","(X)","(X)","(X)","(X)","(X)","(X)","763","90","13.6","6.5","3.7","3.7","5.9","4.1","5.0","4.9","8.5","4.5","14.7","5.9","23.6","8.9","13.6","6.7","6.9","4.6","4.5","2.8","73125","8738","77612","10034","(X)","(X)","(X)","(X)","30.0","(X)",
"1400000US25025010500","Census Tract 105; Suffolk County; Massachusetts","1738","411","19.2","7.0","7.7","5.1","3.9","2.3","5.8","3.4","3.1","2.7","26.1","17.2","6.8","3.4","4.8","3.5","6.9","3.7","15.7","6.7","54020","2103","127511","42054","45.1","(X)","(X)","(X)","(X)","(X)","309","72","13.3","7.9","4.2","4.6","1.9","3.3","7.1","11.9","9.1","10.7","0.0","12.8","9.4","6.6","0.0","12.8","12.0","8.9","43.0","13.0","181384","93617","313225","112242","(X)","(X)","22.3","(X)","(X)","(X)","200","70","14.5","10.6","6.5","7.3","0.0","19.0","0.0","19.0","0.0","19.0","0.0","19.0","0.0","19.0","0.0","19.0","18.5","13.7","60.5","14.8","250,000+","***","N","N","(X)","(X)","(X)","(X)","(X)","(X)","1429","438","20.5","8.9","8.4","6.2","4.8","2.9","5.0","3.4","1.8","2.1","31.8","19.1","6.3","4.0","5.9","4.5","5.8","3.7","9.7","5.5","53644","1872","87345","26381","(X)","(X)","(X)","(X)","50.0","(X)",
"1400000US25025010600","Census Tract 106; Suffolk County; Massachusetts","2081","231","12.3","6.6","4.5","3.1","3.9","3.3","4.5","4.5","2.7","1.8","15.5","6.5","6.8","4.2","13.4","6.0","7.3","3.9","29.1","8.0","98472","43976","184375","51777","33.8","(X)","(X)","(X)","(X)","(X)","806","216","8.4","10.6","3.6","5.8","4.7","6.6","0.0","5.1","1.0","1.7","5.2","4.0","3.8","4.0","14.6","11.8","8.8","6.6","49.8","14.1","189706","84757","265079","79738","(X)","(X)","33.6","(X)","(X)","(X)","550","194","2.7","4.3","0.0","7.4","2.0","3.4","0.0","7.4","1.5","2.5","3.5","3.5","4.0","5.3","6.5","6.7","12.9","10.2","66.9","16.0","237833","55298","N","N","(X)","(X)","(X)","(X)","(X)","(X)","1275","231","14.7","7.4","5.0","3.3","3.5","3.5","7.3","7.2","3.8","2.8","22.0","9.8","8.7","6.2","12.5","6.2","6.4","4.2","16.0","6.9","69087","9234","133357","59216","(X)","(X)","(X)","(X)","33.9","(X)",
"1400000US25025010701","Census Tract 107.01; Suffolk County; Massachusetts","1304","160","7.8","4.1","0.9","1.0","1.3","1.5","1.2","1.3","4.4","3.0","7.4","4.2","4.4","2.4","26.6","10.0","11.7","6.0","34.3","8.6","143077","19500","281477","82398","21.6","(X)","(X)","(X)","(X)","(X)","278","77","0.0","14.1","0.0","14.1","0.0","14.1","0.0","14.1","0.0","14.1","2.9","4.5","10.4","7.5","20.1","13.7","4.7","5.8","61.9","14.5","250,000+","***","723513","349726","(X)","(X)","35.3","(X)","(X)","(X)","233","73","0.0","16.6","0.0","16.6","0.0","16.6","0.0","16.6","0.0","16.6","0.0","16.6","3.9","6.0","16.7","13.8","5.6","6.8","73.8","14.8","250,000+","***","N","N","(X)","(X)","(X)","(X)","(X)","(X)","1026","163","9.9","5.3","1.2","1.3","1.7","1.9","1.5","1.7","5.6","3.8","8.7","5.4","2.8","2.4","28.4","11.5","13.5","7.3","26.8","9.6","131250","15021","161088","24402","(X)","(X)","(X)","(X)","17.9","(X)",
"1400000US25025010702","Census Tract 107.02; Suffolk County; Massachusetts","1219","199","5.5","3.4","1.6","1.3","0.4","0.5","1.2","1.4","1.6","1.9","7.8","4.4","7.6","4.4","22.4","7.5","5.6","2.9","46.3","8.7","160057","60010","335306","79208","35.6","(X)","(X)","(X)","(X)","(X)","422","115","0.0","9.6","0.0","9.6","0.0","9.6","0.0","9.6","1.2","1.6","3.8","3.7","7.1","8.3","9.7","6.3","0.0","9.6","78.2","10.9","250,000+","***","472189","108989","(X)","(X)","37.7","(X)","(X)","(X)","401","111","0.0","10.0","0.0","10.0","0.0","10.0","0.0","10.0","1.2","1.7","2.5","2.8","5.5","8.3","10.2","6.7","0.0","10.0","80.5","10.9","250,000+","***","N","N","(X)","(X)","(X)","(X)","(X)","(X)","797","156","8.4","5.2","2.5","2.0","0.6","0.7","1.9","2.2","1.8","2.9","9.9","6.5","7.9","4.9","29.1","10.4","8.5","4.5","29.4","11.6","127386","26199","262827","96843","(X)","(X)","(X)","(X)","34.5","(X)",
"1400000US25025010801","Census Tract 108.01; Suffolk County; Massachusetts","1574","184","9.0","5.6","2.4","2.4","6.4","7.0","2.5","2.5","1.6","1.0","9.8","4.5","8.3","4.5","8.3","4.5","13.6","6.1","38.2","7.4","160000","38170","233882","42484","33.9","(X)","(X)","(X)","(X)","(X)","433","96","0.0","9.3","0.0","9.3","0.0","9.3","0.0","9.3","0.0","9.3","8.3","9.6","8.1","7.8","7.6","7.4","12.5","9.1","63.5","11.3","250,000+","***","388630","88309","(X)","(X)","34.9","(X)","(X)","(X)","417","98","0.0","9.7","0.0","9.7","0.0","9.7","0.0","9.7","0.0","9.7","8.6","9.9","8.4","8.2","7.9","7.7","9.1","7.5","65.9","11.2","250,000+","***","N","N","(X)","(X)","(X)","(X)","(X)","(X)","1141","186","12.4","7.4","3.2","3.3","8.9","9.4","3.4","3.4","2.2","1.4","10.3","5.1","8.3","5.6","8.6","5.8","14.0","7.3","28.7","7.0","106875","39934","175121","41466","(X)","(X)","(X)","(X)","33.6","(X)",
"1400000US25025010802","Census Tract 108.02; Suffolk County; Massachusetts","1903","211","4.1","2.0","2.9","2.9","2.6","2.2","2.1","2.0","2.4","2.9","7.3","3.4","10.7","4.6","19.7","6.4","10.8","5.9","37.3","7.1","146797","36174","264759","38787","32.9","(X)","(X)","(X)","(X)","(X)","615","142","0.0","6.7","0.0","6.7","0.0","6.7","0.0","6.7","0.0","6.7","1.0","1.5","13.2","9.9","14.1","7.5","4.7","3.8","67.0","12.1","250,000+","***","453314","93480","(X)","(X)","26.7","(X)","(X)","(X)","554","139","0.0","7.4","0.0","7.4","0.0","7.4","0.0","7.4","0.0","7.4","1.1","1.6","13.4","10.9","11.7","7.3","5.2","4.2","68.6","12.8","250,000+","***","N","N","(X)","(X)","(X)","(X)","(X)","(X)","1288","166","6.1","3.0","4.3","4.3","3.9","3.3","3.1","3.0","3.6","4.2","10.3","5.0","9.5","5.1","22.3","8.1","13.7","8.7","23.1","6.6","128583","17941","174373","31547","(X)","(X)","(X)","(X)","35.6","(X)",
"1400000US25025020101","Census Tract 201.01; Suffolk County; Massachusetts","2487","351","2.6","2.3","0.0","1.7","1.2","1.2","0.5","0.8","4.5","3.1","12.4","6.8","10.6","4.5","11.6","5.1","9.4","4.7","47.2","9.4","186477","45609","312524","60406","32.7","(X)","(X)","(X)","(X)","(X)","731","245","1.5","2.5","0.0","5.6","2.7","4.4","0.0","5.6","0.0","5.6","3.3","5.0","1.9","3.1","0.0","5.6","10.8","11.1","79.8","13.3","250,000+","***","393337","87044","(X)","(X)","45.4","(X)","(X)","(X)","683","236","1.6","2.7","0.0","6.0","0.0","6.0","0.0","6.0","0.0","6.0","3.5","5.3","2.0","3.2","0.0","6.0","11.6","12.0","81.3","13.2","250,000+","***","N","N","(X)","(X)","(X)","(X)","(X)","(X)","1756","281","3.0","3.1","0.0","2.4","0.5","0.8","0.7","1.2","6.3","4.3","16.2","9.4","14.2","6.7","16.5","7.0","8.9","5.1","33.7","11.9","133261","26559","278883","75251","(X)","(X)","(X)","(X)","27.4","(X)",
"1400000US25025020200","Census Tract 202; Suffolk County; Massachusetts","2052","206","5.3","3.5","6.3","4.4","4.0","3.0","3.5","4.0","2.7","2.3","6.9","4.3","15.3","5.7","25.6","7.9","9.7","5.2","20.8","5.7","111622","11913","161196","33011","25.4","(X)","(X)","(X)","(X)","(X)","404","139","0.0","10.0","0.0","10.0","3.2","4.9","0.0","10.0","0.0","10.0","0.0","10.0","0.0","10.0","11.9","10.7","36.1","19.3","48.8","18.6","198958","87914","304354","89382","(X)","(X)","18.6","(X)","(X)","(X)","404","139","0.0","10.0","0.0","10.0","3.2","4.9","0.0","10.0","0.0","10.0","0.0","10.0","0.0","10.0","11.9","10.7","36.1","19.3","48.8","18.6","198958","88008","N","N","(X)","(X)","(X)","(X)","(X)","(X)","1648","203","6.6","4.4","7.8","5.4","4.2","3.6","4.3","5.1","3.3","2.8","8.6","5.3","19.1","6.9","28.9","8.8","3.3","2.4","13.9","5.6","89884","16917","126102","33501","(X)","(X)","(X)","(X)","27.1","(X)",
"1400000US25025020301","Census Tract 203.01; Suffolk County; Massachusetts","1269","193","8.4","6.0","5.9","4.5","0.4","0.7","2.7","3.1","6.8","3.9","10.8","5.6","11.4","6.8","10.5","6.1","13.2","9.4","29.9","9.6","106593","37799","164166","28451","26.8","(X)","(X)","(X)","(X)","(X)","343","89","0.0","11.6","0.0","11.6","0.0","11.6","7.9","11.5","3.2","4.4","4.4","6.5","10.2","8.0","14.0","8.6","19.8","13.2","40.5","13.3","181964","36076","232218","53545","(X)","(X)","33.2","(X)","(X)","(X)","314","78","0.0","12.6","0.0","12.6","0.0","12.6","0.0","12.6","2.9","4.6","4.8","6.9","11.1","8.3","15.3","9.4","21.7","13.5","44.3","14.8","184667","38602","N","N","(X)","(X)","(X)","(X)","(X)","(X)","926","184","11.6","8.3","8.1","6.2","0.5","0.9","3.7","4.4","5.2","3.9","13.2","7.1","11.9","8.6","9.2","6.9","10.8","12.1","25.9","11.4","85556","36833","138744","32267","(X)","(X)","(X)","(X)","24.4","(X)",
"1400000US25025020302","Census Tract 203.02; Suffolk County; Massachusetts","599","53","5.3","5.7","3.5","4.6","1.7","2.7","4.5","4.4","3.7","4.1","11.5","7.1","9.0","5.6","11.9","7.4","5.0","4.2","43.9","9.0","129792","90450","188874","37871","36.2","(X)","(X)","(X)","(X)","(X)","143","64","0.0","25.3","0.0","25.3","0.0","25.3","3.5","5.7","0.0","25.3","21.0","15.0","0.0","25.3","0.0","25.3","4.2","6.1","71.3","14.8","250,000+","***","309981","94462","(X)","(X)","35.0","(X)","(X)","(X)","111","45","0.0","30.8","0.0","30.8","0.0","30.8","4.5","7.1","0.0","30.8","0.0","30.8","0.0","30.8","0.0","30.8","5.4","7.6","90.1","10.6","250,000+","***","N","N","(X)","(X)","(X)","(X)","(X)","(X)","456","75","7.0","7.3","4.6","6.1","2.2","3.6","4.8","5.3","4.8","5.3","8.6","7.1","11.8","6.9","15.6","9.7","5.3","5.3","35.3","10.4","117500","23995","148774","22723","(X)","(X)","(X)","(X)","36.6","(X)",
"1400000US25025020304","Census Tract 203.04; Suffolk County; Massachusetts","729","144","5.6","6.4","3.8","4.5","1.2","1.8","1.0","1.8","0.0","5.7","6.6","7.9","5.3","4.4","9.2","7.4","21.3","10.2","46.0","14.7","185350","32638","234238","64935","32.1","(X)","(X)","(X)","(X)","(X)","149","74","17.4","26.3","0.0","24.4","0.0","24.4","0.0","24.4","0.0","24.4","0.0","24.4","5.4","8.8","13.4","19.7","5.4","10.0","58.4","29.7","250,000+","***","327900","162141","(X)","(X)","22.8","(X)","(X)","(X)","149","74","17.4","26.3","0.0","24.4","0.0","24.4","0.0","24.4","0.0","24.4","0.0","24.4","5.4","8.8","13.4","19.7","5.4","10.0","58.4","29.7","250,000+","***","N","N","(X)","(X)","(X)","(X)","(X)","(X)","580","143","2.6","3.4","4.8","5.8","1.6","2.3","1.2","2.3","0.0","7.1","8.3","9.9","5.3","5.2","8.1","8.1","25.3","12.3","42.8","17.6","179079","26222","210177","74874","(X)","(X)","(X)","(X)","34.5","(X)",
"1400000US25025020305","Census Tract 203.05; Suffolk County; Massachusetts","1988","233","11.4","7.4","6.7","6.7","4.4","3.6","3.2","2.8","1.9","2.2","7.4","4.4","5.4","4.5","21.8","8.2","10.4","5.2","27.4","8.5","114211","24253","182993","57760","30.6","(X)","(X)","(X)","(X)","(X)","755","195","4.6","5.7","2.4","3.9","0.0","5.5","2.4","4.0","4.9","5.8","1.5","2.2","3.6","5.8","15.0","10.4","10.2","7.2","55.5","14.3","216856","41327","328309","125305","(X)","(X)","23.8","(X)","(X)","(X)","622","177","0.0","6.6","2.9","4.6","0.0","6.6","0.0","6.6","4.3","6.7","1.8","2.7","0.0","6.6","16.6","12.1","12.4","8.6","62.1","14.9","250,000+","***","N","N","(X)","(X)","(X)","(X)","(X)","(X)","1233","214","15.5","11.5","9.4","10.7","7.1","5.9","3.7","3.6","0.0","3.4","11.0","6.6","6.5","6.3","26.0","12.6","10.5","6.8","10.2","7.0","81619","39950","91411","18377","(X)","(X)","(X)","(X)","34.7","(X)",
"1400000US25025030100","Census Tract 301; Suffolk County; Massachusetts","1218","187","7.4","5.5","3.4","3.4","4.9","4.1","5.1","4.7","5.7","3.5","7.6","4.3","14.6","10.2","30.0","8.0","7.0","4.0","14.3","5.7","103500","34529","116506","20185","44.0","(X)","(X)","(X)","(X)","(X)","210","75","0.0","18.2","0.0","18.2","1.4","3.0","22.9","22.8","0.0","18.2","11.0","7.4","11.4","15.6","9.0","9.7","10.0","8.2","34.3","13.2","116750","89133","192372","90947","(X)","(X)","53.3","(X)","(X)","(X)","210","75","0.0","18.2","0.0","18.2","1.4","3.0","22.9","22.8","0.0","18.2","11.0","7.4","11.4","15.6","9.0","9.7","10.0","8.2","34.3","13.2","116750","89133","N","N","(X)","(X)","(X)","(X)","(X)","(X)","1008","192","8.9","6.4","4.2","4.2","5.7","4.8","1.4","1.6","6.9","4.3","6.8","4.8","15.3","11.7","34.3","9.4","6.3","4.2","10.1","6.2","101818","40168","100700","15207","(X)","(X)","(X)","(X)","42.1","(X)",
"1400000US25025030200","Census Tract 302; Suffolk County; Massachusetts","972","175","3.4","3.8","0.7","1.3","8.3","6.2","3.3","4.1","1.0","1.5","7.3","5.3","9.7","4.4","42.7","12.1","7.9","4.8","15.6","8.0","109626","14692","130810","20470","49.5","(X)","(X)","(X)","(X)","(X)","182","74","0.0","20.6","0.0","20.6","4.9","7.8","0.0","20.6","5.5","8.0","0.0","20.6","4.4","6.6","25.3","14.6","25.3","17.4","34.6","20.2","168690","26101","190498","42693","(X)","(X)","48.4","(X)","(X)","(X)","156","68","0.0","23.5","0.0","23.5","0.0","23.5","0.0","23.5","6.4","9.3","0.0","23.5","5.1","7.6","23.7","14.6","24.4","19.4","40.4","22.7","185625","57929","N","N","(X)","(X)","(X)","(X)","(X)","(X)","790","170","4.2","4.7","0.9","1.6","9.1","7.6","4.1","5.1","0.0","5.2","9.0","6.6","10.9","5.4","46.7","14.8","3.9","3.1","11.3","7.8","107821","10676","117059","21292","(X)","(X)","(X)","(X)","49.7","(X)",
"1400000US25025030301","Census Tract 303.01; Suffolk County; Massachusetts","805","201","3.6","4.1","1.5","2.5","3.2","3.3","2.7","3.2","3.0","3.5","8.8","7.2","10.3","7.2","20.0","17.5","10.8","6.6","36.0","12.6","126979","70793","279412","74792","32.4","(X)","(X)","(X)","(X)","(X)","430","183","0.0","9.4","0.0","9.4","2.6","2.3","0.0","9.4","2.8","4.5","7.7","9.5","3.7","6.3","28.4","29.7","17.0","13.6","37.9","21.1","172500","84418","289661","109812","(X)","(X)","26.3","(X)","(X)","(X)","410","183","0.0","9.8","0.0","9.8","2.7","2.4","0.0","9.8","0.0","9.8","8.0","10.1","3.9","6.7","29.8","30.8","17.8","14.4","37.8","21.5","172611","90239","N","N","(X)","(X)","(X)","(X)","(X)","(X)","375","109","7.7","8.3","3.2","5.2","4.0","6.5","5.9","6.7","3.2","5.1","10.1","11.6","17.9","12.6","10.4","10.3","3.7","4.0","33.9","14.2","89825","55799","267660","113278","(X)","(X)","(X)","(X)","39.5","(X)",
"1400000US25025030302","Census Tract 303.02; Suffolk County; Massachusetts","930","186","2.2","3.3","6.0","5.2","5.7","6.5","0.0","4.5","2.7","2.6","9.7","7.2","10.3","7.1","21.5","10.2","9.4","6.2","32.6","11.3","137778","24054","175916","33442","14.8","(X)","(X)","(X)","(X)","(X)","256","112","0.8","2.0","0.0","15.2","0.0","15.2","0.0","15.2","0.8","2.2","7.4","12.8","0.0","15.2","9.4","11.9","8.6","12.1","73.0","18.9","250,000+","***","323163","75248","(X)","(X)","0.8","(X)","(X)","(X)","237","107","0.8","2.1","0.0","16.4","0.0","16.4","0.0","16.4","0.8","2.3","0.0","16.4","0.0","16.4","10.1","12.7","9.3","13.1","78.9","18.5","250,000+","***","N","N","(X)","(X)","(X)","(X)","(X)","(X)","674","177","2.7","4.3","8.3","7.2","7.9","9.1","0.0","6.1","3.4","3.6","10.5","8.6","14.2","10.3","26.1","12.5","9.6","7.2","17.2","10.3","120171","50596","119988","24296","(X)","(X)","(X)","(X)","20.2","(X)",
"1400000US25025030400","Census Tract 304; Suffolk County; Massachusetts","2310","383","5.1","4.2","4.3","3.1","1.2","1.4","2.7","2.6","4.2","3.0","9.8","4.6","21.3","9.6","17.5","6.1","16.0","7.1","17.9","6.4","107333","27614","151713","27281","35.8","(X)","(X)","(X)","(X)","(X)","431","96","13.2","17.1","0.0","9.4","0.0","9.4","0.0","9.4","2.3","3.7","10.0","7.2","5.1","4.3","8.8","7.2","16.5","13.0","44.1","19.9","192875","49367","249648","122259","(X)","(X)","47.8","(X)","(X)","(X)","324","96","0.0","12.3","0.0","12.3","0.0","12.3","0.0","12.3","3.1","5.0","13.3","10.1","4.0","4.1","11.1","9.3","21.9","16.8","46.6","16.1","198382","76766","N","N","(X)","(X)","(X)","(X)","(X)","(X)","1879","374","3.2","3.2","5.3","3.9","1.5","1.7","3.3","3.2","4.6","3.6","10.3","5.2","25.0","11.6","18.9","7.5","15.9","8.9","11.9","6.6","96250","28014","127747","20292","(X)","(X)","(X)","(X)","33.0","(X)",
"1400000US25025030500","Census Tract 305; Suffolk County; Massachusetts","1283","140","4.1","3.7","2.4","3.0","3.4","3.2","3.3","2.6","4.1","3.3","14.2","5.1","7.6","3.6","20.7","6.4","11.8","5.2","28.5","7.2","119795","30502","194299","39046","37.3","(X)","(X)","(X)","(X)","(X)","358","92","0.0","11.2","0.0","11.2","5.0","7.7","0.0","11.2","5.0","7.4","19.8","15.3","3.9","4.3","19.3","10.2","16.8","13.2","30.2","11.7","135938","70596","237987","86660","(X)","(X)","31.8","(X)","(X)","(X)","322","90","0.0","12.3","0.0","12.3","5.6","8.6","0.0","12.3","5.6","8.2","19.3","16.5","4.3","4.8","14.3","11.8","18.6","15.0","32.3","13.0","160192","95369","N","N","(X)","(X)","(X)","(X)","(X)","(X)","925","135","5.7","5.1","3.4","4.1","2.7","2.9","4.5","3.6","3.7","3.6","12.0","5.5","9.1","4.7","21.2","8.4","9.8","4.5","27.9","8.1","119659","24181","177390","39836","(X)","(X)","(X)","(X)","39.4","(X)",
"1400000US25025040100","Census Tract 401; Suffolk County; Massachusetts","1206","117","3.3","3.3","3.4","2.4","7.5","5.8","2.6","2.8","4.6","3.6","4.3","3.9","4.6","3.5","15.8","6.9","14.9","7.6","39.0","9.8","162443","45469","243143","54526","27.3","(X)","(X)","(X)","(X)","(X)","522","108","1.0","1.6","0.0","7.8","1.0","2.1","3.1","4.5","3.4","5.1","0.0","7.8","0.0","7.8","15.1","10.7","10.3","8.8","66.1","15.1","250,000+","***","371456","114110","(X)","(X)","26.4","(X)","(X)","(X)","426","98","0.0","9.5","0.0","9.5","0.0","9.5","0.0","9.5","4.2","6.3","0.0","9.5","0.0","9.5","4.2","4.2","12.7","10.6","78.9","14.1","250,000+","***","N","N","(X)","(X)","(X)","(X)","(X)","(X)","684","139","5.8","5.7","5.3","4.1","13.2","10.1","4.5","4.9","5.6","5.0","7.6","6.7","8.0","5.9","15.6","7.8","18.4","10.6","15.9","8.8","100000","22569","138063","43066","(X)","(X)","(X)","(X)","27.9","(X)",
"1400000US25025040200","Census Tract 402; Suffolk County; Massachusetts","636","112","3.9","5.0","8.2","6.0","9.6","6.9","8.6","5.8","6.8","5.8","8.6","5.5","4.1","3.2","3.6","2.7","8.5","3.9","38.1","11.6","112750","86140","164487","33791","45.1","(X)","(X)","(X)","(X)","(X)","405","106","7.4","9.1","0.0","10.0","1.2","2.0","9.9","6.9","15.6","10.7","5.7","5.1","4.0","3.8","1.5","2.2","10.6","5.8","44.2","15.6","177656","103649","181271","42770","(X)","(X)","45.7","(X)","(X)","(X)","244","104","0.0","15.9","0.0","15.9","2.0","3.4","7.0","8.8","0.0","15.9","2.9","4.6","2.5","4.3","2.5","3.7","9.8","7.6","73.4","13.9","204627","29728","N","N","(X)","(X)","(X)","(X)","(X)","(X)","231","60","2.2","3.1","22.5","15.5","19.9","14.0","6.5","9.0","0.0","16.7","5.2","5.7","6.9","6.9","7.4","6.3","4.8","4.0","24.7","11.2","-","**","128859","59734","(X)","(X)","(X)","(X)","28.6","(X)",
"1400000US25025040300","Census Tract 403; Suffolk County; Massachusetts","2183","235","2.2","2.1","2.6","2.7","0.6","0.9","3.7","2.8","3.3","2.4","3.1","2.3","13.2","5.2","14.4","5.5","13.4","5.8","43.5","7.0","172075","15767","201690","23332","26.4","(X)","(X)","(X)","(X)","(X)","1181","201","2.0","3.2","3.0","4.5","0.0","3.5","0.7","1.8","0.8","1.2","2.8","3.0","3.6","4.6","14.3","8.4","15.7","7.9","57.1","11.1","227159","33515","251393","36329","(X)","(X)","28.4","(X)","(X)","(X)","954","194","0.0","4.4","0.0","4.4","0.0","4.4","0.0","4.4","0.0","4.4","3.5","3.7","4.5","5.7","11.2","8.9","13.3","8.0","67.5","11.6","239250","31310","N","N","(X)","(X)","(X)","(X)","(X)","(X)","1002","197","2.5","2.8","2.1","2.4","1.3","2.1","8.0","5.8","6.3","5.0","2.7","3.1","24.5","9.7","16.8","7.2","9.5","8.0","26.4","7.9","101500","37412","140977","19047","(X)","(X)","(X)","(X)","23.4","(X)",
"1400000US25025040401","Census Tract 404.01; Suffolk County; Massachusetts","1239","161","4.0","4.3","2.0","2.6","4.6","4.4","6.1","7.2","5.8","4.6","7.5","5.6","10.6","6.4","12.4","5.3","14.0","6.9","32.9","8.8","134821","48051","171023","30033","29.2","(X)","(X)","(X)","(X)","(X)","710","164","0.0","5.8","0.0","5.8","0.3","0.8","9.7","11.9","8.0","7.8","3.7","4.4","10.8","8.3","3.9","3.6","16.6","9.4","46.9","13.1","189643","35707","218532","45342","(X)","(X)","34.1","(X)","(X)","(X)","493","127","0.0","8.3","0.0","8.3","0.4","1.1","0.0","8.3","0.0","8.3","1.8","2.8","11.4","9.4","2.6","3.5","23.9","12.6","59.8","12.2","220990","46060","N","N","(X)","(X)","(X)","(X)","(X)","(X)","529","161","9.5","10.0","4.7","5.6","10.4","10.4","1.1","2.1","2.8","3.2","15.9","13.2","13.0","12.2","17.8","10.0","10.6","8.5","14.2","10.1","94356","39490","104613","25352","(X)","(X)","(X)","(X)","22.7","(X)",
"1400000US25025040600","Census Tract 406; Suffolk County; Massachusetts","1809","173","1.6","1.4","0.0","2.3","8.6","8.2","3.0","2.1","1.9","2.4","9.5","4.8","4.1","2.3","17.5","5.4","14.9","6.5","38.9","7.4","155054","17961","208333","30370","26.1","(X)","(X)","(X)","(X)","(X)","729","132","0.0","5.7","0.0","5.7","3.8","4.4","3.7","5.2","0.0","5.7","8.5","6.0","3.4","3.8","19.3","8.2","9.9","5.9","51.3","9.3","212159","103847","273700","56341","(X)","(X)","31.4","(X)","(X)","(X)","640","137","0.0","6.4","0.0","6.4","4.4","5.0","4.2","5.8","0.0","6.4","1.6","2.3","2.0","2.8","19.1","8.7","11.3","6.6","57.5","9.9","250,000+","***","N","N","(X)","(X)","(X)","(X)","(X)","(X)","1080","205","2.7","2.5","0.0","3.9","11.8","13.1","2.6","2.4","3.2","4.0","10.1","7.0","4.6","2.8","16.8","6.9","17.7","10.1","30.6","9.7","144405","28550","161579","29379","(X)","(X)","(X)","(X)","22.6","(X)",
"1400000US25025040801","Census Tract 408.01; Suffolk County; Massachusetts","2114","235","3.5","2.0","9.2","8.7","9.9","5.4","10.6","6.6","2.9","2.3","11.7","5.5","8.0","4.7","7.6","4.8","5.7","3.1","30.8","8.8","88319","39970","149988","30557","31.6","(X)","(X)","(X)","(X)","(X)","1057","173","0.8","1.4","2.6","3.0","6.2","5.8","17.1","13.0","3.5","4.3","9.3","8.1","9.8","8.2","3.7","3.2","4.0","4.0","43.0","13.4","-","**","186486","41866","(X)","(X)","30.9","(X)","(X)","(X)","722","193","1.1","2.0","1.1","2.2","2.4","2.7","6.0","4.5","2.2","3.1","7.8","10.0","6.4","6.2","5.4","4.5","5.8","6.0","61.9","13.1","240615","47828","N","N","(X)","(X)","(X)","(X)","(X)","(X)","1057","249","6.1","3.5","15.9","16.2","13.6","8.6","4.1","4.6","2.4","2.3","14.2","8.5","6.1","3.5","11.5","9.5","7.4","5.0","18.6","8.5","58036","37345","113490","32350","(X)","(X)","(X)","(X)","32.3","(X)",
"1400000US25025050101","Census Tract 501.01; Suffolk County; Massachusetts","1804","200","7.4","4.3","15.4","6.9","4.8","2.5","9.5","4.7","4.4","3.4","9.0","5.2","18.6","7.3","8.6","3.6","4.5","3.7","17.7","5.3","72344","26621","99078","14185","61.0","(X)","(X)","(X)","(X)","(X)","1085","182","1.1","1.6","4.2","3.2","3.3","2.9","15.6","7.9","6.8","5.7","11.1","6.8","19.4","10.1","9.2","5.4","5.2","5.4","24.1","7.6","90127","14513","122320","19834","(X)","(X)","63.2","(X)","(X)","(X)","639","185","0.0","6.4","4.4","4.6","0.0","6.4","9.7","8.1","0.0","6.4","13.3","11.9","20.8","16.6","8.5","5.8","8.0","8.9","35.4","12.6","122917","72747","N","N","(X)","(X)","(X)","(X)","(X)","(X)","719","186","17.0","10.1","32.3","13.1","8.5","5.8","7.2","6.6","5.0","4.9","4.9","5.7","6.0","5.2","10.4","6.8","3.5","4.2","5.3","5.1","17292","11372","54579","16130","(X)","(X)","(X)","(X)","51.0","(X)",
"1400000US25025050200","Census Tract 502; Suffolk County; Massachusetts","1786","226","2.1","2.1","2.1","3.3","7.4","5.1","9.8","6.0","10.9","5.6","11.7","6.7","20.7","7.6","11.2","4.7","7.3","3.8","16.9","8.7","81964","13774","109543","21659","53.2","(X)","(X)","(X)","(X)","(X)","992","151","3.3","5.5","0.0","4.2","8.6","6.7","7.4","7.3","15.1","8.2","19.1","11.2","19.2","10.2","11.1","5.7","9.5","5.2","6.9","4.6","71009","15813","92310","15569","(X)","(X)","56.9","(X)","(X)","(X)","534","167","0.0","7.6","0.0","7.6","3.7","5.7","8.4","9.6","22.8","13.2","15.0","13.2","18.5","13.5","8.6","7.6","14.6","9.0","8.2","6.5","75000","22360","N","N","(X)","(X)","(X)","(X)","(X)","(X)","794","221","4.8","4.7","4.7","7.1","6.5","6.8","11.6","9.1","7.8","7.5","8.6","7.2","19.1","9.7","9.6","6.1","6.5","6.9","20.8","18.2","85714","29590","113469","42944","(X)","(X)","(X)","(X)","36.5","(X)",
"1400000US25025050300","Census Tract 503; Suffolk County; Massachusetts","1689","197","8.4","4.7","16.3","8.4","4.9","3.8","4.0","2.5","7.7","6.4","15.6","6.1","11.1","4.8","12.0","4.8","7.8","3.7","12.2","5.3","70295","12391","90934","16150","43.0","(X)","(X)","(X)","(X)","(X)","667","124","5.5","6.7","2.7","4.1","7.8","8.2","0.0","6.2","1.0","1.7","26.1","11.4","14.8","9.8","14.4","9.7","12.4","6.9","15.1","9.9","84479","23595","112515","23686","(X)","(X)","58.8","(X)","(X)","(X)","470","125","2.3","3.7","0.0","8.6","9.1","10.1","0.0","8.6","1.5","2.4","22.6","12.9","21.1","13.9","14.0","9.7","9.8","6.8","19.6","12.5","91163","18718","N","N","(X)","(X)","(X)","(X)","(X)","(X)","1022","192","10.3","6.2","27.0","13.0","3.0","3.2","6.6","4.3","12.0","10.4","8.7","6.9","6.8","5.0","10.5","4.8","4.8","3.8","10.3","5.3","42846","17268","75402","17663","(X)","(X)","(X)","(X)","32.7","(X)",
"1400000US25025050400","Census Tract 504; Suffolk County; Massachusetts","1016","153","16.3","12.6","3.4","3.8","4.3","5.1","7.7","5.3","4.7","4.7","12.2","6.9","12.4","7.2","17.0","6.9","6.8","4.4","15.1","6.8","79667","32991","111427","27016","38.9","(X)","(X)","(X)","(X)","(X)","296","86","0.0","13.3","0.0","13.3","0.0","13.3","12.8","11.6","2.0","5.0","20.9","13.0","16.9","14.4","15.2","11.4","4.4","8.4","27.7","13.0","96974","56340","160478","46198","(X)","(X)","38.2","(X)","(X)","(X)","212","73","0.0","18.1","0.0","18.1","0.0","18.1","0.0","18.1","2.8","7.4","11.3","10.9","19.8","19.2","21.2","15.5","6.1","11.1","38.7","17.0","142500","74795","N","N","(X)","(X)","(X)","(X)","(X)","(X)","720","159","23.1","16.4","4.9","5.3","6.1","7.4","7.4","6.2","5.8","6.1","8.3","7.9","9.0","7.4","17.8","9.1","7.8","5.8","9.9","6.4","67500","46579","90030","25862","(X)","(X)","(X)","(X)","39.2","(X)",
"1400000US25025050500","Census Tract 505; Suffolk County; Massachusetts","991","133","2.0","1.9","1.5","1.8","1.9","1.7","1.2","1.9","16.6","9.0","13.9","5.3","10.6","5.8","27.2","8.8","7.5","3.9","17.5","5.9","105625","17222","121590","14618","49.8","(X)","(X)","(X)","(X)","(X)","377","73","0.0","10.7","1.6","2.5","3.7","5.3","4.2","5.3","21.0","14.6","6.9","8.6","0.0","10.7","21.2","13.8","11.1","6.3","30.2","12.7","132083","36686","143888","26539","(X)","(X)","60.7","(X)","(X)","(X)","250","71","0.0","15.6","0.0","15.6","0.0","15.6","0.0","15.6","9.6","10.4","8.0","12.2","0.0","15.6","26.0","16.5","16.8","9.7","39.6","17.2","157500","34237","N","N","(X)","(X)","(X)","(X)","(X)","(X)","614","133","3.3","3.0","2.4","2.9","3.1","2.7","0.0","6.7","18.9","13.1","11.7","6.1","17.1","9.4","28.7","10.6","5.2","4.6","9.6","5.9","91000","20597","103819","18245","(X)","(X)","(X)","(X)","40.2","(X)",
"1400000US25025050600","Census Tract 506; Suffolk County; Massachusetts","798","102","2.5","2.7","3.1","3.9","7.4","4.9","4.6","3.7","6.3","4.5","24.4","10.5","7.0","6.3","16.2","8.0","10.5","6.7","17.9","9.0","83571","27315","115619","21031","63.3","(X)","(X)","(X)","(X)","(X)","438","116","2.5","4.4","4.3","6.9","0.0","9.2","7.1","7.3","10.5","9.8","37.2","15.7","0.9","1.4","19.6","14.5","3.9","4.1","13.9","7.8","67000","12442","97258","17021","(X)","(X)","67.6","(X)","(X)","(X)","236","98","0.0","16.4","0.0","16.4","0.0","16.4","0.0","16.4","3.4","4.7","41.1","22.5","0.0","16.4","32.2","23.8","3.0","5.1","20.3","16.1","101548","43375","N","N","(X)","(X)","(X)","(X)","(X)","(X)","360","85","2.5","3.2","1.7","2.3","16.4","10.3","5.6","5.3","9.4","8.2","10.6","6.5","7.8","6.5","22.2","14.1","14.7","11.2","9.2","6.0","83929","34996","99903","18931","(X)","(X)","(X)","(X)","44.2","(X)",
"1400000US25025050700","Census Tract 507; Suffolk County; Massachusetts","1640","237","1.3","1.5","3.4","3.8","2.1","1.9","9.7","5.8","7.9","4.6","23.4","12.0","12.3","7.0","21.8","8.3","10.3","5.9","7.9","3.5","82712","26608","100604","13695","55.2","(X)","(X)","(X)","(X)","(X)","915","157","3.2","3.1","3.1","4.8","0.0","4.5","15.6","9.4","15.3","8.5","15.8","10.0","14.8","8.7","20.3","11.6","6.4","4.8","5.5","4.7","70691","26312","91236","17816","(X)","(X)","54.0","(X)","(X)","(X)","515","148","1.6","2.5","5.4","8.6","0.0","7.9","12.4","10.1","11.8","11.6","20.8","13.9","13.4","11.9","16.5","12.5","8.3","6.8","9.7","8.2","62460","34834","N","N","(X)","(X)","(X)","(X)","(X)","(X)","725","241","0.0","5.7","3.7","6.1","4.7","4.3","5.4","7.0","1.5","2.7","33.9","22.0","9.1","8.7","22.6","12.7","15.2","12.3","3.9","3.4","81250","42293","95226","21271","(X)","(X)","(X)","(X)","56.7","(X)",
"1400000US25025050901","Census Tract 509.01; Suffolk County; Massachusetts","1380","176","2.8","2.3","0.0","3.0","4.4","4.6","3.0","4.0","0.0","3.0","29.0","10.4","14.3","7.8","17.5","8.8","8.1","4.9","20.9","9.8","91250","25982","126868","26821","59.8","(X)","(X)","(X)","(X)","(X)","1050","185","2.3","3.5","0.0","4.0","17.2","12.9","3.9","5.3","0.0","4.0","34.3","12.2","16.6","9.9","7.9","6.5","9.9","7.7","7.9","5.4","63869","21468","84275","14255","(X)","(X)","52.9","(X)","(X)","(X)","464","160","0.0","8.7","0.0","8.7","0.0","8.7","0.0","8.7","0.0","8.7","49.8","17.2","17.5","15.0","12.7","12.3","7.5","6.8","12.5","11.3","75081","10740","N","N","(X)","(X)","(X)","(X)","(X)","(X)","330","124","4.5","6.8","0.0","12.1","7.9","8.8","0.0","12.1","0.0","12.1","14.8","14.1","13.3","9.9","35.8","20.0","13.6","11.2","10.0","9.6","125060","30686","118361","20709","(X)","(X)","(X)","(X)","40.0","(X)",
"1400000US25025051000","Census Tract 510; Suffolk County; Massachusetts","2014","171","4.7","4.0","5.5","3.6","4.4","3.2","5.7","3.5","11.7","5.7","14.6","7.7","10.9","4.9","9.2","4.4","15.5","5.9","17.8","8.1","88533","22372","126043","25417","49.0","(X)","(X)","(X)","(X)","(X)","1064","232","4.3","5.6","0.0","3.9","2.3","3.3","8.4","9.5","12.4","8.2","8.9","6.4","8.0","6.5","19.9","10.7","15.4","8.3","20.3","12.5","113232","22476","145473","41648","(X)","(X)","48.1","(X)","(X)","(X)","614","193","1.6","2.7","0.0","6.7","4.1","5.7","0.0","6.7","9.6","10.1","6.0","6.8","9.9","9.9","24.4","14.4","9.1","7.9","35.2","17.5","121667","51861","N","N","(X)","(X)","(X)","(X)","(X)","(X)","950","163","8.8","7.8","11.7","7.4","6.7","5.2","10.0","7.0","7.1","6.1","13.7","8.0","14.2","7.9","8.4","6.8","6.5","4.7","12.8","8.1","56818","16834","92461","25680","(X)","(X)","(X)","(X)","40.8","(X)",
"1400000US25025051101","Census Tract 511.01; Suffolk County; Massachusetts","2625","446","0.6","0.9","11.4","10.0","6.2","4.8","2.2","2.8","10.8","6.1","17.3","10.2","16.5","9.0","14.6","7.8","9.3","6.0","11.0","5.0","76750","21940","101214","16628","63.8","(X)","(X)","(X)","(X)","(X)","1450","245","4.0","5.3","1.6","2.5","9.5","8.1","3.2","4.9","13.9","9.0","10.9","7.7","16.8","9.4","13.1","7.4","17.1","10.1","9.9","5.9","84375","24806","113352","26717","(X)","(X)","59.3","(X)","(X)","(X)","948","274","1.6","2.6","0.0","4.4","4.4","6.8","0.0","4.4","11.6","9.5","12.3","12.6","18.0","12.4","17.2","10.3","19.7","12.5","15.1","9.0","108750","47760","N","N","(X)","(X)","(X)","(X)","(X)","(X)","1175","457","0.0","3.5","23.6","20.4","2.0","2.6","1.0","1.9","7.2","8.2","21.3","21.2","16.3","17.2","17.4","13.1","0.0","3.5","11.2","9.0","57543","43833","82391","23228","(X)","(X)","(X)","(X)","69.4","(X)",
"1400000US25025051200","Census Tract 512; Suffolk County; Massachusetts","1547","235","7.3","6.7","1.8","2.1","2.3","2.1","4.8","4.4","3.0","2.1","4.3","3.4","16.2","7.9","15.3","6.7","19.0","7.9","25.9","10.2","130795","37377","138486","18470","34.1","(X)","(X)","(X)","(X)","(X)","566","131","0.0","7.2","0.0","7.2","2.3","3.5","2.1","3.1","0.5","1.2","1.2","2.5","16.6","12.2","32.9","16.0","15.7","8.0","28.6","12.1","137714","41161","167439","25107","(X)","(X)","33.6","(X)","(X)","(X)","464","133","0.0","8.7","0.0","8.7","0.0","8.7","1.1","2.9","0.6","1.5","1.5","3.0","10.3","10.8","40.1","18.3","14.0","9.3","32.3","14.2","138786","35144","N","N","(X)","(X)","(X)","(X)","(X)","(X)","981","249","11.5","10.2","2.9","3.3","2.3","2.6","6.4","6.5","4.4","3.2","6.1","5.6","17.4","9.7","11.9","6.1","14.9","8.0","22.1","14.3","97813","31957","115639","25238","(X)","(X)","(X)","(X)","34.5","(X)",
"1400000US25025060101","Census Tract 601.01; Suffolk County; Massachusetts","1741","198","1.3","1.2","0.6","0.9","1.4","1.3","3.0","2.3","4.3","3.7","5.9","2.8","14.3","5.5","21.1","7.1","19.4","7.3","28.7","8.0","146737","22594","192599","26194","35.0","(X)","(X)","(X)","(X)","(X)","676","132","0.0","6.1","0.0","6.1","1.3","2.3","0.0","6.1","4.6","5.6","6.2","6.3","12.1","7.0","17.5","10.0","13.6","7.6","44.7","13.9","185500","51426","242251","49199","(X)","(X)","30.8","(X)","(X)","(X)","464","135","0.0","8.7","0.0","8.7","1.9","3.4","0.0","8.7","6.7","8.1","0.0","8.7","4.7","6.1","8.8","8.0","14.2","10.0","63.6","15.1","250,000+","***","N","N","(X)","(X)","(X)","(X)","(X)","(X)","1065","210","2.2","2.0","0.9","1.5","1.5","1.8","4.9","3.7","4.1","4.5","5.7","3.0","15.7","8.1","24.7","9.0","21.7","10.6","18.6","8.7","119476","49434","159212","26668","(X)","(X)","(X)","(X)","37.7","(X)",
"1400000US25025060200","Census Tract 602; Suffolk County; Massachusetts","961","82","2.1","2.2","0.5","0.8","2.6","2.4","5.4","4.1","3.7","2.4","6.0","3.4","8.8","4.9","12.2","5.6","24.3","7.9","34.2","7.9","166750","16970","205793","50279","47.0","(X)","(X)","(X)","(X)","(X)","340","74","2.4","3.7","0.0","11.7","6.2","6.6","2.9","3.1","1.5","2.2","5.0","3.9","8.2","7.6","12.6","6.7","23.5","10.1","37.6","11.2","170476","14279","271451","128259","(X)","(X)","51.5","(X)","(X)","(X)","250","71","3.2","5.0","0.0","15.6","1.6","3.3","2.0","2.7","2.0","3.0","6.8","5.2","5.6","5.7","6.4","5.4","28.0","12.5","44.4","13.9","175227","67614","N","N","(X)","(X)","(X)","(X)","(X)","(X)","621","99","1.9","2.5","0.8","1.2","0.6","1.1","6.8","6.0","5.0","3.5","6.6","5.2","11.4","6.8","13.5","7.1","25.8","10.1","27.5","9.8","152228","34442","158265","23002","(X)","(X)","(X)","(X)","42.4","(X)",
"1400000US25025060301","Census Tract 603.01; Suffolk County; Massachusetts","1701","220","6.1","4.6","0.4","0.6","2.1","1.8","3.6","2.5","2.1","2.1","8.5","5.2","3.3","2.4","19.5","6.0","14.2","5.4","40.2","9.6","172171","33047","189979","32724","25.8","(X)","(X)","(X)","(X)","(X)","593","151","6.2","9.1","0.0","6.9","2.0","3.3","4.2","4.7","0.8","1.2","8.1","8.2","2.0","2.7","20.2","13.2","26.1","12.1","30.2","12.1","170375","32341","179801","31871","(X)","(X)","18.2","(X)","(X)","(X)","440","149","8.4","11.9","0.0","9.2","0.0","9.2","3.0","4.7","0.0","9.2","0.0","9.2","0.9","1.9","19.8","17.2","34.1","16.4","33.9","16.1","176635","16164","N","N","(X)","(X)","(X)","(X)","(X)","(X)","1108","228","6.0","5.2","0.6","1.0","2.1","2.3","3.2","3.1","3.2","3.2","9.4","8.8","4.0","3.1","18.6","8.5","7.9","4.8","44.9","12.8","172222","79637","193408","46218","(X)","(X)","(X)","(X)","29.9","(X)",
"1400000US25025060400","Census Tract 604; Suffolk County; Massachusetts","2380","225","1.0","1.5","0.5","0.8","2.1","2.6","4.7","3.9","1.6","1.5","4.0","3.0","11.4","4.9","13.3","6.4","16.6","6.6","44.8","10.5","188333","44446","213044","39214","34.4","(X)","(X)","(X)","(X)","(X)","773","207","0.0","5.3","0.0","5.3","0.0","5.3","0.0","5.3","2.5","4.0","0.0","5.3","15.5","9.4","16.9","9.9","15.5","10.4","49.5","17.0","194028","67463","278977","92426","(X)","(X)","44.0","(X)","(X)","(X)","605","207","0.0","6.8","0.0","6.8","0.0","6.8","0.0","6.8","0.0","6.8","0.0","6.8","16.5","12.0","14.9","12.1","14.2","10.0","54.4","18.1","209866","112726","N","N","(X)","(X)","(X)","(X)","(X)","(X)","1607","209","1.4","2.3","0.7","1.2","3.1","3.8","6.9","5.6","1.2","2.2","5.9","4.3","9.5","5.7","14.1","8.6","17.1","8.2","40.1","12.0","163563","52586","177401","23659","(X)","(X)","(X)","(X)","29.7","(X)",
"1400000US25025060501","Census Tract 605.01; Suffolk County; Massachusetts","1997","224","0.0","2.1","0.7","1.1","3.0","3.1","2.7","2.8","1.0","1.9","8.7","6.2","7.3","5.3","16.2","6.0","19.8","7.7","40.8","9.9","175612","26763","209856","29434","30.7","(X)","(X)","(X)","(X)","(X)","872","200","0.0","4.8","0.0","4.8","0.0","4.8","0.0","4.8","2.2","4.3","5.8","6.3","12.3","9.4","7.5","9.4","26.1","11.7","46.1","15.5","189141","60911","254628","61630","(X)","(X)","25.1","(X)","(X)","(X)","801","185","0.0","5.2","0.0","5.2","0.0","5.2","0.0","5.2","2.4","4.8","4.1","6.1","13.4","10.2","8.1","10.2","25.6","12.2","46.4","16.2","187773","69721","N","N","(X)","(X)","(X)","(X)","(X)","(X)","1125","205","0.0","3.7","1.2","1.9","5.2","5.3","4.7","4.9","0.0","3.7","12.4","9.8","4.6","5.5","21.4","8.2","14.8","10.0","35.5","11.6","165625","67992","172060","25342","(X)","(X)","(X)","(X)","35.0","(X)",
"1400000US25025060601","Census Tract 606.01; Suffolk County; Massachusetts","1059","198","6.0","5.2","0.0","3.9","3.5","4.5","1.5","2.6","2.7","3.1","6.9","2.3","2.2","2.3","20.7","9.1","15.7","8.3","40.8","12.3","159464","36711","187598","36010","52.4","(X)","(X)","(X)","(X)","(X)","415","188","6.0","9.8","0.0","9.7","0.0","9.7","0.0","9.7","4.6","6.6","14.7","8.4","0.0","9.7","0.0","9.7","11.6","12.9","63.1","20.3","216250","78576","226459","74209","(X)","(X)","75.2","(X)","(X)","(X)","294","182","8.5","14.7","0.0","13.4","0.0","13.4","0.0","13.4","6.5","10.0","0.0","13.4","0.0","13.4","0.0","13.4","4.4","6.8","80.6","17.5","250,000+","***","N","N","(X)","(X)","(X)","(X)","(X)","(X)","644","128","6.1","7.0","0.0","6.4","5.7","6.9","2.5","4.2","1.6","2.7","1.9","2.9","3.6","3.7","34.0","13.2","18.3","9.4","26.4","9.4","132308","25753","162556","29505","(X)","(X)","(X)","(X)","37.7","(X)",
"1400000US25025060602","Census Tract 606.02; Suffolk County; Massachusetts","297","118","4.7","7.1","3.0","4.8","12.1","14.9","0.0","13.3","8.4","9.3","0.0","13.3","3.7","4.4","29.6","22.4","19.5","17.8","18.9","17.0","112346","54625","127755","33384","15.8","(X)","(X)","(X)","(X)","(X)","30","28","0.0","61.9","0.0","61.9","0.0","61.9","0.0","61.9","0.0","61.9","0.0","61.9","0.0","61.9","0.0","61.9","16.7","33.1","83.3","33.1","250,000+","***","264260","49328","(X)","(X)","0.0","(X)","(X)","(X)","30","28","0.0","61.9","0.0","61.9","0.0","61.9","0.0","61.9","0.0","61.9","0.0","61.9","0.0","61.9","0.0","61.9","16.7","33.1","83.3","33.1","250,000+","***","264260","49328","(X)","(X)","(X)","(X)","(X)","(X)","267","118","5.2","8.0","3.4","5.4","13.5","16.7","0.0","14.7","9.4","10.3","0.0","14.7","4.1","4.9","33.0","24.4","19.9","20.0","11.6","16.7","111689","34843","112417","32822","(X)","(X)","(X)","(X)","17.6","(X)",
"1400000US25025060603","Census Tract 606.03; Suffolk County; Massachusetts","814","152","3.6","4.1","0.0","5.1","0.0","5.1","0.7","1.3","5.5","5.8","6.1","4.1","15.0","9.7","14.1","7.7","10.0","8.6","45.0","10.8","183125","68657","232044","44373","33.7","(X)","(X)","(X)","(X)","(X)","236","85","0.0","16.4","0.0","16.4","0.0","16.4","0.0","16.4","0.0","16.4","4.7","8.5","10.2","14.9","6.8","7.2","11.9","11.4","66.5","18.8","250,000+","***","287310","82709","(X)","(X)","46.6","(X)","(X)","(X)","206","81","0.0","18.5","0.0","18.5","0.0","18.5","0.0","18.5","0.0","18.5","0.0","18.5","11.7","16.7","2.9","4.6","13.6","13.0","71.8","19.1","250,000+","***","N","N","(X)","(X)","(X)","(X)","(X)","(X)","578","142","5.0","5.9","0.0","7.1","0.0","7.1","1.0","1.8","7.8","8.2","6.7","6.4","17.0","12.7","18.2","10.1","9.2","10.2","35.1","12.4","142857","71898","207628","49941","(X)","(X)","(X)","(X)","28.4","(X)",
"1400000US25025060604","Census Tract 606.04; Suffolk County; Massachusetts","1851","200","0.4","0.7","1.9","1.8","1.1","1.3","0.5","0.8","3.8","3.1","2.3","2.0","2.4","2.2","19.9","7.4","13.3","5.8","54.2","9.9","212217","22120","315927","58771","31.5","(X)","(X)","(X)","(X)","(X)","460","116","0.0","8.8","0.0","8.8","0.0","8.8","0.0","8.8","0.0","8.8","1.7","2.8","1.5","2.7","15.0","12.0","21.1","10.4","60.7","15.4","242317","56088","375731","91961","(X)","(X)","33.7","(X)","(X)","(X)","420","112","0.0","9.6","0.0","9.6","0.0","9.6","0.0","9.6","0.0","9.6","1.9","3.1","1.7","3.0","11.9","12.4","23.1","11.5","61.4","16.7","242256","55167","N","N","(X)","(X)","(X)","(X)","(X)","(X)","1391","224","0.6","1.0","2.6","2.4","1.5","1.8","0.7","1.1","5.0","4.1","2.5","2.6","2.7","2.8","21.5","9.2","10.8","7.6","52.0","12.9","210950","46702","296150","86183","(X)","(X)","(X)","(X)","30.8","(X)",
"1400000US25025060700","Census Tract 607; Suffolk County; Massachusetts","893","289","17.0","9.9","13.3","7.8","38.1","18.8","2.5","2.3","6.3","5.5","12.5","6.7","4.4","3.0","5.9","4.7","0.0","4.6","0.0","4.6","22552","2118","32772","5105","40.9","(X)","(X)","(X)","(X)","(X)","421","82","12.4","8.6","9.3","8.7","20.7","11.0","3.8","4.1","9.7","9.3","23.8","10.6","9.3","6.5","11.2","8.6","0.0","9.6","0.0","9.6","43355","20735","47752","9267","(X)","(X)","47.7","(X)","(X)","(X)","96","47","0.0","34.0","0.0","34.0","15.6","15.4","0.0","34.0","12.5","20.0","31.3","26.4","0.0","34.0","40.6","27.2","0.0","34.0","0.0","34.0","70769","37643","N","N","(X)","(X)","(X)","(X)","(X)","(X)","472","275","21.2","17.2","16.9","15.0","53.6","28.1","1.3","2.0","3.2","5.9","2.5","4.5","0.0","8.6","1.3","2.8","0.0","8.6","0.0","8.6","20596","7784","19410","4493","(X)","(X)","(X)","(X)","34.7","(X)",
"1400000US25025060800","Census Tract 608; Suffolk County; Massachusetts","2202","243","3.5","3.6","0.0","1.9","4.1","3.4","2.4","3.0","0.0","1.9","8.7","5.1","6.0","4.7","17.9","6.7","14.1","6.0","43.3","8.1","173333","33894","200288","30302","31.8","(X)","(X)","(X)","(X)","(X)","638","162","0.0","6.4","0.0","6.4","2.4","3.9","7.5","10.5","0.0","6.4","5.2","6.6","0.0","6.4","19.7","16.1","4.4","4.8","60.8","15.2","225706","9510","213753","40882","(X)","(X)","34.2","(X)","(X)","(X)","595","155","0.0","6.9","0.0","6.9","2.5","4.2","8.1","11.3","0.0","6.9","5.5","6.9","0.0","6.9","21.2","17.0","4.7","5.1","58.0","15.1","225390","21308","N","N","(X)","(X)","(X)","(X)","(X)","(X)","1564","234","4.9","5.2","0.0","2.7","4.9","4.8","0.3","0.5","0.0","2.7","10.2","6.7","8.4","6.5","17.1","6.9","18.1","8.1","36.1","10.3","155278","25025","194795","40302","(X)","(X)","(X)","(X)","30.8","(X)",
"1400000US25025061000","Census Tract 610; Suffolk County; Massachusetts","1246","247","6.7","4.5","4.3","3.4","5.2","4.3","8.7","7.0","11.7","6.6","8.7","5.9","8.9","6.7","9.5","5.3","6.1","4.2","30.3","11.1","85931","34286","174529","39540","46.1","(X)","(X)","(X)","(X)","(X)","577","208","9.5","9.2","0.0","7.1","5.9","6.1","4.5","7.1","18.4","12.1","6.8","5.6","3.3","4.4","8.3","8.4","2.3","3.6","41.1","20.1","-","**","239160","70005","(X)","(X)","54.1","(X)","(X)","(X)","376","201","0.0","10.7","0.0","10.7","4.8","5.8","0.0","10.7","17.0","15.3","5.6","6.3","2.7","5.6","8.2","11.5","0.0","10.7","61.7","22.2","250,000+","***","N","N","(X)","(X)","(X)","(X)","(X)","(X)","669","157","9.3","6.5","7.9","6.2","4.6","5.6","7.2","9.0","6.0","6.6","10.5","8.9","15.1","11.2","10.5","7.5","8.1","7.3","20.9","9.7","81758","25346","116268","28764","(X)","(X)","(X)","(X)","39.3","(X)",
"1400000US25025061101","Census Tract 611.01; Suffolk County; Massachusetts","1170","142","23.1","8.2","20.3","8.4","10.3","5.9","9.9","5.9","18.6","10.0","8.1","6.0","2.6","2.3","0.8","1.2","2.5","2.9","3.8","3.3","19221","9586","37598","8414","35.3","(X)","(X)","(X)","(X)","(X)","577","152","8.5","7.0","25.6","13.5","7.1","5.6","7.8","6.8","27.6","15.7","16.5","11.4","3.3","3.5","3.6","4.0","0.0","7.1","0.0","7.1","35229","12270","34499","6722","(X)","(X)","34.8","(X)","(X)","(X)","110","57","6.4","9.3","0.0","31.0","15.5","18.2","29.1","27.7","0.0","31.0","31.8","25.4","9.1","12.5","8.2","13.2","0.0","31.0","0.0","31.0","-","**","N","N","(X)","(X)","(X)","(X)","(X)","(X)","593","142","37.3","14.3","15.9","11.7","13.5","9.9","11.1","8.2","9.9","11.7","0.0","6.9","1.9","3.1","0.0","6.9","4.9","5.5","5.6","5.8","13555","7073","38636","14394","(X)","(X)","(X)","(X)","34.9","(X)",
"1400000US25025061201","Census Tract 612.01; Suffolk County; Massachusetts","878","214","9.3","9.9","0.0","4.7","13.2","15.2","6.7","8.8","5.5","5.5","8.5","9.2","6.9","6.0","23.9","13.8","4.0","6.9","21.9","11.5","89375","61968","121551","41870","23.1","(X)","(X)","(X)","(X)","(X)","325","182","0.0","12.2","0.0","12.2","33.2","35.4","0.0","12.2","0.0","12.2","3.1","5.4","11.7","13.6","0.0","12.2","10.8","18.3","41.2","30.2","-","**","177937","108806","(X)","(X)","20.6","(X)","(X)","(X)","325","182","0.0","12.2","0.0","12.2","33.2","35.4","0.0","12.2","0.0","12.2","3.1","5.4","11.7","13.6","0.0","12.2","10.8","18.3","41.2","30.2","-","**","N","N","(X)","(X)","(X)","(X)","(X)","(X)","553","122","14.8","15.3","0.0","7.4","1.4","2.6","10.7","14.6","8.7","8.4","11.8","13.9","4.2","5.0","38.0","18.8","0.0","7.4","10.5","9.6","79917","72581","88413","26341","(X)","(X)","(X)","(X)","24.6","(X)",
"1400000US25025061202","Census Tract 612.02; Suffolk County; Massachusetts","0","14","-","**","-","**","-","**","-","**","-","**","-","**","-","**","-","**","-","**","-","**","-","**","-","**","-","(X)","(X)","(X)","(X)","(X)","0","14","-","**","-","**","-","**","-","**","-","**","-","**","-","**","-","**","-","**","-","**","-","**","-","**","(X)","(X)","-","(X)","(X)","(X)","0","14","-","**","-","**","-","**","-","**","-","**","-","**","-","**","-","**","-","**","-","**","-","**","-","**","(X)","(X)","(X)","(X)","(X)","(X)","0","14","-","**","-","**","-","**","-","**","-","**","-","**","-","**","-","**","-","**","-","**","-","**","-","**","(X)","(X)","(X)","(X)","-","(X)",
"1400000US25025061203","Census Tract 612.03; Suffolk County; Massachusetts","1178","271","3.4","4.3","0.0","3.5","0.0","3.5","0.0","3.5","0.8","1.5","7.3","5.6","3.1","3.1","5.7","3.6","17.4","7.7","62.2","12.4","237188","35896","278112","45626","32.5","(X)","(X)","(X)","(X)","(X)","382","108","0.8","2.3","0.0","10.5","0.0","10.5","0.0","10.5","0.0","10.5","9.7","10.7","2.9","4.6","14.1","9.4","11.3","9.3","61.3","18.2","220288","44187","324187","103001","(X)","(X)","18.1","(X)","(X)","(X)","357","106","0.8","2.4","0.0","11.2","0.0","11.2","0.0","11.2","0.0","11.2","8.1","11.6","3.1","4.9","15.1","10.3","12.0","9.9","60.8","19.0","221490","62184","N","N","(X)","(X)","(X)","(X)","(X)","(X)","796","270","4.6","6.0","0.0","5.2","0.0","5.2","0.0","5.2","1.3","2.2","6.2","6.4","3.3","3.9","1.6","3.0","20.4","11.7","62.7","16.7","239828","48869","256001","35533","(X)","(X)","(X)","(X)","39.4","(X)",
"1400000US25025061204","Census Tract 612.04; Suffolk County; Massachusetts","612","220","0.0","6.7","3.9","3.4","0.0","6.7","0.0","6.7","7.2","7.2","3.9","4.8","2.5","2.8","12.6","8.5","41.3","21.0","28.6","12.2","158691","5109","224909","50444","11.3","(X)","(X)","(X)","(X)","(X)","168","33","0.0","22.1","0.0","22.1","0.0","22.1","0.0","22.1","6.0","8.4","0.0","22.1","0.0","22.1","3.6","5.2","28.0","8.9","62.5","10.4","250,000+","***","289369","39044","(X)","(X)","26.8","(X)","(X)","(X)","168","33","0.0","22.1","0.0","22.1","0.0","22.1","0.0","22.1","6.0","8.4","0.0","22.1","0.0","22.1","3.6","5.2","28.0","8.9","62.5","10.4","250,000+","***","N","N","(X)","(X)","(X)","(X)","(X)","(X)","444","224","0.0","9.1","5.4","5.0","0.0","9.1","0.0","9.1","7.7","9.0","5.4","6.9","3.4","4.1","16.0","11.9","46.4","27.2","15.8","12.4","154868","25470","198673","67595","(X)","(X)","(X)","(X)","5.4","(X)",
"1400000US25025070102","Census Tract 701.02; Suffolk County; Massachusetts","1078","160","13.5","8.1","8.0","6.2","8.2","5.5","0.0","3.9","4.2","5.3","10.0","7.4","6.0","4.2","17.4","8.7","5.0","3.7","27.6","10.3","100208","41016","157402","36541","27.2","(X)","(X)","(X)","(X)","(X)","434","124","28.3","17.1","0.0","9.3","10.4","8.3","0.0","9.3","0.0","9.3","2.5","4.1","5.5","6.6","23.0","14.0","1.4","2.7","28.8","14.3","107917","61289","157540","51104","(X)","(X)","19.1","(X)","(X)","(X)","383","123","27.2","19.4","0.0","10.5","11.7","9.4","0.0","10.5","0.0","10.5","2.9","4.5","6.3","7.3","17.8","10.8","1.6","3.0","32.6","15.4","101563","61962","N","N","(X)","(X)","(X)","(X)","(X)","(X)","644","141","3.6","4.2","13.4","10.2","6.7","7.2","0.0","6.4","7.0","8.8","15.1","11.5","6.4","6.3","13.7","10.6","7.5","5.7","26.9","12.8","84207","60867","157309","47349","(X)","(X)","(X)","(X)","32.6","(X)",
"1400000US25025070103","Census Tract 701.03; Suffolk County; Massachusetts","294","105","7.8","11.5","0.0","13.4","9.2","12.2","1.4","2.3","19.4","21.2","20.1","16.3","17.0","12.0","7.5","8.4","9.5","11.4","8.2","9.2","67788","35557","85073","25871","34.4","(X)","(X)","(X)","(X)","(X)","146","96","0.0","24.9","0.0","24.9","0.0","24.9","0.0","24.9","39.0","36.4","30.8","29.7","21.9","24.1","0.0","24.9","8.2","13.7","0.0","24.9","59423","30329","70244","22662","(X)","(X)","58.9","(X)","(X)","(X)","104","89","0.0","32.2","0.0","32.2","0.0","32.2","0.0","32.2","42.3","50.5","30.8","40.7","15.4","26.2","0.0","32.2","11.5","20.8","0.0","32.2","67692","52339","N","N","(X)","(X)","(X)","(X)","(X)","(X)","148","63","15.5","21.7","0.0","24.6","18.2","21.7","2.7","4.4","0.0","24.6","9.5","14.8","12.2","15.4","14.9","15.1","10.8","18.2","16.2","17.9","92857","87919","99703","45022","(X)","(X)","(X)","(X)","10.1","(X)",
"1400000US25025070104","Census Tract 701.04; Suffolk County; Massachusetts","1324","189","17.2","9.3","0.0","3.2","4.3","3.4","1.3","2.1","0.0","3.2","5.7","6.6","4.5","3.7","8.2","7.0","7.3","4.7","51.6","8.1","208750","48004","323518","87745","30.4","(X)","(X)","(X)","(X)","(X)","731","183","12.9","13.8","0.0","5.6","0.0","5.6","0.0","5.6","0.0","5.6","2.5","3.9","6.6","6.3","7.0","10.5","6.8","6.3","64.3","14.1","250,000+","***","435212","156272","(X)","(X)","27.8","(X)","(X)","(X)","574","140","0.0","7.1","0.0","7.1","0.0","7.1","0.0","7.1","0.0","7.1","0.0","7.1","6.1","6.8","8.9","13.0","8.7","7.7","76.3","14.1","250,000+","***","N","N","(X)","(X)","(X)","(X)","(X)","(X)","593","143","22.6","12.2","0.0","6.9","9.6","7.8","2.9","4.7","0.0","6.9","12.6","14.5","1.9","3.2","9.8","8.8","7.8","7.2","32.9","16.5","112798","87932","145567","50167","(X)","(X)","(X)","(X)","30.5","(X)",
"1400000US25025070201","Census Tract 702.01; Suffolk County; Massachusetts","966","156","12.2","6.6","15.0","9.8","8.5","5.7","6.0","7.6","9.6","8.3","6.3","4.4","5.3","3.4","8.0","4.7","1.9","1.5","27.2","7.9","42243","24573","123834","32416","39.2","(X)","(X)","(X)","(X)","(X)","333","69","8.4","7.0","2.1","3.2","20.4","15.6","2.7","4.3","10.8","12.2","5.7","9.0","3.0","4.7","3.3","5.2","2.1","3.0","41.4","13.2","-","**","178285","68268","(X)","(X)","22.8","(X)","(X)","(X)","270","55","10.4","8.4","0.0","14.5","14.1","9.7","3.3","5.3","13.3","14.9","0.0","14.5","3.7","5.8","4.1","6.3","2.6","3.8","48.5","11.5","-","**","N","N","(X)","(X)","(X)","(X)","(X)","(X)","633","151","14.2","9.9","21.8","14.1","2.2","2.7","7.7","11.4","9.0","10.4","6.6","5.0","6.5","4.7","10.4","7.4","1.7","2.6","19.7","9.2","40428","29257","95189","30351","(X)","(X)","(X)","(X)","47.9","(X)",
"1400000US25025070202","Census Tract 702.02; Suffolk County; Massachusetts","2121","253","19.0","7.4","9.3","6.7","9.0","5.2","5.9","3.5","7.8","4.1","6.1","3.4","14.4","6.9","6.8","4.0","4.1","3.1","17.4","7.4","44361","31164","102530","27642","30.3","(X)","(X)","(X)","(X)","(X)","824","183","1.2","2.0","4.6","6.2","12.7","9.4","10.0","7.3","14.7","8.1","6.3","5.0","21.7","14.9","5.2","5.4","0.0","5.0","23.5","13.1","77600","42999","134056","47942","(X)","(X)","49.3","(X)","(X)","(X)","591","162","1.7","2.9","4.2","6.2","9.0","9.6","9.8","10.6","16.4","10.7","8.8","7.1","12.0","16.7","7.3","7.4","0.0","6.9","30.8","18.0","77518","55209","N","N","(X)","(X)","(X)","(X)","(X)","(X)","1297","221","30.3","11.5","12.3","10.5","6.6","6.2","3.4","3.0","3.4","3.5","6.0","4.4","9.7","7.1","7.9","5.5","6.8","5.0","13.6","6.9","30188","30048","82501","28654","(X)","(X)","(X)","(X)","18.3","(X)",
"1400000US25025070301","Census Tract 703.01; Suffolk County; Massachusetts","1290","232","9.5","10.4","1.7","2.1","1.0","1.7","2.9","2.6","1.8","2.0","7.1","5.2","3.3","2.8","14.8","10.9","11.3","6.5","46.7","11.4","185917","64768","298688","87715","35.5","(X)","(X)","(X)","(X)","(X)","506","132","0.0","8.1","4.3","5.4","0.0","8.1","0.0","8.1","0.0","8.1","0.0","8.1","3.8","4.5","8.7","8.3","13.6","12.7","69.6","14.2","250,000+","***","437564","192613","(X)","(X)","43.9","(X)","(X)","(X)","479","127","0.0","8.5","4.6","5.8","0.0","8.5","0.0","8.5","0.0","8.5","0.0","8.5","4.0","4.9","9.2","8.7","14.4","13.5","67.8","15.2","250,000+","***","N","N","(X)","(X)","(X)","(X)","(X)","(X)","784","241","15.6","16.4","0.0","5.3","1.7","2.8","4.8","4.5","2.9","3.3","11.6","9.0","2.9","3.7","18.8","17.0","9.8","6.6","31.9","13.3","135967","32125","207888","69536","(X)","(X)","(X)","(X)","30.1","(X)",
"1400000US25025070302","Census Tract 703.02; Suffolk County; Massachusetts","1125","163","11.6","7.6","13.2","12.4","7.6","8.6","3.3","3.3","2.1","3.5","0.9","1.4","1.6","2.6","15.8","9.1","8.0","5.9","35.8","12.6","131223","40591","206405","51679","41.1","(X)","(X)","(X)","(X)","(X)","338","92","9.8","14.1","0.0","11.8","2.4","3.8","0.0","11.8","0.0","11.8","0.0","11.8","0.0","11.8","4.7","7.6","20.7","16.0","62.4","20.4","250,000+","***","411646","137856","(X)","(X)","37.9","(X)","(X)","(X)","278","85","0.0","14.1","0.0","14.1","2.9","4.6","0.0","14.1","0.0","14.1","0.0","14.1","0.0","14.1","5.8","9.1","25.2","19.1","66.2","19.8","250,000+","***","N","N","(X)","(X)","(X)","(X)","(X)","(X)","787","166","12.5","9.4","18.8","17.1","9.9","12.3","4.7","4.7","3.0","4.9","1.3","2.1","2.3","3.8","20.6","12.8","2.5","4.2","24.4","14.6","-","**","116725","40807","(X)","(X)","(X)","(X)","42.4","(X)",
"1400000US25025070402","Census Tract 704.02; Suffolk County; Massachusetts","1790","178","17.8","7.1","6.1","2.8","10.1","4.1","3.7","1.8","7.0","3.3","10.2","7.1","4.1","2.1","10.2","4.0","10.1","3.4","20.8","6.0","72825","22339","120549","19747","30.8","(X)","(X)","(X)","(X)","(X)","546","95","14.5","10.3","8.1","5.9","13.7","10.0","10.6","5.7","13.2","7.9","9.2","6.4","2.6","4.0","5.3","4.0","12.3","6.6","10.6","5.7","39861","10839","91168","23179","(X)","(X)","40.8","(X)","(X)","(X)","381","79","7.1","6.3","6.3","5.1","11.3","10.3","11.5","7.2","9.4","8.6","11.5","8.9","3.7","5.7","7.6","5.8","17.6","9.7","13.9","7.9","56250","26493","N","N","(X)","(X)","(X)","(X)","(X)","(X)","1244","184","19.6","9.3","5.2","3.1","8.5","4.5","0.6","0.9","4.3","3.0","11.0","9.6","4.8","2.5","11.7","5.1","9.1","4.3","25.2","8.2","81000","33852","132921","26248","(X)","(X)","(X)","(X)","26.1","(X)",
"1400000US25025070501","Census Tract 705.01; Suffolk County; Massachusetts","995","121","3.4","2.7","0.0","4.2","6.2","6.1","4.8","5.6","0.0","4.2","14.5","9.7","2.4","2.5","13.1","9.9","8.8","4.9","46.7","12.8","191146","62614","266239","62685","29.2","(X)","(X)","(X)","(X)","(X)","312","96","0.0","12.7","0.0","12.7","0.0","12.7","0.0","12.7","0.0","12.7","3.2","5.6","3.5","5.3","14.4","14.0","11.5","12.4","67.3","19.5","229130","74629","443114","145930","(X)","(X)","36.2","(X)","(X)","(X)","302","89","0.0","13.1","0.0","13.1","0.0","13.1","0.0","13.1","0.0","13.1","3.3","5.8","3.6","5.5","14.9","14.4","11.9","12.8","66.2","20.0","228587","66312","N","N","(X)","(X)","(X)","(X)","(X)","(X)","683","110","5.0","4.1","0.0","6.0","9.1","8.6","7.0","8.0","0.0","6.0","19.6","13.7","1.9","3.1","12.4","12.6","7.6","5.9","37.3","16.3","125230","88819","185441","52850","(X)","(X)","(X)","(X)","26.1","(X)",
"1400000US25025070502","Census Tract 705.02; Suffolk County; Massachusetts","1992","411","13.3","7.5","23.5","15.3","13.7","9.3","5.2","6.1","3.8","3.0","7.6","5.4","3.1","2.5","8.5","6.6","4.6","4.1","16.6","7.7","24728","22536","108587","35180","50.4","(X)","(X)","(X)","(X)","(X)","833","234","11.9","8.5","1.1","2.1","21.0","16.6","4.3","6.5","7.0","6.6","13.1","10.5","3.5","3.8","16.6","14.1","0.0","5.0","21.6","11.3","51732","38430","150766","59398","(X)","(X)","53.7","(X)","(X)","(X)","629","243","10.2","9.5","1.4","2.7","17.5","18.9","5.7","8.7","2.1","3.3","10.8","13.4","2.1","3.0","21.6","17.2","0.0","6.5","28.6","17.0","-","**","N","N","(X)","(X)","(X)","(X)","(X)","(X)","1159","354","14.2","12.0","39.7","22.9","8.5","8.2","5.9","9.3","1.6","2.7","3.7","3.9","2.8","4.5","2.8","2.9","7.9","7.1","13.0","9.3","13135","11087","78272","35168","(X)","(X)","(X)","(X)","48.1","(X)",
"1400000US25025070600","Census Tract 706; Suffolk County; Massachusetts","1126","156","3.1","3.4","0.0","3.7","3.2","2.8","0.8","1.3","1.0","1.7","3.2","2.5","1.7","2.0","11.5","3.9","13.7","5.5","61.9","8.2","234205","33522","387756","64896","24.3","(X)","(X)","(X)","(X)","(X)","474","89","0.0","8.6","0.0","8.6","1.7","2.7","0.0","8.6","0.0","8.6","2.1","3.5","0.0","8.6","1.9","2.9","14.3","7.1","80.0","9.1","250,000+","***","616836","130831","(X)","(X)","27.2","(X)","(X)","(X)","450","75","0.0","9.0","0.0","9.0","1.8","2.8","0.0","9.0","0.0","9.0","2.2","3.7","0.0","9.0","2.0","3.1","15.1","7.5","78.9","9.6","250,000+","***","N","N","(X)","(X)","(X)","(X)","(X)","(X)","652","155","5.4","5.7","0.0","6.3","4.3","4.4","1.4","2.3","1.7","3.0","4.0","3.6","2.9","3.4","19.8","6.5","13.2","9.0","47.4","11.7","182024","43901","218856","38695","(X)","(X)","(X)","(X)","22.2","(X)",
"1400000US25025070700","Census Tract 707; Suffolk County; Massachusetts","1568","265","1.7","2.0","5.9","3.7","11.8","8.4","5.5","3.4","3.4","3.7","5.4","3.4","4.3","3.7","11.9","10.1","11.4","5.4","38.6","9.9","150167","66195","248683","62608","32.6","(X)","(X)","(X)","(X)","(X)","640","216","0.3","1.1","6.7","5.6","9.1","8.9","7.3","6.6","2.7","4.4","4.8","6.0","3.3","4.8","18.3","23.0","9.8","7.9","37.7","13.9","122158","116948","273720","65361","(X)","(X)","49.5","(X)","(X)","(X)","286","74","0.7","2.4","0.0","13.8","10.8","12.0","2.1","3.4","0.0","13.8","3.8","6.0","7.3","9.7","0.0","13.8","16.1","11.3","59.1","14.4","250,000+","***","N","N","(X)","(X)","(X)","(X)","(X)","(X)","928","231","2.6","3.2","5.4","5.3","13.7","12.7","5.0","4.3","3.2","5.3","5.8","5.3","5.1","5.4","7.4","4.6","12.5","7.6","39.3","14.3","152778","72093","231403","85206","(X)","(X)","(X)","(X)","20.9","(X)",
"1400000US25025070801","Census Tract 708.01; Suffolk County; Massachusetts","548","141","0.0","7.5","9.3","13.4","12.0","8.5","5.5","7.8","27.0","16.3","4.9","4.7","0.0","7.5","7.1","8.4","15.3","8.5","18.8","12.4","-","**","110385","32920","24.8","(X)","(X)","(X)","(X)","(X)","99","43","0.0","33.3","0.0","33.3","25.3","23.7","0.0","33.3","0.0","33.3","10.1","21.3","0.0","33.3","0.0","33.3","27.3","12.5","37.4","23.0","156343","30796","184916","85555","(X)","(X)","0.0","(X)","(X)","(X)","99","43","0.0","33.3","0.0","33.3","25.3","23.7","0.0","33.3","0.0","33.3","10.1","21.3","0.0","33.3","0.0","33.3","27.3","12.5","37.4","23.0","156343","30796","N","N","(X)","(X)","(X)","(X)","(X)","(X)","449","156","0.0","9.0","11.4","16.3","9.1","10.8","6.7","9.6","33.0","19.2","3.8","3.8","0.0","9.0","8.7","10.3","12.7","10.2","14.7","12.5","43777","27118","93951","29319","(X)","(X)","(X)","(X)","30.3","(X)",
"1400000US25025070802","Census Tract 708.02; Suffolk County; Massachusetts","1487","266","8.5","6.1","6.3","6.1","13.6","10.5","2.8","4.3","6.8","7.0","13.2","8.6","10.4","6.4","6.7","4.7","14.5","9.7","17.1","7.3","71528","23784","134474","27402","39.6","(X)","(X)","(X)","(X)","(X)","326","148","0.0","12.2","0.0","12.2","3.4","5.4","0.0","12.2","20.6","24.9","8.3","9.5","6.1","9.6","0.0","12.2","20.2","26.8","41.4","22.9","178939","85265","269222","110562","(X)","(X)","29.1","(X)","(X)","(X)","248","118","0.0","15.7","0.0","15.7","4.4","7.2","0.0","15.7","8.1","14.1","6.5","9.7","0.0","15.7","0.0","15.7","26.6","33.5","54.4","29.8","208359","90948","N","N","(X)","(X)","(X)","(X)","(X)","(X)","1161","267","10.9","7.9","8.0","7.4","16.5","12.7","3.5","5.7","2.9","3.5","14.6","10.4","11.6","8.1","8.6","6.3","12.9","9.2","10.3","7.3","66162","21637","96637","23712","(X)","(X)","(X)","(X)","42.5","(X)",
"1400000US25025070901","Census Tract 709.01; Suffolk County; Massachusetts","654","218","6.9","5.3","1.8","3.0","32.4","20.8","5.8","6.4","25.1","16.3","7.8","5.4","2.6","3.8","1.1","2.3","5.5","5.5","11.0","8.0","37847","18523","64505","20373","24.3","(X)","(X)","(X)","(X)","(X)","275","68","3.3","5.0","0.0","14.3","12.0","10.7","13.8","14.5","27.3","16.4","0.0","14.3","6.2","8.9","2.5","5.4","8.7","11.4","26.2","15.9","48589","32507","109334","34166","(X)","(X)","17.5","(X)","(X)","(X)","140","56","0.0","25.7","0.0","25.7","0.0","25.7","27.1","26.8","7.1","11.4","0.0","25.7","0.0","25.7","5.0","11.4","9.3","17.8","51.4","30.3","200125","144342","N","N","(X)","(X)","(X)","(X)","(X)","(X)","379","211","9.5","9.1","3.2","6.1","47.2","30.3","0.0","10.6","23.5","27.2","13.5","11.2","0.0","10.6","0.0","10.6","3.2","4.9","0.0","10.6","-","**","31978","9566","(X)","(X)","(X)","(X)","29.3","(X)",
"1400000US25025070902","Census Tract 709.02; Suffolk County; Massachusetts","1068","113","6.3","4.9","14.3","6.6","3.9","3.4","1.7","2.0","5.4","5.6","5.5","4.8","6.5","4.7","10.5","5.7","12.4","7.7","33.5","8.0","116250","47661","211045","41747","27.4","(X)","(X)","(X)","(X)","(X)","382","66","0.0","10.5","13.1","10.3","6.0","7.0","2.4","4.3","1.8","3.5","0.0","10.5","7.3","9.3","7.6","7.3","5.0","5.2","56.8","13.5","231944","52760","274666","68687","(X)","(X)","32.7","(X)","(X)","(X)","335","73","0.0","11.9","6.0","8.5","6.9","8.1","0.0","11.9","2.1","4.0","0.0","11.9","8.4","10.5","6.3","6.9","5.7","6.0","64.8","14.3","250,000+","***","N","N","(X)","(X)","(X)","(X)","(X)","(X)","686","124","9.8","7.6","15.0","8.7","2.8","3.2","1.3","2.2","7.4","8.7","8.6","7.5","6.0","5.2","12.1","7.5","17.5","11.6","19.5","9.3","98333","49917","164354","47770","(X)","(X)","(X)","(X)","21.7","(X)",
"1400000US25025071101","Census Tract 711.01; Suffolk County; Massachusetts","2172","223","10.1","5.3","8.2","6.0","4.6","3.5","4.2","3.4","2.9","2.2","11.1","5.6","15.8","6.8","14.3","6.5","5.7","4.1","23.1","9.4","86937","17219","129917","32078","44.9","(X)","(X)","(X)","(X)","(X)","722","217","14.4","13.0","6.8","7.6","0.0","5.7","4.8","7.5","0.0","5.7","12.6","12.0","17.2","8.6","19.9","15.1","0.0","5.7","24.2","14.8","86847","30105","150142","64483","(X)","(X)","56.2","(X)","(X)","(X)","319","121","16.6","16.2","10.3","13.7","0.0","12.5","0.0","12.5","0.0","12.5","13.2","19.4","0.0","12.5","15.7","14.0","0.0","12.5","44.2","23.4","-","**","N","N","(X)","(X)","(X)","(X)","(X)","(X)","1450","233","7.9","4.9","9.0","8.2","6.8","5.2","3.9","3.3","4.3","3.4","10.3","6.5","15.2","9.4","11.4","6.0","8.6","6.0","22.6","11.0","87727","25361","114795","26861","(X)","(X)","(X)","(X)","39.3","(X)",
"1400000US25025071201","Census Tract 712.01; Suffolk County; Massachusetts","1762","178","13.0","5.2","6.7","4.3","7.7","5.2","2.2","2.0","7.0","7.2","7.0","3.7","10.5","4.4","9.2","4.0","13.6","5.0","23.0","5.5","84955","13225","176841","47663","34.1","(X)","(X)","(X)","(X)","(X)","853","171","17.5","9.2","0.8","1.5","2.6","3.5","3.3","3.9","13.5","13.9","8.1","5.6","16.4","8.9","6.2","5.6","5.6","4.8","26.0","10.0","82525","16608","201332","92785","(X)","(X)","45.0","(X)","(X)","(X)","508","150","0.0","8.0","1.4","2.7","4.3","5.9","3.1","5.1","19.7","23.0","6.9","6.5","9.1","7.8","6.7","8.1","8.5","8.2","40.4","17.0","138333","124398","N","N","(X)","(X)","(X)","(X)","(X)","(X)","909","137","8.8","5.4","12.2","7.8","12.5","9.7","1.1","1.6","1.0","1.6","6.1","4.8","5.0","4.0","12.0","6.2","21.1","9.7","20.2","6.9","105096","28383","153859","38138","(X)","(X)","(X)","(X)","23.8","(X)",
"1400000US25025080100","Census Tract 801; Suffolk County; Massachusetts","734","105","17.2","7.0","6.1","6.4","12.0","6.6","11.3","9.0","5.4","3.9","19.5","10.0","7.9","4.6","8.3","6.0","5.2","3.5","7.1","5.4","48500","20058","64093","12976","25.6","(X)","(X)","(X)","(X)","(X)","324","118","7.4","7.2","0.0","12.3","4.6","7.4","22.8","18.6","3.4","3.8","25.6","19.2","9.6","9.6","8.3","9.3","4.6","5.1","13.6","11.9","52159","15958","85518","27491","(X)","(X)","24.1","(X)","(X)","(X)","220","108","2.7","4.4","0.0","17.5","0.0","17.5","15.0","20.5","2.7","4.7","27.7","23.0","14.1","14.2","12.3","13.3","6.8","7.4","18.6","17.7","88333","45154","N","N","(X)","(X)","(X)","(X)","(X)","(X)","410","72","24.9","10.9","11.0","10.8","17.8","10.0","2.2","3.3","7.1","6.6","14.6","10.1","12.0","8.0","2.9","3.4","5.6","5.6","2.0","2.4","-","**","45938","13782","(X)","(X)","(X)","(X)","26.8","(X)",
"1400000US25025080300","Census Tract 803; Suffolk County; Massachusetts","939","116","18.7","10.8","15.2","8.7","5.3","5.4","3.6","3.3","23.1","11.5","12.5","6.2","11.1","7.6","1.2","1.3","3.6","4.3","5.6","6.0","43953","12714","56118","18522","36.4","(X)","(X)","(X)","(X)","(X)","467","121","5.8","6.9","14.6","8.8","1.9","3.3","4.3","5.7","31.7","18.5","16.5","12.2","14.6","13.2","2.4","2.7","0.4","1.7","7.9","10.3","48448","11320","67194","25557","(X)","(X)","46.5","(X)","(X)","(X)","201","76","0.0","18.9","20.4","20.1","4.5","7.6","0.0","18.9","0.0","18.9","35.3","26.4","17.9","26.7","2.5","3.9","1.0","4.0","18.4","21.6","72321","9057","N","N","(X)","(X)","(X)","(X)","(X)","(X)","472","130","31.6","16.9","15.9","12.6","8.7","11.1","3.0","3.3","14.6","9.7","8.5","6.1","7.6","8.6","0.0","8.6","6.8","8.3","3.4","5.3","22661","20599","45160","21083","(X)","(X)","(X)","(X)","26.5","(X)",
"1400000US25025080401","Census Tract 804.01; Suffolk County; Massachusetts","1437","219","26.2","8.7","8.3","4.3","17.8","7.7","7.0","4.5","20.7","10.2","6.3","4.0","3.5","2.9","6.2","3.6","2.4","2.3","1.7","1.9","24311","6547","38094","7119","46.6","(X)","(X)","(X)","(X)","(X)","596","132","27.2","13.2","1.8","3.2","15.9","10.8","8.2","6.6","20.3","12.0","8.4","7.0","2.9","3.5","11.6","8.5","1.5","2.2","2.2","3.3","26923","16977","41234","12556","(X)","(X)","62.8","(X)","(X)","(X)","183","77","0.0","20.6","0.0","20.6","23.0","20.4","13.7","18.0","14.8","15.1","9.3","13.9","9.3","11.3","18.0","17.7","4.9","7.3","7.1","10.3","-","**","N","N","(X)","(X)","(X)","(X)","(X)","(X)","841","227","26.4","11.8","12.8","7.1","19.1","12.5","6.1","5.2","20.1","15.4","4.8","4.4","3.9","4.6","2.4","2.8","3.0","3.7","1.4","2.4","23272","8885","35426","9577","(X)","(X)","(X)","(X)","35.2","(X)",
"1400000US25025080500","Census Tract 805; Suffolk County; Massachusetts","1534","247","17.5","7.4","9.9","5.7","10.3","6.6","3.3","3.4","14.6","7.8","20.1","11.0","8.5","5.8","10.2","5.5","5.4","3.8","0.0","2.7","40350","12429","51765","8282","56.5","(X)","(X)","(X)","(X)","(X)","848","137","12.4","9.3","6.7","5.8","12.5","9.5","6.5","7.1","15.3","9.6","14.3","8.5","9.8","7.4","13.1","8.8","9.4","6.7","0.0","4.9","43750","13099","61144","13363","(X)","(X)","52.4","(X)","(X)","(X)","176","87","0.0","21.3","0.0","21.3","0.0","21.3","0.0","21.3","6.8","10.6","33.0","22.3","5.7","8.9","34.7","25.2","19.9","16.1","0.0","21.3","105305","36948","N","N","(X)","(X)","(X)","(X)","(X)","(X)","686","261","25.4","13.1","12.4","10.8","7.6","7.6","2.8","3.3","13.7","12.1","24.1","21.9","7.0","10.2","7.1","5.4","0.0","6.0","0.0","6.0","35492","28641","38425","10099","(X)","(X)","(X)","(X)","61.7","(X)",
"1400000US25025080601","Census Tract 806.01; Suffolk County; Massachusetts","692","102","35.1","10.6","9.1","7.3","13.9","10.2","5.5","3.6","7.4","5.3","9.8","5.7","5.5","6.4","3.9","3.2","4.6","3.7","5.2","5.8","18125","10418","45815","12342","48.6","(X)","(X)","(X)","(X)","(X)","321","90","18.4","12.2","5.9","7.7","25.2","19.0","3.1","4.7","8.4","8.9","9.7","8.8","3.1","6.8","6.9","6.9","8.1","7.9","11.2","12.0","32875","19961","69850","25485","(X)","(X)","53.6","(X)","(X)","(X)","146","75","12.3","17.9","0.0","24.9","45.2","30.6","0.0","24.9","0.0","24.9","2.1","3.4","0.0","24.9","15.1","16.2","17.8","18.9","7.5","11.6","-","**","N","N","(X)","(X)","(X)","(X)","(X)","(X)","371","81","49.6","14.2","11.9","9.9","4.0","5.4","7.5","5.7","6.5","5.9","10.0","7.3","7.5","11.0","1.3","2.1","1.6","2.3","0.0","10.8","10221","6327","25019","9514","(X)","(X)","(X)","(X)","44.2","(X)",
"1400000US25025080801","Census Tract 808.01; Suffolk County; Massachusetts","1168","184","20.7","8.8","21.7","11.2","6.8","4.6","5.1","4.5","11.6","5.9","13.7","12.5","14.0","8.7","5.3","5.6","1.0","1.6","0.0","3.6","25536","21318","40331","9559","66.2","(X)","(X)","(X)","(X)","(X)","647","201","11.6","10.2","21.0","13.2","21.3","17.6","2.5","4.2","9.9","7.5","10.4","9.1","20.4","13.0","2.9","3.6","0.0","6.4","0.0","6.4","-","**","38550","9333","(X)","(X)","70.2","(X)","(X)","(X)","120","77","5.8","9.3","0.0","29.0","9.2","17.2","5.0","15.0","33.3","27.1","2.5","7.0","34.2","30.8","10.0","16.2","0.0","29.0","0.0","29.0","-","**","N","N","(X)","(X)","(X)","(X)","(X)","(X)","521","154","32.1","16.0","22.6","17.9","8.6","8.7","8.4","9.8","10.9","9.3","0.8","1.8","6.0","9.3","8.3","11.2","2.3","3.5","0.0","7.8","13345","5982","31992","13267","(X)","(X)","(X)","(X)","61.2","(X)",
"1400000US25025080900","Census Tract 809; Suffolk County; Massachusetts","1589","132","7.5","3.4","4.5","4.1","8.4","4.6","2.1","1.9","9.9","4.9","21.6","7.5","6.6","4.1","17.1","6.7","7.8","4.7","14.6","7.0","69033","15226","103765","23943","36.9","(X)","(X)","(X)","(X)","(X)","180","86","0.0","20.8","0.0","20.8","0.0","20.8","0.0","20.8","0.0","20.8","30.0","23.6","18.9","25.7","15.6","17.6","21.7","16.7","13.9","17.3","122738","93293","127049","40567","(X)","(X)","47.8","(X)","(X)","(X)","85","54","0.0","36.7","0.0","36.7","0.0","36.7","0.0","36.7","0.0","36.7","7.1","10.4","0.0","36.7","32.9","32.5","30.6","28.4","29.4","29.1","178917","59953","N","N","(X)","(X)","(X)","(X)","(X)","(X)","1409","129","8.4","3.8","5.0","4.7","9.5","5.2","2.3","2.2","11.1","5.5","20.5","7.9","7.5","4.5","14.8","6.5","6.0","4.7","14.7","7.8","61612","15334","99650","26981","(X)","(X)","(X)","(X)","35.5","(X)",
"1400000US25025081001","Census Tract 810.01; Suffolk County; Massachusetts","2451","312","8.7","4.8","23.2","7.7","9.1","4.7","6.2","4.6","11.6","7.1","19.5","7.8","4.0","3.1","8.1","4.1","7.9","7.0","1.7","2.0","44861","22047","56365","11073","46.3","(X)","(X)","(X)","(X)","(X)","717","223","2.6","4.4","7.7","9.4","12.8","9.2","12.8","10.4","20.9","18.4","13.4","9.7","5.9","7.0","13.7","10.5","5.4","5.9","4.7","6.6","46237","11352","70358","22530","(X)","(X)","39.3","(X)","(X)","(X)","305","122","0.0","13.0","0.0","13.0","3.0","5.0","18.0","17.9","8.5","10.3","18.0","22.0","13.8","15.5","14.8","14.8","12.8","13.7","11.1","14.9","75721","45806","N","N","(X)","(X)","(X)","(X)","(X)","(X)","1734","288","11.2","6.6","29.6","10.7","7.5","6.0","3.5","4.8","7.7","5.9","22.0","9.7","3.2","3.1","5.8","4.8","8.9","9.3","0.5","0.7","-","**","50579","14261","(X)","(X)","(X)","(X)","49.1","(X)",
"1400000US25025081101","Census Tract 811.01; Suffolk County; Massachusetts","767","108","11.0","8.5","1.7","2.9","11.1","9.2","0.0","5.4","3.5","3.0","25.6","15.3","19.3","11.0","10.2","6.8","12.6","9.5","5.1","4.7","68720","15449","86186","17408","17.1","(X)","(X)","(X)","(X)","(X)","149","68","0.0","24.4","8.7","14.9","0.0","24.4","0.0","24.4","6.0","9.2","16.8","20.6","24.8","29.4","22.8","23.9","10.7","16.5","10.1","15.2","86858","37941","114079","43156","(X)","(X)","30.2","(X)","(X)","(X)","149","68","0.0","24.4","8.7","14.9","0.0","24.4","0.0","24.4","6.0","9.2","16.8","20.6","24.8","29.4","22.8","23.9","10.7","16.5","10.1","15.2","86858","37941","N","N","(X)","(X)","(X)","(X)","(X)","(X)","618","120","13.6","10.0","0.0","6.6","13.8","11.3","0.0","6.6","2.9","3.0","27.7","18.2","18.0","11.9","7.1","6.9","13.1","12.2","3.9","4.7","66935","12600","79461","20219","(X)","(X)","(X)","(X)","13.9","(X)",
"1400000US25025081102","Census Tract 811.02; Suffolk County; Massachusetts","1151","259","6.2","4.6","9.6","5.6","1.4","2.3","9.4","6.3","4.3","4.9","12.6","5.7","19.8","8.7","18.5","16.0","2.7","2.9","15.5","7.8","84308","10537","119121","26059","39.2","(X)","(X)","(X)","(X)","(X)","350","212","0.0","11.4","0.0","11.4","0.0","11.4","4.6","10.4","1.1","2.4","12.6","16.3","17.7","15.4","41.1","42.5","7.7","11.5","15.1","19.8","113351","21362","152876","71766","(X)","(X)","32.0","(X)","(X)","(X)","119","77","0.0","29.2","0.0","29.2","0.0","29.2","13.4","20.9","0.0","29.2","17.6","22.7","24.4","26.3","0.0","29.2","22.7","23.1","21.8","31.4","-","**","N","N","(X)","(X)","(X)","(X)","(X)","(X)","801","141","8.9","6.7","13.9","7.7","2.0","3.3","11.5","7.5","5.7","6.9","12.6","6.7","20.7","10.3","8.6","8.9","2.4","2.7","13.7","6.7","71442","9019","103072","22590","(X)","(X)","(X)","(X)","42.3","(X)",
"1400000US25025081200","Census Tract 812; Suffolk County; Massachusetts","1280","122","18.2","7.4","7.7","5.8","15.1","7.2","8.3","5.2","7.9","7.0","13.8","5.6","7.6","5.8","7.8","5.4","3.8","2.7","9.9","4.6","35900","15418","72239","14291","52.6","(X)","(X)","(X)","(X)","(X)","966","135","20.8","9.1","7.8","6.9","14.5","8.7","9.9","6.7","9.2","8.7","8.8","5.5","6.4","7.2","6.5","5.7","3.9","3.0","12.1","6.2","33424","12327","75684","18331","(X)","(X)","58.9","(X)","(X)","(X)","258","82","0.0","15.1","0.0","15.1","10.1","12.0","11.2","12.8","4.7","7.4","15.9","16.6","8.1","13.0","3.9","6.3","14.7","11.9","31.4","18.2","-","**","N","N","(X)","(X)","(X)","(X)","(X)","(X)","314","112","10.2","11.3","7.6","7.9","16.9","11.4","3.2","4.6","3.8","6.4","29.0","13.4","11.1","9.8","15.0","13.4","0.0","12.6","3.2","5.3","52321","12039","59088","16818","(X)","(X)","(X)","(X)","33.1","(X)",
"1400000US25025081301","Census Tract 813.01; Suffolk County; Massachusetts","1146","225","15.9","9.5","23.7","10.6","8.8","7.8","13.9","15.3","3.6","4.3","10.8","11.4","9.6","8.4","10.1","7.9","3.6","5.9","0.0","3.6","26800","17539","43528","10854","43.3","(X)","(X)","(X)","(X)","(X)","598","241","9.7","11.4","32.4","25.7","8.4","12.9","0.0","6.9","6.9","8.4","18.9","23.1","5.9","9.3","17.9","15.1","0.0","6.9","0.0","6.9","-","**","46312","19041","(X)","(X)","30.6","(X)","(X)","(X)","223","133","0.0","17.3","30.5","30.7","22.4","30.9","0.0","17.3","11.7","18.6","6.3","12.8","15.7","22.6","13.5","21.1","0.0","17.3","0.0","17.3","-","**","N","N","(X)","(X)","(X)","(X)","(X)","(X)","548","154","22.6","17.6","37.2","17.9","9.3","8.4","6.0","7.8","0.0","7.5","2.0","3.2","13.7","12.5","1.6","2.9","7.5","12.2","0.0","7.5","12219","3036","35611","19799","(X)","(X)","(X)","(X)","34.1","(X)",
"1400000US25025081302","Census Tract 813.02; Suffolk County; Massachusetts","1086","153","23.5","13.6","5.7","6.7","6.4","6.9","24.9","14.5","16.2","13.0","7.2","8.4","2.3","4.0","8.6","7.6","5.3","7.5","0.0","3.8","28827","5278","43253","14288","51.5","(X)","(X)","(X)","(X)","(X)","349","155","11.5","15.7","4.6","7.6","2.0","3.3","50.1","29.4","5.7","9.3","16.6","22.5","0.0","11.5","9.5","10.8","0.0","11.5","0.0","11.5","32883","7727","41074","14189","(X)","(X)","33.8","(X)","(X)","(X)","98","89","5.1","10.7","0.0","33.6","7.1","10.5","54.1","45.3","0.0","33.6","0.0","33.6","0.0","33.6","33.7","43.0","0.0","33.6","0.0","33.6","-","**","N","N","(X)","(X)","(X)","(X)","(X)","(X)","737","226","29.2","18.8","6.2","9.5","8.4","10.2","12.9","12.0","21.2","19.3","2.7","4.5","3.4","6.0","8.1","10.7","7.9","10.5","0.0","5.6","26865","13171","44285","19510","(X)","(X)","(X)","(X)","59.8","(X)",
"1400000US25025081400","Census Tract 814; Suffolk County; Massachusetts","1286","166","5.1","4.1","9.1","5.9","11.4","5.5","3.8","3.5","12.6","7.3","10.3","5.2","7.0","4.0","12.9","6.8","8.4","4.8","19.4","8.6","70385","22264","119279","32487","38.2","(X)","(X)","(X)","(X)","(X)","555","112","0.0","7.4","0.0","7.4","18.0","9.6","7.2","7.6","5.2","4.8","8.3","8.8","1.8","3.0","18.6","11.4","11.5","9.1","29.4","12.7","118109","21384","171601","67736","(X)","(X)","26.7","(X)","(X)","(X)","397","111","0.0","10.1","0.0","10.1","18.1","12.0","0.0","10.1","6.0","7.2","5.0","5.5","0.0","10.1","23.7","16.2","12.6","10.9","34.5","15.2","133631","46360","N","N","(X)","(X)","(X)","(X)","(X)","(X)","731","154","8.9","7.0","16.0","9.7","6.4","6.5","1.2","1.4","18.9","11.5","11.9","7.0","10.9","7.0","7.9","6.3","6.0","5.7","11.8","12.6","49417","15388","78948","28907","(X)","(X)","(X)","(X)","46.9","(X)",
"1400000US25025081500","Census Tract 815; Suffolk County; Massachusetts","1013","211","8.4","8.2","8.3","6.7","4.4","3.3","6.2","4.7","11.5","6.7","17.8","9.4","15.5","16.3","12.2","6.1","7.0","6.0","8.7","4.2","67417","14962","86361","17174","56.8","(X)","(X)","(X)","(X)","(X)","595","217","6.2","9.1","6.4","7.0","3.9","3.7","3.0","4.0","9.6","9.0","16.3","12.1","26.1","24.3","16.0","9.4","8.9","9.3","3.7","3.7","75588","11743","87146","25957","(X)","(X)","67.7","(X)","(X)","(X)","155","56","0.0","23.7","0.0","23.7","0.6","1.7","4.5","7.3","14.2","14.8","12.9","19.6","18.1","19.8","35.5","19.7","2.6","4.5","11.6","13.3","94861","17145","N","N","(X)","(X)","(X)","(X)","(X)","(X)","418","118","11.5","14.2","11.0","9.6","5.3","6.3","10.8","9.2","14.1","11.9","21.8","13.0","0.5","2.3","13.2","9.2","2.6","4.1","9.3","6.7","46618","26573","72273","18593","(X)","(X)","(X)","(X)","41.1","(X)",
"1400000US25025081700","Census Tract 817; Suffolk County; Massachusetts","2080","286","17.5","9.0","17.0","7.1","5.9","3.5","15.8","10.2","13.4","7.2","9.3","6.7","2.4","2.4","12.7","4.7","2.4","2.1","3.6","4.0","31007","10776","54437","14393","40.9","(X)","(X)","(X)","(X)","(X)","639","126","14.1","12.6","7.5","8.3","2.2","3.5","14.6","12.8","11.7","8.8","8.8","7.5","3.1","3.9","21.0","10.5","8.6","7.1","8.5","11.3","49792","45312","94515","41935","(X)","(X)","53.1","(X)","(X)","(X)","155","98","0.0","23.7","0.0","23.7","9.0","14.3","0.6","8.3","0.0","23.7","1.9","7.0","5.8","10.3","31.6","26.0","21.9","22.8","29.0","35.0","158125","78292","N","N","(X)","(X)","(X)","(X)","(X)","(X)","1441","308","18.9","11.6","22.3","9.8","6.4","4.0","16.4","13.9","14.2","10.3","9.5","9.4","2.1","3.1","9.1","5.1","1.1","1.6","0.0","2.9","25649","10876","36195","7605","(X)","(X)","(X)","(X)","33.0","(X)",
"1400000US25025081800","Census Tract 818; Suffolk County; Massachusetts","1289","179","18.6","10.1","6.0","5.2","14.8","7.4","6.4","5.8","5.5","4.3","10.1","7.4","17.1","10.2","13.2","6.1","4.5","3.5","3.7","4.5","48011","26935","62902","11120","63.3","(X)","(X)","(X)","(X)","(X)","759","188","1.4","2.6","2.9","4.2","14.8","9.3","1.3","2.2","5.1","5.1","18.4","12.4","30.2","16.2","17.0","7.6","3.4","4.9","5.4","6.5","85032","23132","85390","13912","(X)","(X)","62.8","(X)","(X)","(X)","223","89","1.3","5.1","9.9","13.2","0.0","17.3","0.0","17.3","4.0","7.0","9.4","15.1","39.5","23.7","15.2","15.6","2.2","5.7","18.4","17.5","93669","16680","N","N","(X)","(X)","(X)","(X)","(X)","(X)","530","143","43.2","20.4","10.4","11.0","14.9","12.5","15.7","14.4","4.2","6.3","2.5","3.7","1.1","2.1","4.5","6.0","3.6","4.7","0.0","7.7","13021","7718","26279","11584","(X)","(X)","(X)","(X)","64.0","(X)",
"1400000US25025081900","Census Tract 819; Suffolk County; Massachusetts","1526","334","11.7","7.6","10.5","6.8","8.6","6.6","9.9","6.0","3.7","3.5","7.9","5.1","6.9","6.3","5.8","4.5","7.5","5.9","27.7","16.3","66118","42366","125023","41869","50.5","(X)","(X)","(X)","(X)","(X)","810","337","7.4","8.3","1.9","3.1","5.6","6.1","5.9","5.9","5.8","6.4","7.5","7.5","10.4","11.4","8.1","8.3","9.6","10.9","37.8","24.6","147900","114692","146263","42891","(X)","(X)","61.9","(X)","(X)","(X)","497","325","5.2","9.2","0.0","8.2","0.0","8.2","2.2","3.7","4.6","8.2","5.2","9.0","0.2","2.2","11.1","13.6","15.7","18.5","55.7","31.8","204016","85621","N","N","(X)","(X)","(X)","(X)","(X)","(X)","716","185","16.5","11.1","20.3","12.9","12.6","12.8","14.4","10.8","4.6","5.0","8.2","6.6","3.1","4.9","2.5","3.5","5.0","5.0","12.8","17.2","28043","22819","91713","74873","(X)","(X)","(X)","(X)","37.6","(X)",
"1400000US25025082000","Census Tract 820; Suffolk County; Massachusetts","1314","181","18.3","8.1","5.6","4.7","6.8","5.1","7.4","5.6","3.7","3.0","12.8","7.1","5.8","3.7","24.1","7.6","5.6","4.7","10.0","9.3","73414","18918","89789","24374","57.9","(X)","(X)","(X)","(X)","(X)","832","210","18.0","10.1","0.0","5.0","12.1","9.2","7.2","6.0","4.9","4.4","9.1","8.1","6.5","6.3","19.8","9.0","7.9","7.1","14.3","13.7","74211","41737","102311","35221","(X)","(X)","55.0","(X)","(X)","(X)","337","170","0.0","11.8","0.0","11.8","6.2","9.6","10.4","13.3","12.2","11.8","0.0","11.8","2.7","4.3","27.0","19.8","14.5","17.2","27.0","29.5","134583","38563","N","N","(X)","(X)","(X)","(X)","(X)","(X)","482","134","18.9","13.9","15.1","11.8","3.7","5.0","7.7","10.8","1.5","2.5","12.9","11.8","4.6","6.2","31.5","17.6","1.7","2.9","2.5","4.2","57800","40425","65072","19196","(X)","(X)","(X)","(X)","62.9","(X)",
"1400000US25025082100","Census Tract 821; Suffolk County; Massachusetts","2209","331","9.3","7.0","10.6","6.4","19.6","11.1","15.4","9.4","6.6","4.9","11.8","6.6","3.9","4.3","10.8","5.5","8.4","7.7","3.5","4.6","29205","14699","59069","13653","44.1","(X)","(X)","(X)","(X)","(X)","1266","355","7.5","9.3","11.1","8.2","17.5","13.0","19.0","15.2","3.8","4.9","13.3","10.7","0.0","3.3","13.2","10.1","14.6","13.0","0.0","3.3","29015","23424","62519","16690","(X)","(X)","51.0","(X)","(X)","(X)","374","241","0.0","10.7","0.0","10.7","29.1","24.7","0.0","10.7","0.0","10.7","25.7","29.5","0.0","10.7","1.1","5.1","44.1","30.3","0.0","10.7","-","**","N","N","(X)","(X)","(X)","(X)","(X)","(X)","943","261","11.7","11.1","9.9","12.3","22.6","21.3","10.5","10.4","15.5","10.4","9.9","8.6","9.2","10.0","2.5","4.1","0.0","4.4","8.3","10.5","29702","20615","51377","21295","(X)","(X)","(X)","(X)","32.1","(X)",
"1400000US25025090100","Census Tract 901; Suffolk County; Massachusetts","1948","290","10.3","5.9","17.5","11.9","6.0","4.2","14.9","6.3","13.0","6.8","8.7","4.8","6.3","4.4","14.1","6.3","5.3","3.6","3.9","2.8","35781","9699","63203","14037","54.5","(X)","(X)","(X)","(X)","(X)","1344","298","4.5","4.7","18.8","16.1","6.0","5.0","15.7","6.8","13.2","8.4","11.7","7.2","5.2","4.8","15.9","7.8","5.0","4.3","3.9","3.4","38750","12277","67683","17886","(X)","(X)","65.6","(X)","(X)","(X)","504","262","6.2","9.6","33.1","36.8","3.6","6.6","10.1","13.4","3.6","5.8","1.8","3.1","5.4","9.6","28.4","22.5","0.0","8.1","7.9","8.6","-","**","N","N","(X)","(X)","(X)","(X)","(X)","(X)","604","165","23.8","15.0","14.4","10.5","10.3","9.8","16.9","11.3","8.8","9.0","12.1","10.5","3.1","4.3","1.2","2.5","6.8","7.3","2.6","4.3","25363","10193","42957","15788","(X)","(X)","(X)","(X)","29.1","(X)",
"1400000US25025090200","Census Tract 902; Suffolk County; Massachusetts","735","70","11.7","6.7","9.9","6.3","10.2","6.0","8.6","6.2","15.6","9.9","12.4","5.0","9.0","6.7","10.3","5.4","1.0","1.4","11.3","5.7","41068","8509","66620","11888","48.2","(X)","(X)","(X)","(X)","(X)","497","82","7.6","7.0","3.2","4.9","9.5","6.6","5.6","7.2","14.9","11.5","17.7","7.4","11.7","10.4","13.1","7.9","0.0","8.2","16.7","8.2","68567","14330","83581","16371","(X)","(X)","57.9","(X)","(X)","(X)","220","70","0.0","17.5","0.0","17.5","9.5","9.8","1.8","4.4","15.9","18.1","24.5","14.5","15.9","19.3","10.0","9.0","0.0","17.5","22.3","15.2","69891","30617","N","N","(X)","(X)","(X)","(X)","(X)","(X)","238","68","20.2","12.6","23.9","15.0","11.8","10.6","14.7","13.1","17.2","15.9","1.3","1.9","3.4","5.6","4.6","6.9","2.9","4.5","0.0","16.3","22941","14394","31201","9920","(X)","(X)","(X)","(X)","27.7","(X)",
"1400000US25025090300","Census Tract 903; Suffolk County; Massachusetts","1125","124","8.8","7.1","5.9","4.2","18.0","10.6","15.4","9.4","11.7","5.9","4.2","4.2","13.0","8.9","6.7","4.4","9.0","9.4","7.5","6.1","36103","15323","69807","18186","61.0","(X)","(X)","(X)","(X)","(X)","830","143","8.3","8.6","3.0","4.8","13.3","11.4","11.0","8.4","17.8","7.8","10.7","9.6","18.8","11.6","4.8","4.7","6.5","7.5","5.8","5.5","47194","22782","67029","15579","(X)","(X)","66.3","(X)","(X)","(X)","272","117","8.8","12.0","0.0","14.4","4.4","6.8","0.0","14.4","31.3","19.0","24.6","23.4","6.6","10.2","0.0","14.4","6.6","10.4","17.6","17.8","57083","28237","N","N","(X)","(X)","(X)","(X)","(X)","(X)","295","101","10.2","12.2","22.4","14.6","31.2","18.8","19.3","21.1","0.0","13.4","2.4","5.5","8.1","11.9","6.4","9.0","0.0","13.4","0.0","13.4","17182","9038","32854","12194","(X)","(X)","(X)","(X)","46.1","(X)",
"1400000US25025090400","Census Tract 904; Suffolk County; Massachusetts","1259","171","11.4","8.0","8.4","7.5","14.2","8.9","4.7","4.9","5.2","4.4","16.4","7.9","12.7","6.7","15.5","7.8","4.2","3.8","7.3","5.3","59972","20331","78389","18060","63.5","(X)","(X)","(X)","(X)","(X)","943","194","6.0","6.1","5.8","7.2","10.6","8.6","6.3","6.7","4.5","5.4","16.8","8.9","14.0","7.4","20.7","10.0","5.6","5.2","9.8","6.8","77625","22382","95129","19938","(X)","(X)","68.5","(X)","(X)","(X)","482","161","1.5","2.6","8.9","13.6","2.7","4.5","1.7","3.0","6.4","9.6","21.2","16.0","13.3","9.5","29.5","15.9","4.6","5.4","10.4","11.2","91570","39511","N","N","(X)","(X)","(X)","(X)","(X)","(X)","316","136","27.2","22.2","16.1","20.6","25.0","21.0","2.2","3.7","7.3","7.9","13.3","12.9","8.9","13.7","0.0","12.6","0.0","12.6","0.0","12.6","18882","8846","27634","12141","(X)","(X)","(X)","(X)","48.4","(X)",
"1400000US25025090600","Census Tract 906; Suffolk County; Massachusetts","843","164","5.0","4.4","6.6","9.0","17.0","10.5","3.8","4.3","9.6","8.4","17.3","7.7","16.7","8.2","10.2","5.2","7.1","4.8","6.6","4.8","67591","21946","83711","18359","48.4","(X)","(X)","(X)","(X)","(X)","558","108","4.1","5.0","0.0","7.3","15.1","14.2","4.1","5.7","5.7","5.5","19.7","10.3","22.2","10.4","11.5","7.4","9.1","6.4","8.4","6.8","75833","12967","95757","22017","(X)","(X)","52.0","(X)","(X)","(X)","246","107","0.0","15.8","0.0","15.8","19.5","26.1","9.3","13.0","3.7","5.1","12.6","14.6","4.5","5.8","19.5","14.7","17.1","12.7","13.8","12.0","105357","80809","N","N","(X)","(X)","(X)","(X)","(X)","(X)","285","131","6.7","8.1","19.6","22.7","20.7","15.0","3.2","5.3","17.2","22.2","18.6","13.0","3.9","6.1","6.3","8.0","3.9","6.6","0.0","13.8","-","**","45384","16052","(X)","(X)","(X)","(X)","41.4","(X)",
"1400000US25025090700","Census Tract 907; Suffolk County; Massachusetts","1903","164","12.3","6.9","9.6","5.8","9.9","5.4","7.4","5.6","2.9","2.8","5.6","3.6","9.2","5.3","5.5","3.4","16.1","6.8","21.4","6.2","79177","23761","117335","19423","41.8","(X)","(X)","(X)","(X)","(X)","697","152","2.6","3.9","11.5","11.2","13.1","11.0","2.9","3.6","0.0","5.9","5.7","5.8","9.6","7.1","4.4","4.8","17.9","10.3","32.3","12.2","152875","109513","147972","35663","(X)","(X)","25.3","(X)","(X)","(X)","374","114","0.0","10.7","4.0","6.8","3.7","6.2","0.0","10.7","0.0","10.7","3.5","6.4","13.9","12.6","8.3","9.3","18.7","11.6","47.9","16.6","194500","38781","N","N","(X)","(X)","(X)","(X)","(X)","(X)","1206","175","17.9","10.4","8.5","5.9","8.0","5.4","10.0","8.5","4.6","4.3","5.6","4.5","9.0","7.1","6.1","4.6","15.0","7.7","15.2","7.2","52083","39368","99628","22783","(X)","(X)","(X)","(X)","51.4","(X)",
"1400000US25025090901","Census Tract 909.01; Suffolk County; Massachusetts","1391","141","14.2","5.9","14.3","5.3","8.6","5.2","9.4","5.0","7.0","3.6","18.4","7.6","5.6","3.7","14.9","4.9","4.1","2.9","3.5","2.6","46308","16874","68533","15492","37.8","(X)","(X)","(X)","(X)","(X)","490","102","6.5","7.5","7.1","6.8","15.5","10.3","7.1","5.9","2.4","3.1","17.1","11.0","6.3","6.3","28.6","10.9","4.1","5.1","5.1","4.8","69038","17119","105699","38603","(X)","(X)","48.6","(X)","(X)","(X)","251","85","4.8","7.5","4.4","6.7","10.8","13.1","8.8","8.2","2.8","5.1","9.6","9.1","12.4","12.0","35.1","14.9","1.6","2.6","10.0","8.8","96917","42016","N","N","(X)","(X)","(X)","(X)","(X)","(X)","901","149","18.4","8.9","18.2","8.1","5.3","5.8","10.7","7.1","9.5","5.4","19.3","10.0","5.2","3.8","6.7","3.9","4.1","3.5","2.6","2.9","29929","20282","47710","9077","(X)","(X)","(X)","(X)","31.2","(X)",
"1400000US25025091001","Census Tract 910.01; Suffolk County; Massachusetts","1460","223","2.7","3.3","1.6","2.1","5.8","3.2","4.7","4.0","12.3","5.0","14.9","8.2","13.4","8.6","17.9","6.9","13.4","8.0","13.4","5.6","86744","25213","115422","16247","32.6","(X)","(X)","(X)","(X)","(X)","718","197","0.0","5.7","3.3","4.3","2.2","3.1","1.5","2.9","16.3","9.0","20.6","14.5","15.7","16.1","13.4","10.0","8.8","6.8","18.1","8.8","85750","29889","124765","25558","(X)","(X)","36.8","(X)","(X)","(X)","510","189","0.0","8.0","4.7","6.1","3.1","4.4","2.2","4.1","10.4","11.2","15.5","18.3","16.9","21.4","11.4","8.5","12.4","9.6","23.5","12.3","-","**","N","N","(X)","(X)","(X)","(X)","(X)","(X)","742","160","5.3","6.4","0.0","5.6","9.2","6.0","7.8","7.2","8.5","7.4","9.3","6.2","12.9","7.4","22.2","9.8","17.9","13.7","6.9","5.6","98942","27101","100505","18961","(X)","(X)","(X)","(X)","26.7","(X)",
"1400000US25025091100","Census Tract 911; Suffolk County; Massachusetts","1912","205","8.9","7.1","1.3","1.4","7.6","5.6","3.5","3.2","6.3","3.4","9.0","4.7","8.2","3.9","25.0","6.4","21.1","6.1","9.0","3.9","111549","17519","115988","15664","39.1","(X)","(X)","(X)","(X)","(X)","700","170","0.0","5.9","1.6","2.3","4.1","4.1","0.0","5.9","6.4","5.8","6.1","6.0","8.3","7.2","29.9","14.1","28.4","14.1","15.1","8.7","144338","14984","148450","19805","(X)","(X)","37.7","(X)","(X)","(X)","469","152","0.0","8.7","2.3","3.5","1.7","3.0","0.0","8.7","6.8","7.7","4.5","4.7","6.0","5.7","26.2","13.1","40.1","17.8","12.4","8.7","153139","18936","N","N","(X)","(X)","(X)","(X)","(X)","(X)","1212","214","14.1","10.9","1.2","1.6","9.7","8.4","5.5","5.1","6.3","3.6","10.6","6.3","10.6","5.8","19.7","6.6","16.8","6.7","5.5","3.8","87381","32106","96075","18411","(X)","(X)","(X)","(X)","39.9","(X)",
"1400000US25025091200","Census Tract 912; Suffolk County; Massachusetts","1249","194","8.2","5.8","7.7","4.7","8.2","7.8","6.6","5.0","12.7","6.5","11.2","6.9","3.8","3.1","16.0","9.7","6.6","4.0","18.9","7.4","64844","26047","104489","19590","38.0","(X)","(X)","(X)","(X)","(X)","580","153","7.6","8.0","11.7","7.8","14.0","15.1","4.8","7.3","14.0","12.5","16.7","15.1","6.4","6.5","5.5","5.9","5.5","6.8","13.8","11.6","44630","35253","82172","31771","(X)","(X)","27.4","(X)","(X)","(X)","289","115","7.6","10.7","8.0","11.0","5.2","9.1","9.7","14.3","12.8","18.0","0.0","13.6","12.8","11.1","11.1","12.4","11.1","13.2","21.8","19.5","-","**","N","N","(X)","(X)","(X)","(X)","(X)","(X)","669","168","12.6","9.3","4.2","5.0","0.0","6.2","8.2","6.9","10.9","9.7","6.4","5.7","1.6","2.6","25.1","16.5","7.6","5.9","23.3","9.7","114464","49814","121981","23556","(X)","(X)","(X)","(X)","47.2","(X)",
"1400000US25025091300","Census Tract 913; Suffolk County; Massachusetts","883","96","14.7","7.2","8.4","6.6","13.7","7.3","8.3","6.4","10.4","6.4","12.3","6.8","6.8","5.2","4.0","3.2","14.2","6.8","7.2","5.6","44960","17186","71089","17927","56.6","(X)","(X)","(X)","(X)","(X)","635","121","10.4","6.8","11.0","9.1","10.1","8.6","9.1","7.6","14.5","9.1","13.9","8.5","3.0","3.3","6.5","4.5","15.0","8.3","6.6","6.8","48018","11519","72200","19119","(X)","(X)","60.9","(X)","(X)","(X)","117","55","13.7","15.6","0.0","29.6","0.0","29.6","12.8","18.1","4.3","6.4","2.6","7.5","5.1","8.8","4.3","10.7","47.9","26.4","9.4","11.7","151518","103792","N","N","(X)","(X)","(X)","(X)","(X)","(X)","248","91","25.8","19.2","1.6","4.2","23.0","21.7","6.0","9.2","0.0","15.7","23.8","17.8","5.6","5.1","0.0","15.7","12.1","10.4","2.0","2.9","-","**","49379","16780","(X)","(X)","(X)","(X)","36.7","(X)",
"1400000US25025091400","Census Tract 914; Suffolk County; Massachusetts","1153","183","5.2","4.0","15.0","9.0","8.9","5.5","7.6","4.6","9.5","5.8","16.7","7.8","16.0","9.5","7.9","5.6","6.2","3.2","7.0","3.8","56063","17018","83123","19969","46.3","(X)","(X)","(X)","(X)","(X)","799","169","1.8","2.6","14.5","9.8","5.1","4.9","6.8","5.2","12.8","8.4","21.7","10.2","14.4","13.3","11.5","7.8","6.3","3.9","5.3","4.3","62832","10763","74975","11186","(X)","(X)","48.1","(X)","(X)","(X)","302","138","0.0","13.1","2.6","4.5","0.0","13.1","3.3","5.6","13.2","12.1","15.6","14.0","34.4","27.4","0.3","2.6","16.6","11.0","13.9","12.0","86146","6525","N","N","(X)","(X)","(X)","(X)","(X)","(X)","354","81","13.0","10.9","16.1","14.9","17.5","13.5","9.6","9.0","2.0","2.8","9.9","8.3","15.3","11.1","8.8","9.5","1.4","2.6","6.5","6.2","27308","18549","92187","56536","(X)","(X)","(X)","(X)","42.4","(X)",
"1400000US25025091500","Census Tract 915; Suffolk County; Massachusetts","1538","185","19.8","6.5","3.4","3.4","8.6","4.6","3.6","2.8","6.4","3.9","19.6","8.5","11.8","5.2","7.4","4.3","8.2","4.5","11.2","5.1","59720","2584","98017","22902","36.5","(X)","(X)","(X)","(X)","(X)","719","169","24.6","12.2","4.3","5.8","6.8","6.7","2.6","3.8","6.7","6.0","17.2","9.0","14.5","8.2","9.2","6.8","3.8","4.1","10.3","6.7","58955","19446","92810","35338","(X)","(X)","40.1","(X)","(X)","(X)","344","132","19.2","19.6","0.0","11.6","7.3","10.0","5.5","7.6","2.9","4.7","11.0","10.1","16.6","13.4","16.3","13.2","7.8","8.0","13.4","12.2","92614","38378","N","N","(X)","(X)","(X)","(X)","(X)","(X)","819","146","18.6","8.1","2.0","3.2","10.7","8.1","4.5","4.1","7.3","5.8","18.6","12.2","9.5","7.2","7.1","6.1","10.9","7.0","10.9","7.3","59223","5311","98325","31144","(X)","(X)","(X)","(X)","29.1","(X)",
"1400000US25025091600","Census Tract 916; Suffolk County; Massachusetts","1032","139","9.8","8.3","13.2","7.2","11.9","8.7","3.5","3.6","12.6","7.6","15.1","9.2","10.0","7.3","9.3","5.8","10.2","9.4","4.5","3.5","44590","30862","76756","19649","50.0","(X)","(X)","(X)","(X)","(X)","542","144","6.6","8.5","6.5","8.0","6.6","9.2","1.1","1.8","11.3","10.5","29.2","15.7","17.3","13.7","3.0","3.1","15.5","16.5","3.0","4.7","68395","7868","85295","24885","(X)","(X)","58.1","(X)","(X)","(X)","312","154","0.0","12.7","7.1","11.4","1.0","1.7","1.9","3.3","0.0","12.7","37.8","26.2","16.3","17.1","3.8","5.3","26.9","28.3","5.1","8.6","90625","64998","N","N","(X)","(X)","(X)","(X)","(X)","(X)","490","132","13.3","13.8","20.6","11.6","17.8","14.4","6.1","7.4","14.1","11.7","2.9","4.9","1.8","2.8","16.3","10.5","4.3","5.3","2.9","3.6","24655","13685","52078","14892","(X)","(X)","(X)","(X)","41.0","(X)",
"1400000US25025091700","Census Tract 917; Suffolk County; Massachusetts","995","138","10.8","6.3","5.3","4.8","2.4","3.1","4.3","3.7","12.8","6.7","19.4","9.8","15.2","7.1","16.2","7.5","4.0","3.0","9.6","5.4","68114","14537","89094","15887","56.4","(X)","(X)","(X)","(X)","(X)","762","148","10.9","6.5","7.0","6.3","0.0","5.4","6.2","8.7","12.7","7.9","24.1","12.0","8.5","5.1","17.6","8.5","4.2","3.5","8.8","6.1","61711","14714","81652","13844","(X)","(X)","65.6","(X)","(X)","(X)","289","123","0.0","13.6","0.0","13.6","0.0","13.6","2.1","3.3","4.5","7.4","38.1","24.1","10.7","8.6","24.2","14.6","6.9","8.2","13.5","11.9","85481","41485","N","N","(X)","(X)","(X)","(X)","(X)","(X)","233","109","10.3","13.4","0.0","16.6","10.3","12.1","15.9","16.9","12.9","12.2","6.9","7.6","24.0","15.6","13.7","19.0","3.4","5.7","2.6","4.5","57734","40756","66667","22189","(X)","(X)","(X)","(X)","26.2","(X)",
"1400000US25025091800","Census Tract 918; Suffolk County; Massachusetts","1362","194","13.1","9.3","10.6","7.2","16.0","9.2","1.0","1.8","5.3","6.2","9.1","6.7","16.2","8.0","16.8","7.3","4.5","5.3","7.4","6.0","66714","39864","76887","19666","60.9","(X)","(X)","(X)","(X)","(X)","809","200","14.0","13.3","2.7","3.8","14.1","10.6","1.1","1.7","7.2","7.1","5.6","5.8","14.8","10.1","22.4","11.5","7.5","8.6","10.6","9.7","82464","38047","94889","28253","(X)","(X)","77.1","(X)","(X)","(X)","254","146","28.7","35.2","0.0","15.4","0.0","15.4","0.0","15.4","0.0","15.4","12.2","14.2","3.1","5.2","30.7","27.8","8.3","15.0","16.9","19.1","108942","81356","N","N","(X)","(X)","(X)","(X)","(X)","(X)","553","177","11.9","11.8","22.1","14.9","26.8","19.3","2.4","4.7","8.3","12.3","13.7","14.3","12.5","15.6","2.4","3.9","0.0","7.4","0.0","7.4","17486","12835","35209","13396","(X)","(X)","(X)","(X)","34.7","(X)",
"1400000US25025091900","Census Tract 919; Suffolk County; Massachusetts","1404","188","4.8","4.2","7.3","5.0","8.4","4.7","12.0","6.2","9.0","6.1","16.1","7.4","10.8","7.5","18.1","8.6","5.0","4.3","8.5","6.9","58750","12798","82990","16427","49.1","(X)","(X)","(X)","(X)","(X)","1042","172","2.8","3.2","4.7","4.7","11.1","7.4","8.9","5.8","13.3","8.9","22.1","9.8","6.9","7.4","13.1","6.1","15.6","11.0","1.3","1.9","57794","8577","77269","14102","(X)","(X)","53.3","(X)","(X)","(X)","444","170","0.0","9.1","0.0","9.1","6.3","9.7","5.9","9.1","18.9","16.4","16.9","13.3","15.3","17.1","11.9","11.4","21.6","20.3","3.2","4.7","80938","50424","N","N","(X)","(X)","(X)","(X)","(X)","(X)","362","156","13.3","13.3","14.6","15.6","6.9","8.7","23.2","20.5","6.6","10.5","0.0","11.1","9.7","9.1","25.7","24.6","0.0","11.1","0.0","11.1","29683","29543","51744","20408","(X)","(X)","(X)","(X)","37.3","(X)",
"1400000US25025092000","Census Tract 920; Suffolk County; Massachusetts","1850","202","2.9","3.3","4.3","4.1","11.6","7.2","6.6","4.3","9.8","6.4","24.9","11.0","9.6","5.7","13.1","6.0","8.3","5.8","8.8","6.0","61250","17610","87500","18474","47.9","(X)","(X)","(X)","(X)","(X)","1329","200","1.9","3.0","4.7","5.5","10.2","8.5","6.2","4.9","15.0","9.0","22.0","12.3","10.2","7.2","18.1","8.4","6.2","5.2","5.6","4.7","58393","21183","78742","13582","(X)","(X)","52.3","(X)","(X)","(X)","482","151","0.0","8.4","7.9","12.1","11.6","13.5","7.3","9.2","9.1","7.9","4.4","6.7","5.8","7.9","36.3","17.0","7.1","6.5","10.6","10.4","106357","51132","N","N","(X)","(X)","(X)","(X)","(X)","(X)","521","157","10.4","10.9","3.5","4.6","15.2","13.9","7.9","8.7","3.8","6.4","27.4","16.8","0.6","1.4","12.7","11.0","4.0","4.2","14.6","16.4","54139","16739","97462","48995","(X)","(X)","(X)","(X)","34.9","(X)",
"1400000US25025092101","Census Tract 921.01; Suffolk County; Massachusetts","2784","388","7.8","6.7","7.5","8.5","17.9","8.1","4.4","3.7","7.7","5.6","13.8","7.9","14.7","7.2","4.7","3.3","8.2","3.8","13.2","6.7","59286","20193","87487","17327","39.8","(X)","(X)","(X)","(X)","(X)","1538","267","5.9","6.0","0.0","2.7","7.7","8.0","9.0","5.6","14.6","9.2","19.1","10.5","19.8","12.4","3.0","3.1","10.9","6.4","10.0","7.3","61667","20800","91050","19168","(X)","(X)","50.8","(X)","(X)","(X)","778","286","0.0","5.3","0.0","5.3","13.1","12.8","2.7","4.4","10.9","13.0","21.9","16.0","14.0","10.3","5.5","6.3","12.1","8.8","19.8","13.0","76719","32144","N","N","(X)","(X)","(X)","(X)","(X)","(X)","1246","361","13.4","13.9","16.8","18.6","31.2","17.8","3.5","5.2","4.6","5.7","1.0","2.3","7.4","5.5","4.7","7.2","5.1","4.4","12.4","10.9","22994","5940","69104","32400","(X)","(X)","(X)","(X)","23.0","(X)",
"1400000US25025092200","Census Tract 922; Suffolk County; Massachusetts","1122","138","3.3","3.1","2.9","4.5","1.5","2.0","4.4","4.0","5.8","3.8","14.3","6.7","11.3","7.2","24.3","8.5","15.7","9.3","16.5","7.0","109250","18526","131712","20412","45.3","(X)","(X)","(X)","(X)","(X)","715","137","0.0","5.8","4.5","6.9","0.8","1.8","6.9","6.1","6.3","5.6","16.6","9.4","9.7","8.9","15.2","8.5","20.3","12.8","19.7","9.9","108313","47417","131850","26272","(X)","(X)","41.7","(X)","(X)","(X)","391","112","0.0","10.3","0.0","10.3","0.0","10.3","12.5","10.9","2.8","4.6","16.1","10.3","0.0","10.3","20.5","13.0","15.3","10.0","32.7","16.0","141058","47125","N","N","(X)","(X)","(X)","(X)","(X)","(X)","407","123","9.1","9.0","0.0","9.9","2.7","4.4","0.0","9.9","4.9","4.1","10.3","8.9","19.4","13.9","35.1","14.5","7.6","7.6","10.8","9.6","106726","20130","126032","34522","(X)","(X)","(X)","(X)","51.6","(X)",
"1400000US25025092300","Census Tract 923; Suffolk County; Massachusetts","1180","121","9.3","6.2","0.9","1.2","6.4","4.4","13.9","7.5","8.3","5.7","11.7","6.1","13.3","6.6","21.1","7.9","6.9","4.5","8.1","5.6","71800","31276","87680","13796","60.1","(X)","(X)","(X)","(X)","(X)","949","124","8.2","6.9","0.0","4.4","3.9","3.6","18.1","11.1","8.2","7.0","11.1","6.4","18.8","8.2","17.0","6.8","8.7","5.8","6.0","6.6","78625","34567","86243","16695","(X)","(X)","54.6","(X)","(X)","(X)","274","103","8.4","12.5","0.0","14.3","2.6","4.2","0.0","14.3","0.0","14.3","5.8","6.2","13.5","11.9","29.6","17.6","19.3","16.1","20.8","20.4","124122","34722","N","N","(X)","(X)","(X)","(X)","(X)","(X)","231","110","13.9","12.6","4.8","6.5","16.9","14.7","11.3","16.6","12.1","13.5","10.8","11.7","2.2","3.6","22.9","20.1","0.0","16.7","5.2","7.5","-","**","69300","29097","(X)","(X)","(X)","(X)","60.2","(X)",
"1400000US25025092400","Census Tract 924; Suffolk County; Massachusetts","2127","293","13.2","8.1","6.3","5.1","15.9","7.2","12.6","5.9","8.6","6.1","11.9","7.3","3.5","4.2","8.9","8.1","8.2","8.7","10.9","8.4","36635","18633","108645","69792","44.9","(X)","(X)","(X)","(X)","(X)","1618","310","3.0","4.8","6.1","5.9","13.5","8.1","14.0","6.9","8.5","7.4","16.7","9.3","4.6","5.6","18.6","13.5","3.7","4.7","11.2","10.2","58654","19955","128832","88892","(X)","(X)","43.9","(X)","(X)","(X)","476","230","0.0","8.5","0.0","8.5","0.0","8.5","0.0","8.5","5.3","9.3","30.5","23.4","13.2","19.2","23.9","32.3","12.6","15.9","14.5","15.2","125110","69502","N","N","(X)","(X)","(X)","(X)","(X)","(X)","509","209","45.8","22.4","6.7","10.7","23.6","16.2","8.1","12.1","8.8","9.8","3.1","5.4","0.0","8.0","0.0","8.0","0.0","8.0","3.9","7.2","14081","13376","25818","17759","(X)","(X)","(X)","(X)","47.9","(X)",
"1400000US25025100100","Census Tract 1001; Suffolk County; Massachusetts","1976","262","10.6","5.4","7.2","5.2","6.4","4.6","15.4","9.0","15.2","7.7","17.5","7.8","6.5","5.6","8.1","5.2","8.5","4.2","4.6","4.0","41909","12549","67748","12966","43.9","(X)","(X)","(X)","(X)","(X)","1533","294","7.9","5.5","3.6","4.2","0.0","2.7","21.5","11.6","19.6","9.7","14.5","8.6","8.4","7.0","12.7","7.6","7.1","4.4","4.6","4.5","46433","17173","72073","15377","(X)","(X)","41.7","(X)","(X)","(X)","515","187","5.2","9.2","0.0","7.9","0.0","7.9","7.6","11.8","15.3","16.4","14.0","14.5","17.5","17.6","20.4","13.2","12.8","9.7","7.2","7.7","76138","31483","N","N","(X)","(X)","(X)","(X)","(X)","(X)","443","172","19.9","14.0","19.6","16.3","28.4","18.8","5.0","6.1","0.0","9.1","16.7","11.8","0.0","9.1","0.0","9.1","5.6","8.8","4.7","7.6","17422","10091","42899","23767","(X)","(X)","(X)","(X)","48.3","(X)",
"1400000US25025100200","Census Tract 1002; Suffolk County; Massachusetts","1041","157","6.3","4.3","6.0","4.3","14.1","6.3","8.0","4.9","7.0","4.4","15.9","6.7","17.4","9.3","19.5","9.1","2.2","3.4","3.6","2.8","61850","15180","70453","10731","52.2","(X)","(X)","(X)","(X)","(X)","802","150","6.4","4.9","3.4","4.0","17.7","8.8","10.0","6.6","5.4","3.7","15.8","7.9","13.2","7.6","20.7","11.5","2.9","4.4","4.6","3.6","60900","16275","72977","12920","(X)","(X)","50.5","(X)","(X)","(X)","302","112","0.0","13.1","0.0","13.1","13.9","14.9","11.6","10.8","11.3","9.0","8.9","8.0","18.2","14.2","29.1","24.1","0.7","1.7","6.3","9.2","83750","46153","N","N","(X)","(X)","(X)","(X)","(X)","(X)","239","106","12.1","12.8","14.6","13.6","3.8","7.1","0.0","16.2","6.3","10.3","21.3","20.2","33.1","28.5","8.8","11.6","0.0","16.2","0.0","16.2","63750","27829","56636","16429","(X)","(X)","(X)","(X)","45.2","(X)",
"1400000US25025100300","Census Tract 1003; Suffolk County; Massachusetts","1258","178","6.7","5.3","1.4","2.3","10.7","5.5","2.6","3.1","7.9","5.3","11.8","6.4","16.2","7.6","21.4","8.9","18.4","8.9","3.0","2.8","84500","15415","94694","12287","55.5","(X)","(X)","(X)","(X)","(X)","1031","186","4.6","4.6","1.7","2.8","6.5","5.1","4.3","4.6","9.1","6.3","13.7","8.1","15.9","7.5","22.9","10.3","17.7","10.7","3.7","3.6","91536","16730","98268","14291","(X)","(X)","53.7","(X)","(X)","(X)","473","158","0.0","8.6","0.0","8.6","4.7","6.9","3.0","4.6","0.0","8.6","6.6","8.0","10.1","10.8","39.7","19.8","30.0","19.8","5.9","7.2","108603","55261","N","N","(X)","(X)","(X)","(X)","(X)","(X)","227","80","16.3","17.1","0.0","17.0","37.9","20.8","0.0","17.0","5.3","7.9","15.4","13.3","4.8","8.4","7.0","11.5","13.2","18.0","0.0","17.0","-","**","55663","25725","(X)","(X)","(X)","(X)","52.9","(X)",
"1400000US25025100400","Census Tract 1004; Suffolk County; Massachusetts","1879","286","13.4","8.7","4.3","4.1","5.5","4.6","5.9","3.9","5.2","3.0","8.3","4.2","5.9","5.0","19.3","7.1","13.3","7.8","19.1","9.4","103651","28005","119724","22886","44.8","(X)","(X)","(X)","(X)","(X)","1305","267","15.0","11.3","0.8","1.5","3.8","3.8","5.7","4.9","1.7","2.1","9.2","7.1","3.8","5.1","20.1","10.3","15.6","10.8","24.2","12.4","112476","29535","131472","24141","(X)","(X)","51.9","(X)","(X)","(X)","738","268","5.7","4.9","0.0","5.6","3.9","5.7","4.5","5.6","0.0","5.6","0.8","1.5","3.4","4.4","27.9","15.3","18.4","16.8","35.4","18.5","158750","48334","N","N","(X)","(X)","(X)","(X)","(X)","(X)","574","165","9.6","7.8","12.0","11.9","9.2","11.7","6.3","6.1","13.1","10.0","16.7","10.9","10.6","11.5","7.1","8.5","8.0","6.6","7.3","6.3","47500","24423","87942","36543","(X)","(X)","(X)","(X)","28.7","(X)",
"1400000US25025100500","Census Tract 1005; Suffolk County; Massachusetts","2643","391","10.2","7.1","14.9","11.8","7.9","6.6","8.7","6.6","5.8","5.0","7.4","4.8","5.9","4.0","12.3","4.7","14.2","6.7","12.9","6.2","58828","31502","87656","17619","47.5","(X)","(X)","(X)","(X)","(X)","1743","331","7.6","8.4","1.4","2.4","4.6","4.9","10.0","9.0","8.4","7.2","9.7","7.3","6.9","4.6","22.1","10.1","15.8","8.8","13.4","6.5","101399","29051","105554","17419","(X)","(X)","51.2","(X)","(X)","(X)","1191","288","0.0","3.5","0.0","3.5","0.0","3.5","5.2","8.2","11.3","10.4","12.1","9.6","7.1","5.5","27.0","13.9","23.2","11.9","14.1","8.2","109716","31589","N","N","(X)","(X)","(X)","(X)","(X)","(X)","900","362","15.2","14.4","41.0","26.1","14.1","16.8","6.0","6.6","0.8","1.2","4.0","6.0","6.1","8.8","0.0","4.6","10.9","8.8","1.9","3.3","13205","8081","41366","19493","(X)","(X)","(X)","(X)","38.6","(X)",
"1400000US25025100601","Census Tract 1006.01; Suffolk County; Massachusetts","2142","221","8.4","8.5","2.5","4.0","6.4","5.9","3.6","4.2","3.5","3.3","8.3","5.7","10.4","7.6","27.9","11.0","12.0","5.1","17.0","11.7","115536","20894","116600","24500","39.3","(X)","(X)","(X)","(X)","(X)","1629","247","11.0","10.9","0.0","2.6","7.2","7.6","4.1","5.3","6.6","5.8","9.6","7.7","12.0","9.6","23.2","11.4","12.1","6.1","14.2","13.1","97224","25420","109718","29787","(X)","(X)","39.2","(X)","(X)","(X)","1097","232","14.8","14.9","0.0","3.8","0.0","3.8","1.4","2.3","6.7","6.6","9.9","9.3","10.8","9.5","25.2","12.2","10.2","7.3","21.1","17.8","109671","30855","N","N","(X)","(X)","(X)","(X)","(X)","(X)","513","203","0.0","7.9","10.5","16.1","4.1","5.2","2.3","4.4","0.0","7.9","3.9","6.3","0.0","7.9","45.8","22.8","9.2","8.2","24.2","19.4","125401","20577","130087","30187","(X)","(X)","(X)","(X)","39.8","(X)",
"1400000US25025100603","Census Tract 1006.03; Suffolk County; Massachusetts","885","122","1.4","1.6","6.1","8.3","2.5","3.3","1.1","1.2","7.9","7.2","9.3","5.5","17.2","8.2","17.3","10.1","9.7","5.4","27.6","7.5","118750","36522","144918","22549","28.0","(X)","(X)","(X)","(X)","(X)","504","124","0.0","8.1","10.7","14.0","0.0","8.1","0.0","8.1","0.8","1.2","11.3","8.7","18.8","12.5","23.6","15.9","14.3","9.6","20.4","10.3","122917","33855","146991","36388","(X)","(X)","40.3","(X)","(X)","(X)","289","94","0.0","13.6","0.0","13.6","0.0","13.6","0.0","13.6","1.4","2.2","12.8","12.9","16.6","14.9","12.5","11.3","22.5","14.2","34.3","14.8","166250","44753","N","N","(X)","(X)","(X)","(X)","(X)","(X)","381","88","3.1","3.8","0.0","10.5","5.8","7.5","2.6","2.6","17.3","15.6","9.4","6.6","12.1","8.3","13.9","11.7","2.4","3.4","33.3","13.4","96964","56588","138925","34066","(X)","(X)","(X)","(X)","11.8","(X)",
"1400000US25025100700","Census Tract 1007; Suffolk County; Massachusetts","1855","161","1.7","1.2","1.8","1.4","5.7","4.0","2.6","2.3","7.4","4.7","5.9","2.9","11.1","5.9","19.9","7.6","13.5","5.6","30.4","7.2","138736","13299","187799","35251","31.9","(X)","(X)","(X)","(X)","(X)","915","145","0.0","4.5","0.0","4.5","1.0","1.8","2.2","3.4","11.1","7.5","5.4","4.2","2.5","2.1","15.7","8.3","15.6","8.7","46.4","11.2","176406","54365","235892","60599","(X)","(X)","37.0","(X)","(X)","(X)","721","145","0.0","5.7","0.0","5.7","0.0","5.7","2.8","4.2","8.2","7.1","3.6","4.2","2.2","2.3","16.8","9.7","14.7","8.8","51.7","11.8","203125","31872","N","N","(X)","(X)","(X)","(X)","(X)","(X)","940","178","3.3","2.5","3.6","2.7","10.2","7.7","3.1","3.0","3.7","4.8","6.4","4.3","19.4","11.3","24.8","11.5","10.7","7.9","14.8","8.2","100750","26944","140647","40174","(X)","(X)","(X)","(X)","26.8","(X)",
"1400000US25025100800","Census Tract 1008; Suffolk County; Massachusetts","2797","264","7.1","4.1","5.0","3.5","5.3","3.8","6.8","4.4","7.3","4.9","16.8","6.4","5.1","3.6","17.8","6.4","11.3","5.3","17.6","5.7","82238","27654","113367","14650","39.5","(X)","(X)","(X)","(X)","(X)","1470","283","4.8","6.2","2.1","3.1","4.6","4.5","6.2","4.0","6.4","5.2","13.6","9.0","4.0","5.0","15.2","8.5","22.2","10.9","21.0","8.7","112206","39308","136200","21268","(X)","(X)","38.6","(X)","(X)","(X)","841","203","0.0","4.9","3.7","5.6","0.0","4.9","1.4","2.5","8.2","7.3","6.2","7.4","5.6","8.3","16.2","10.5","26.4","13.1","32.3","13.2","167969","36668","N","N","(X)","(X)","(X)","(X)","(X)","(X)","1327","273","10.6","7.1","8.3","7.1","6.0","6.4","7.4","8.1","8.2","9.2","20.3","11.4","6.4","5.9","21.4","10.2","4.7","5.1","6.7","4.9","52359","29741","77521","16192","(X)","(X)","(X)","(X)","40.6","(X)",
"1400000US25025100900","Census Tract 1009; Suffolk County; Massachusetts","1649","196","1.1","1.1","1.5","1.8","4.6","2.7","1.3","1.4","4.5","3.4","11.5","6.5","20.0","8.2","20.4","8.4","15.1","7.1","20.0","7.0","106851","7415","149800","25048","40.4","(X)","(X)","(X)","(X)","(X)","1008","181","1.0","1.5","2.5","3.0","3.3","3.1","0.0","4.1","4.9","4.7","5.7","4.6","14.7","7.4","21.2","11.0","19.0","9.8","27.8","10.1","126774","45243","172220","35702","(X)","(X)","52.5","(X)","(X)","(X)","580","114","0.0","7.1","1.4","2.2","5.7","5.1","0.0","7.1","4.1","5.5","1.6","2.6","10.5","7.9","17.8","8.3","18.8","9.7","40.2","13.2","173958","16093","N","N","(X)","(X)","(X)","(X)","(X)","(X)","641","142","1.2","2.0","0.0","6.4","6.7","6.3","3.4","3.8","3.9","4.3","20.6","13.4","28.4","16.6","19.2","12.4","8.9","6.6","7.6","7.9","95572","8178","113205","29652","(X)","(X)","(X)","(X)","21.4","(X)",
"1400000US25025101001","Census Tract 1010.01; Suffolk County; Massachusetts","2192","301","1.8","2.8","2.2","2.6","6.7","6.2","16.2","9.8","6.3","4.8","10.2","5.6","19.2","8.2","17.9","8.5","4.9","3.5","14.6","6.2","88964","13575","99163","12924","47.6","(X)","(X)","(X)","(X)","(X)","1660","294","0.0","2.5","0.0","2.5","2.3","3.7","21.3","12.5","7.2","6.0","11.5","6.8","11.4","7.9","21.6","11.4","10.7","6.4","14.1","7.8","92727","33846","107735","18437","(X)","(X)","52.8","(X)","(X)","(X)","713","158","0.0","5.8","0.0","5.8","0.0","5.8","11.5","12.7","9.4","12.0","2.4","4.0","16.7","12.8","29.2","14.9","4.9","5.3","25.9","13.6","116691","21256","N","N","(X)","(X)","(X)","(X)","(X)","(X)","532","212","7.3","11.4","9.2","10.6","20.5","22.1","6.8","10.7","3.4","5.4","6.0","7.5","37.2","23.1","6.4","7.6","3.2","5.0","0.0","7.7","-","**","59908","19172","(X)","(X)","(X)","(X)","25.4","(X)",
"1400000US25025101002","Census Tract 1010.02; Suffolk County; Massachusetts","2295","307","7.9","5.1","10.4","6.2","10.8","8.8","6.2","4.2","10.6","5.7","18.9","10.6","11.2","7.2","12.7","7.9","4.9","3.5","6.5","4.4","51243","9573","68638","11640","40.6","(X)","(X)","(X)","(X)","(X)","1676","304","3.0","3.7","7.0","5.5","12.0","9.3","8.2","5.5","9.7","6.8","21.5","13.6","8.4","7.6","15.7","9.7","5.7","4.8","8.9","6.1","52237","17016","78478","15158","(X)","(X)","41.2","(X)","(X)","(X)","638","205","4.4","6.7","0.0","6.4","0.0","6.4","1.7","2.9","8.2","12.9","14.1","14.1","8.5","10.5","29.5","18.6","10.2","9.0","23.5","15.5","108092","36238","N","N","(X)","(X)","(X)","(X)","(X)","(X)","619","164","21.2","16.5","19.7","17.5","7.4","12.3","0.8","1.3","15.5","12.6","12.8","10.8","16.3","13.0","3.6","5.8","2.7","4.5","0.0","6.6","-","**","40074","14451","(X)","(X)","(X)","(X)","38.9","(X)",
"1400000US25025101101","Census Tract 1011.01; Suffolk County; Massachusetts","1321","184","2.9","2.9","2.1","3.2","3.6","4.2","12.2","7.1","16.6","8.2","14.9","7.4","10.6","6.3","17.3","7.4","5.5","3.7","14.3","7.1","70655","35612","100733","18605","42.3","(X)","(X)","(X)","(X)","(X)","905","154","3.4","4.1","0.0","4.6","1.8","2.2","12.7","8.8","9.7","7.2","18.1","10.4","12.3","7.5","23.3","10.0","4.5","3.8","14.1","8.1","94336","34639","106250","23112","(X)","(X)","52.7","(X)","(X)","(X)","440","141","0.0","9.2","0.0","9.2","2.3","4.0","9.8","10.7","0.0","9.2","14.1","12.2","18.0","13.4","20.0","12.5","6.8","7.2","29.1","13.9","107321","35809","N","N","(X)","(X)","(X)","(X)","(X)","(X)","416","181","6.5","10.1","6.7","9.5","7.7","11.9","11.1","10.4","26.7","16.3","12.3","11.7","7.0","9.7","1.2","2.0","6.3","9.2","14.7","16.1","41850","24699","83510","41372","(X)","(X)","(X)","(X)","19.7","(X)",
"1400000US25025101102","Census Tract 1011.02; Suffolk County; Massachusetts","1771","184","13.8","8.3","6.4","4.4","8.9","5.0","4.8","3.5","20.0","7.3","9.8","7.0","10.2","5.5","12.6","5.4","8.6","4.6","4.9","2.9","44606","7895","72802","10249","41.6","(X)","(X)","(X)","(X)","(X)","1115","163","9.1","5.8","3.2","4.2","4.8","4.1","4.8","4.9","17.7","8.4","12.1","9.1","10.6","6.6","18.6","8.1","13.7","7.3","5.3","4.4","73719","12608","90611","15669","(X)","(X)","52.4","(X)","(X)","(X)","375","93","5.6","8.7","0.0","10.7","0.0","10.7","0.0","10.7","16.0","11.7","3.2","5.3","4.8","5.6","45.1","19.1","18.4","13.5","6.9","9.4","126086","22434","N","N","(X)","(X)","(X)","(X)","(X)","(X)","656","171","24.4","18.7","11.7","8.4","15.7","13.1","4.7","4.0","21.3","13.4","10.1","10.8","9.5","8.0","2.6","3.1","0.0","6.3","0.0","6.3","21466","17707","30921","8630","(X)","(X)","(X)","(X)","23.2","(X)",
"1400000US25025110104","Census Tract 1101.04; Suffolk County; Massachusetts","650","117","7.1","7.1","4.6","8.7","6.9","8.2","18.6","11.3","1.4","2.4","19.2","14.3","16.8","16.1","1.7","3.0","4.0","4.5","19.7","10.0","54934","26311","92385","18906","68.6","(X)","(X)","(X)","(X)","(X)","433","124","15.7","15.4","0.0","9.3","9.0","9.7","33.7","18.4","0.0","9.3","26.1","18.4","0.0","9.3","0.0","9.3","2.5","3.3","12.9","8.7","33310","13322","67730","24747","(X)","(X)","69.7","(X)","(X)","(X)","190","108","0.0","19.9","0.0","19.9","0.0","19.9","53.2","24.5","0.0","19.9","11.6","18.8","0.0","19.9","0.0","19.9","5.8","8.4","29.5","20.7","-","**","N","N","(X)","(X)","(X)","(X)","(X)","(X)","217","89","3.7","11.6","0.0","17.7","5.5","13.8","9.2","15.9","4.1","7.4","5.5","16.9","26.7","26.3","5.1","9.5","6.9","12.3","33.2","25.3","88250","69933","126712","36761","(X)","(X)","(X)","(X)","45.6","(X)",
"1400000US25025110105","Census Tract 1101.05; Suffolk County; Massachusetts","1202","217","5.8","4.6","2.2","3.0","0.0","3.5","1.2","1.9","7.2","4.8","9.1","6.9","10.5","6.3","17.1","9.1","25.0","13.0","22.0","10.4","145700","42829","146555","19557","40.7","(X)","(X)","(X)","(X)","(X)","525","205","0.0","7.8","0.0","7.8","0.0","7.8","2.7","4.5","0.0","7.8","1.7","2.8","12.0","10.9","12.4","14.6","49.9","21.4","21.3","15.7","180369","35712","186028","25384","(X)","(X)","50.9","(X)","(X)","(X)","448","196","0.0","9.0","0.0","9.0","0.0","9.0","3.1","5.2","0.0","9.0","2.0","3.3","8.5","9.4","12.1","16.7","54.7","23.7","19.6","15.1","181193","36601","N","N","(X)","(X)","(X)","(X)","(X)","(X)","677","169","10.3","8.2","3.8","5.3","0.0","6.1","0.0","6.1","12.7","9.1","14.8","11.5","9.3","7.1","28.2","13.3","5.6","5.4","15.2","10.3","98839","32393","104204","20532","(X)","(X)","(X)","(X)","32.8","(X)",
"1400000US25025110106","Census Tract 1101.06; Suffolk County; Massachusetts","782","306","1.2","2.1","0.4","0.9","10.2","11.0","0.0","5.3","27.7","31.9","1.8","3.1","5.5","6.8","14.7","9.4","14.6","12.5","23.9","12.1","102404","66876","137626","43844","63.6","(X)","(X)","(X)","(X)","(X)","397","368","0.0","10.1","0.0","10.1","5.0","10.8","0.0","10.1","53.7","41.9","3.5","7.4","0.0","10.1","8.1","10.8","15.6","20.4","14.1","9.6","-","**","100211","44602","(X)","(X)","82.9","(X)","(X)","(X)","355","364","0.0","11.3","0.0","11.3","0.0","11.3","0.0","11.3","60.0","41.3","0.0","11.3","0.0","11.3","6.8","10.9","17.5","26.5","15.8","12.7","-","**","N","N","(X)","(X)","(X)","(X)","(X)","(X)","385","125","2.3","4.2","0.8","1.7","15.6","14.6","0.0","10.4","1.0","1.7","0.0","10.4","11.2","12.7","21.6","14.7","13.5","15.8","34.0","16.7","131875","72067","175386","58551","(X)","(X)","(X)","(X)","36.9","(X)",
"1400000US25025110201","Census Tract 1102.01; Suffolk County; Massachusetts","913","111","7.2","4.0","9.2","6.6","7.4","4.8","6.1","4.4","7.0","5.2","7.6","4.6","25.6","8.4","20.6","9.1","0.3","0.8","8.9","4.8","77171","12480","80995","9660","43.0","(X)","(X)","(X)","(X)","(X)","580","109","3.4","3.0","2.8","3.0","8.8","6.6","9.5","6.8","12.4","8.4","1.0","1.5","21.7","10.6","27.4","12.9","0.5","1.3","12.4","6.9","86765","12056","92704","13239","(X)","(X)","46.9","(X)","(X)","(X)","274","99","2.9","4.3","2.2","3.6","2.9","4.7","0.0","14.3","12.4","11.9","0.0","14.3","17.5","12.0","39.8","22.1","1.1","2.8","21.2","14.0","101352","5580","N","N","(X)","(X)","(X)","(X)","(X)","(X)","333","77","13.8","10.4","20.4","17.4","5.1","5.1","3.0","4.3","4.5","6.0","18.9","11.5","25.5","13.4","8.7","6.5","0.0","12.0","0.0","12.0","52938","32661","51598","10505","(X)","(X)","(X)","(X)","36.3","(X)",
"1400000US25025110301","Census Tract 1103.01; Suffolk County; Massachusetts","976","95","6.1","5.3","2.0","1.9","5.0","4.1","2.0","2.1","4.6","2.8","10.0","5.7","14.7","6.9","24.9","7.9","11.6","3.8","19.0","6.6","102008","8276","123749","13999","42.9","(X)","(X)","(X)","(X)","(X)","660","102","2.6","2.7","0.8","1.1","3.3","3.1","0.0","6.2","1.4","1.5","10.6","6.8","14.5","8.9","27.9","10.4","17.3","5.5","21.7","9.2","121250","29041","138701","14959","(X)","(X)","49.2","(X)","(X)","(X)","436","95","0.0","9.3","0.0","9.3","0.0","9.3","0.0","9.3","0.0","9.3","6.0","6.3","12.8","9.6","30.3","13.8","24.3","8.3","26.6","11.7","153611","26900","N","N","(X)","(X)","(X)","(X)","(X)","(X)","316","94","13.6","14.3","4.7","5.1","8.5","12.0","6.3","6.4","11.4","8.2","8.9","8.5","14.9","11.9","21.5","11.8","1.6","2.5","8.5","5.1","68167","34502","87558","27095","(X)","(X)","(X)","(X)","26.9","(X)",
"1400000US25025110401","Census Tract 1104.01; Suffolk County; Massachusetts","1410","132","6.2","5.0","2.2","2.6","3.9","4.7","4.9","4.5","9.1","6.6","14.3","6.9","18.2","7.3","12.1","5.5","7.7","4.2","21.5","9.6","84302","15099","128930","36364","41.5","(X)","(X)","(X)","(X)","(X)","1092","137","7.5","6.4","2.2","3.2","4.1","5.8","5.4","4.5","9.4","7.6","5.1","3.5","19.3","8.7","14.4","7.0","7.4","4.9","25.1","11.9","94216","14630","140989","45765","(X)","(X)","45.2","(X)","(X)","(X)","524","149","0.0","7.8","0.0","7.8","0.0","7.8","0.0","7.8","8.4","8.8","3.8","3.7","20.8","12.9","14.5","9.5","5.9","5.4","46.6","18.8","157500","96819","N","N","(X)","(X)","(X)","(X)","(X)","(X)","318","87","1.9","3.5","2.2","3.8","3.1","4.9","13.5","16.8","7.9","10.4","35.5","20.5","14.2","11.9","8.2","6.7","8.5","9.1","5.0","6.4","64485","9961","77698","15552","(X)","(X)","(X)","(X)","28.3","(X)",
"1400000US25025110403","Census Tract 1104.03; Suffolk County; Massachusetts","1809","186","3.5","3.3","0.6","1.0","6.5","4.4","1.3","1.1","5.9","3.4","10.3","5.2","6.1","3.4","26.5","8.0","16.5","5.5","22.7","6.2","128512","16238","152819","20129","41.2","(X)","(X)","(X)","(X)","(X)","1224","152","2.9","3.1","0.0","3.4","4.4","3.9","1.3","1.3","2.8","2.9","11.8","6.7","5.1","2.9","23.9","8.9","22.6","8.0","25.1","8.2","148511","19548","167480","23980","(X)","(X)","39.5","(X)","(X)","(X)","876","164","0.0","4.7","0.0","4.7","0.0","4.7","1.3","1.5","0.0","4.7","7.5","5.7","3.5","3.0","27.3","11.0","26.4","10.5","34.0","10.5","169250","14839","N","N","(X)","(X)","(X)","(X)","(X)","(X)","585","151","6.8","8.1","1.9","2.9","13.7","12.3","1.2","2.1","10.3","9.4","4.4","5.4","8.2","7.4","37.4","15.7","1.9","3.1","14.2","9.8","102819","35088","112917","35631","(X)","(X)","(X)","(X)","39.0","(X)",
"1400000US25025110501","Census Tract 1105.01; Suffolk County; Massachusetts","1272","155","0.8","1.3","2.8","3.2","1.1","1.8","2.9","3.6","4.4","2.8","12.0","8.3","6.9","5.1","20.4","7.8","19.7","7.7","29.0","8.5","144643","21092","167446","24834","33.0","(X)","(X)","(X)","(X)","(X)","900","154","1.1","1.9","0.0","4.6","0.0","4.6","3.0","4.6","4.6","3.8","12.1","11.2","6.7","5.8","17.1","8.3","21.1","9.4","34.3","11.2","160385","20155","183054","32723","(X)","(X)","34.3","(X)","(X)","(X)","644","144","0.0","6.4","0.0","6.4","0.0","6.4","0.0","6.4","4.7","5.0","9.9","14.0","0.0","6.4","18.9","9.0","20.2","9.8","46.3","13.8","190833","38623","N","N","(X)","(X)","(X)","(X)","(X)","(X)","372","102","0.0","10.8","9.4","10.3","3.8","5.9","2.7","4.4","4.0","6.0","11.8","9.4","7.5","8.0","30.9","15.9","13.7","10.2","16.1","11.5","108468","25594","128004","28147","(X)","(X)","(X)","(X)","29.8","(X)",
"1400000US25025110502","Census Tract 1105.02; Suffolk County; Massachusetts","1733","272","1.3","1.5","7.2","5.4","5.9","4.8","2.8","2.3","9.9","5.6","11.7","6.1","6.8","4.2","13.6","5.2","22.9","10.7","18.1","6.4","113972","35785","132836","20162","42.2","(X)","(X)","(X)","(X)","(X)","1091","250","0.0","3.8","0.0","3.8","6.8","6.9","0.0","3.8","10.4","7.2","9.1","5.3","11.6","7.5","11.9","6.1","31.1","15.0","19.2","8.7","150120","52444","148232","20627","(X)","(X)","48.1","(X)","(X)","(X)","637","101","0.0","6.5","0.0","6.5","0.0","6.5","0.0","6.5","7.7","6.6","10.7","6.5","8.2","6.4","17.3","9.4","23.4","9.8","32.8","10.8","157125","23854","N","N","(X)","(X)","(X)","(X)","(X)","(X)","642","156","3.6","4.2","19.3","13.4","4.5","4.9","7.5","5.9","12.1","10.2","16.0","13.3","10.1","8.1","15.9","9.7","5.0","5.0","5.9","5.2","55000","12812","83254","28467","(X)","(X)","(X)","(X)","23.7","(X)",
"1400000US25025110601","Census Tract 1106.01; Suffolk County; Massachusetts","1358","197","2.4","2.8","4.0","3.4","0.4","0.8","4.6","2.6","7.4","4.5","9.4","6.1","10.5","8.7","13.0","5.0","5.9","3.2","42.3","9.5","145800","53594","194849","28902","36.0","(X)","(X)","(X)","(X)","(X)","752","141","0.0","5.5","1.5","2.6","0.0","5.5","0.0","5.5","0.8","1.4","3.9","3.6","4.0","2.7","16.8","7.1","9.7","5.5","63.4","10.0","250,000+","***","280072","39637","(X)","(X)","34.8","(X)","(X)","(X)","643","134","0.0","6.4","0.0","6.4","0.0","6.4","0.0","6.4","0.9","1.7","3.0","3.2","4.7","3.2","10.6","5.2","10.3","6.3","70.6","9.4","250,000+","***","N","N","(X)","(X)","(X)","(X)","(X)","(X)","606","165","5.3","6.6","7.1","7.0","1.0","1.8","10.4","6.4","15.7","10.4","16.3","12.1","18.6","17.1","8.4","6.8","2.3","3.3","14.9","10.6","70556","31415","88776","21252","(X)","(X)","(X)","(X)","37.5","(X)",
"1400000US25025110607","Census Tract 1106.07; Suffolk County; Massachusetts","2039","194","1.5","1.9","0.9","1.4","3.5","3.4","0.0","2.1","7.7","5.1","8.4","5.1","15.8","7.6","13.1","6.1","17.8","7.7","31.1","10.0","145795","30071","154101","17545","40.5","(X)","(X)","(X)","(X)","(X)","1250","240","0.0","3.3","1.4","2.3","2.2","3.4","0.0","3.3","5.9","6.5","3.9","4.2","10.6","7.7","10.2","6.1","24.4","12.2","41.3","14.3","168580","28255","177712","22884","(X)","(X)","51.8","(X)","(X)","(X)","1007","224","0.0","4.1","0.0","4.1","2.8","4.3","0.0","4.1","0.0","4.1","4.9","5.3","4.2","4.9","11.0","7.0","30.3","14.8","46.9","16.8","185536","42848","N","N","(X)","(X)","(X)","(X)","(X)","(X)","789","189","3.9","4.8","0.0","5.2","5.6","6.2","0.0","5.2","10.6","7.3","15.6","10.5","24.8","13.8","17.7","10.7","9.1","6.7","12.5","8.8","90503","11437","113077","23874","(X)","(X)","(X)","(X)","22.6","(X)",
"1400000US25025120103","Census Tract 1201.03; Suffolk County; Massachusetts","746","67","0.0","5.5","2.0","2.3","0.0","5.5","0.0","5.5","4.7","3.6","6.6","4.1","3.8","2.4","18.4","6.7","13.4","6.4","51.2","8.8","211731","41157","262478","33998","34.0","(X)","(X)","(X)","(X)","(X)","418","67","0.0","9.7","0.0","9.7","0.0","9.7","0.0","9.7","1.4","2.1","3.6","4.0","1.2","1.8","11.7","8.3","15.6","8.8","66.5","10.2","238462","23892","324776","52967","(X)","(X)","36.8","(X)","(X)","(X)","395","66","0.0","10.2","0.0","10.2","0.0","10.2","0.0","10.2","1.5","2.2","2.3","3.5","1.3","1.9","12.4","8.8","14.9","9.2","67.6","11.0","238510","24067","N","N","(X)","(X)","(X)","(X)","(X)","(X)","328","64","0.0","12.1","4.6","5.1","0.0","12.1","0.0","12.1","8.8","7.1","10.4","8.0","7.0","4.8","26.8","10.7","12.5","7.8","29.9","14.0","122500","31689","171695","38994","(X)","(X)","(X)","(X)","28.7","(X)",
"1400000US25025120104","Census Tract 1201.04; Suffolk County; Massachusetts","1097","96","5.0","5.2","0.0","3.8","2.3","3.0","2.2","2.7","2.4","2.8","13.4","7.6","15.6","6.5","20.5","8.0","11.2","5.3","27.4","8.3","121583","13758","166044","27394","29.5","(X)","(X)","(X)","(X)","(X)","452","128","1.5","2.6","0.0","9.0","0.0","9.0","0.0","9.0","4.0","6.1","2.9","3.6","13.9","9.8","29.4","15.4","6.2","7.8","42.0","14.1","137159","77067","200637","34193","(X)","(X)","34.7","(X)","(X)","(X)","365","133","0.0","11.0","0.0","11.0","0.0","11.0","0.0","11.0","4.9","7.5","1.9","3.4","9.0","9.0","31.0","17.3","7.7","9.8","45.5","16.4","166513","80713","N","N","(X)","(X)","(X)","(X)","(X)","(X)","645","90","7.4","8.6","0.0","6.4","3.9","4.8","3.7","4.7","1.2","1.9","20.8","12.5","16.7","9.2","14.3","6.9","14.7","7.6","17.2","9.9","93417","30897","141802","41638","(X)","(X)","(X)","(X)","25.9","(X)",
"1400000US25025120105","Census Tract 1201.05; Suffolk County; Massachusetts","957","87","3.7","3.9","2.1","1.9","4.3","4.8","3.4","2.3","4.6","2.9","8.2","5.0","6.1","4.4","12.0","4.6","13.0","4.9","42.7","7.0","178594","18946","213441","27638","33.5","(X)","(X)","(X)","(X)","(X)","617","81","0.0","6.7","0.8","1.4","5.3","7.0","1.0","1.3","2.4","3.0","6.6","6.4","3.1","2.3","11.3","4.9","10.2","5.0","59.2","8.3","231625","40363","262357","34941","(X)","(X)","31.0","(X)","(X)","(X)","500","72","0.0","8.1","0.0","8.1","0.6","1.0","0.0","8.1","3.0","3.6","3.6","4.6","3.0","2.4","9.2","4.8","11.0","5.5","69.6","7.8","250,000+","***","N","N","(X)","(X)","(X)","(X)","(X)","(X)","340","79","10.3","10.8","4.4","4.6","2.4","2.9","7.9","6.3","8.5","6.0","10.9","7.5","11.5","11.1","13.2","7.4","20.3","11.3","10.6","8.2","90577","26599","119996","33077","(X)","(X)","(X)","(X)","38.2","(X)",
"1400000US25025120201","Census Tract 1202.01; Suffolk County; Massachusetts","2106","308","13.0","11.0","2.8","3.8","3.0","2.5","4.5","3.7","6.0","4.2","6.3","3.7","16.7","7.1","19.8","5.7","7.2","3.7","20.8","6.9","98929","8508","135797","26678","31.3","(X)","(X)","(X)","(X)","(X)","858","155","2.0","3.1","0.0","4.8","0.0","4.8","0.8","1.5","12.1","8.4","8.7","6.7","8.3","7.3","18.8","10.0","6.5","5.5","42.8","12.3","149375","52686","211696","46123","(X)","(X)","22.7","(X)","(X)","(X)","699","147","0.0","5.9","0.0","5.9","0.0","5.9","1.0","1.8","14.9","10.2","5.4","5.9","6.6","6.4","14.9","10.2","8.0","6.6","49.2","12.8","191125","81102","N","N","(X)","(X)","(X)","(X)","(X)","(X)","1248","309","20.5","17.5","4.8","6.6","5.0","4.5","7.1","6.2","1.8","3.2","6.3","4.7","22.4","10.3","21.4","10.4","5.0","4.2","5.6","4.4","79286","24633","77960","18769","(X)","(X)","(X)","(X)","34.8","(X)",
"1400000US25025120301","Census Tract 1203.01; Suffolk County; Massachusetts","2059","207","7.6","5.6","6.1","4.7","3.3","2.6","2.6","2.0","4.1","3.3","11.2","5.7","8.9","5.0","22.1","6.2","15.0","4.7","19.1","7.3","114627","21128","127655","16862","40.3","(X)","(X)","(X)","(X)","(X)","951","182","0.0","4.4","0.0","4.4","3.7","4.5","2.9","4.2","8.0","6.6","6.3","5.7","9.7","10.0","23.1","9.9","11.9","6.5","34.4","13.8","138147","33924","165650","27419","(X)","(X)","53.2","(X)","(X)","(X)","683","163","0.0","6.0","0.0","6.0","0.0","6.0","0.0","6.0","3.5","4.0","1.2","2.0","13.5","13.7","24.2","10.8","14.1","8.8","43.6","17.4","168869","60895","N","N","(X)","(X)","(X)","(X)","(X)","(X)","1108","223","14.2","9.6","11.4","8.3","3.0","2.7","2.3","2.9","1.5","2.6","15.3","9.2","8.2","4.6","22.1","8.5","16.0","8.5","6.0","4.3","86974","32395","93531","18117","(X)","(X)","(X)","(X)","29.2","(X)",
"1400000US25025120400","Census Tract 1204; Suffolk County; Massachusetts","2978","274","2.6","2.2","2.6","2.5","3.0","3.2","4.2","3.8","3.6","2.5","8.0","4.5","10.4","5.4","19.1","6.3","13.3","4.3","33.2","7.8","145543","23650","166860","17543","37.0","(X)","(X)","(X)","(X)","(X)","1284","192","0.0","3.3","0.0","3.3","0.0","3.3","1.3","1.7","1.0","1.6","3.1","3.1","10.8","8.7","23.8","7.5","12.4","6.8","47.6","10.9","185147","39236","221523","27377","(X)","(X)","29.8","(X)","(X)","(X)","1105","185","0.0","3.8","0.0","3.8","0.0","3.8","0.0","3.8","1.2","1.9","3.1","3.2","4.4","4.9","23.2","8.7","12.9","7.6","55.3","11.0","208125","31113","N","N","(X)","(X)","(X)","(X)","(X)","(X)","1694","302","4.6","3.9","4.5","4.3","5.3","5.6","6.4","6.6","5.5","4.4","11.6","7.9","10.1","6.9","19.9","11.0","11.3","5.6","20.7","14.5","110161","38978","122015","30174","(X)","(X)","(X)","(X)","40.5","(X)",
"1400000US25025120500","Census Tract 1205; Suffolk County; Massachusetts","1061","216","6.1","3.7","2.6","2.7","3.1","2.5","8.4","4.3","1.8","2.0","7.7","4.0","6.4","4.2","17.9","5.8","9.7","5.8","36.2","14.6","143393","30789","160434","21450","51.7","(X)","(X)","(X)","(X)","(X)","423","81","6.9","6.7","0.0","9.6","0.0","9.6","14.9","7.4","4.5","5.5","4.0","4.5","8.0","6.1","20.6","8.6","14.4","10.9","26.7","9.0","136563","43828","148780","23534","(X)","(X)","39.5","(X)","(X)","(X)","303","78","4.6","5.0","0.0","13.1","0.0","13.1","2.0","3.3","3.6","5.6","5.6","6.4","10.9","8.5","24.1","11.7","11.9","12.1","37.3","12.4","149688","54990","N","N","(X)","(X)","(X)","(X)","(X)","(X)","638","207","5.6","4.4","4.4","4.6","5.2","4.5","4.1","4.0","1.3","1.8","11.0","6.6","4.7","4.8","14.7","7.8","10.5","6.2","38.6","23.7","146429","74381","160374","34349","(X)","(X)","(X)","(X)","59.9","(X)",
"1400000US25025120600","Census Tract 1206; Suffolk County; Massachusetts","1199","187","2.1","2.4","0.0","3.5","0.0","3.5","2.8","2.7","4.5","3.3","6.1","4.4","11.3","5.4","25.1","10.5","10.9","5.1","37.2","11.4","146806","34995","188305","25665","35.9","(X)","(X)","(X)","(X)","(X)","638","199","0.0","6.4","0.0","6.4","0.0","6.4","0.0","6.4","2.8","4.1","3.1","4.4","12.1","9.6","21.9","17.0","8.5","5.1","51.6","18.1","227273","82967","237992","46487","(X)","(X)","34.3","(X)","(X)","(X)","507","195","0.0","8.0","0.0","8.0","0.0","8.0","0.0","8.0","0.0","8.0","3.9","5.6","5.3","6.6","21.5","20.6","10.7","6.7","58.6","19.7","242708","66906","N","N","(X)","(X)","(X)","(X)","(X)","(X)","561","87","4.5","5.0","0.0","7.3","0.0","7.3","6.1","5.3","6.4","5.3","9.4","7.8","13.9","7.5","25.1","9.8","13.7","8.0","20.9","9.0","109647","12382","129773","18386","(X)","(X)","(X)","(X)","37.6","(X)",
"1400000US25025120700","Census Tract 1207; Suffolk County; Massachusetts","943","125","2.2","3.4","0.4","0.9","7.1","4.7","6.4","5.8","2.4","2.4","13.1","6.3","11.5","6.2","16.1","5.6","19.8","10.2","20.9","6.6","114940","36269","148730","18722","27.5","(X)","(X)","(X)","(X)","(X)","453","127","0.0","8.9","0.0","8.9","10.4","8.6","3.8","5.5","0.0","8.9","6.4","5.7","4.6","4.7","23.2","10.1","25.6","17.4","26.0","9.2","159375","44941","184200","32440","(X)","(X)","28.5","(X)","(X)","(X)","306","66","0.0","12.9","0.0","12.9","0.0","12.9","5.6","7.8","0.0","12.9","8.2","7.6","6.9","6.8","26.1","11.7","14.7","9.5","38.6","12.3","160000","34346","N","N","(X)","(X)","(X)","(X)","(X)","(X)","490","84","4.3","6.7","0.8","1.7","4.1","5.0","8.8","9.9","4.7","4.8","19.4","10.1","17.8","9.9","11.8","6.4","12.2","8.2","16.1","9.6","84712","17365","114242","20903","(X)","(X)","(X)","(X)","24.7","(X)",
"1400000US25025130101","Census Tract 1301.01; Suffolk County; Massachusetts","2689","287","1.5","1.8","1.2","1.2","1.0","1.2","6.0","3.7","3.9","2.5","10.6","4.7","7.2","3.5","20.9","6.7","19.7","6.3","28.3","9.3","145881","18552","159431","14945","35.3","(X)","(X)","(X)","(X)","(X)","1523","305","0.7","1.1","0.0","2.7","0.9","1.5","2.3","2.6","1.5","2.1","10.3","5.5","6.3","4.1","23.7","11.6","9.7","5.7","44.7","13.7","172543","56364","193237","21949","(X)","(X)","30.3","(X)","(X)","(X)","910","141","1.1","1.7","0.0","4.6","1.4","2.4","0.0","4.6","0.0","4.6","4.0","4.6","6.6","5.3","15.1","7.7","16.2","8.2","55.7","11.7","217604","35596","N","N","(X)","(X)","(X)","(X)","(X)","(X)","1166","196","2.5","3.9","2.7","2.8","1.2","2.0","10.7","7.8","6.9","5.0","14.7","8.9","8.3","5.4","24.4","11.2","21.7","10.6","6.9","6.4","110889","36294","108637","18846","(X)","(X)","(X)","(X)","32.4","(X)",
"1400000US25025130200","Census Tract 1302; Suffolk County; Massachusetts","1832","198","6.1","6.9","2.0","2.9","2.1","1.9","2.1","2.0","3.4","2.3","9.9","3.9","6.2","4.3","18.8","6.2","13.6","5.3","35.8","7.5","149018","22931","187472","28157","27.2","(X)","(X)","(X)","(X)","(X)","1164","157","1.4","1.3","0.0","3.6","0.5","0.8","1.0","1.2","0.0","3.6","6.4","3.8","5.9","5.4","16.2","7.4","16.2","7.4","52.2","10.4","211286","48438","237727","31653","(X)","(X)","30.2","(X)","(X)","(X)","989","161","0.0","4.2","0.0","4.2","0.6","0.9","0.7","1.1","0.0","4.2","7.0","4.3","7.0","6.2","12.1","7.2","16.8","8.6","55.8","11.9","225592","45455","N","N","(X)","(X)","(X)","(X)","(X)","(X)","668","170","14.4","17.0","5.4","7.9","4.9","5.0","4.6","5.4","9.3","6.4","15.3","9.6","6.6","8.1","23.4","10.7","9.0","6.6","7.2","4.9","66837","39978","99552","31862","(X)","(X)","(X)","(X)","21.9","(X)",
"1400000US25025130300","Census Tract 1303; Suffolk County; Massachusetts","1707","163","1.3","1.5","1.5","1.7","0.9","1.1","1.5","1.5","6.4","3.6","5.6","3.5","6.7","3.5","24.7","8.3","18.3","8.1","33.0","7.4","151480","16555","194505","20928","32.2","(X)","(X)","(X)","(X)","(X)","1240","175","2.2","2.3","1.2","1.9","0.0","3.4","1.0","1.5","0.6","1.1","2.4","2.0","5.4","3.9","27.4","10.3","21.0","9.0","38.8","9.3","176250","20912","223624","29902","(X)","(X)","34.4","(X)","(X)","(X)","1151","179","1.1","1.8","0.0","3.6","0.0","3.6","1.0","1.6","0.7","1.1","1.4","1.5","5.1","4.2","28.8","10.7","21.0","9.6","40.8","10.4","185456","22089","N","N","(X)","(X)","(X)","(X)","(X)","(X)","467","104","2.1","3.5","2.4","3.8","3.2","3.9","3.0","3.6","21.8","12.2","13.9","11.8","7.3","6.2","19.7","11.9","12.4","11.2","14.1","10.1","81417","38278","110720","22339","(X)","(X)","(X)","(X)","22.1","(X)",
"1400000US25025130402","Census Tract 1304.02; Suffolk County; Massachusetts","2140","267","1.7","2.5","3.6","3.2","11.4","6.0","4.4","3.2","7.9","4.6","12.9","6.8","10.5","5.5","6.1","4.2","17.9","6.4","23.6","10.1","92636","47832","138661","30757","37.9","(X)","(X)","(X)","(X)","(X)","1277","237","0.0","3.3","0.0","3.3","1.3","2.2","1.9","2.4","4.0","4.0","14.9","10.6","11.8","7.8","5.9","4.7","20.7","10.8","39.5","15.1","162011","27055","189930","42134","(X)","(X)","38.0","(X)","(X)","(X)","1100","221","0.0","3.8","0.0","3.8","1.5","2.5","2.2","2.8","4.6","4.7","14.1","11.9","10.8","8.7","3.5","3.8","19.5","11.0","43.8","17.2","162348","68590","N","N","(X)","(X)","(X)","(X)","(X)","(X)","863","205","4.3","6.0","8.9","7.7","26.2","13.4","8.1","6.8","13.7","9.8","10.1","7.8","8.6","6.7","8.5","7.4","11.7","10.7","0.0","4.8","45114","20996","59797","17346","(X)","(X)","(X)","(X)","37.8","(X)",
"1400000US25025130404","Census Tract 1304.04; Suffolk County; Massachusetts","1380","137","1.9","1.7","1.7","2.0","6.8","4.5","8.2","7.2","5.4","3.4","12.2","6.9","9.6","4.9","20.9","7.8","16.0","8.9","17.2","5.9","112639","23275","138843","31391","51.1","(X)","(X)","(X)","(X)","(X)","759","97","1.3","2.0","1.8","2.7","3.6","3.5","0.0","5.4","4.3","3.8","3.8","3.8","15.0","7.7","26.4","12.1","13.7","8.0","30.0","10.6","136146","19352","182182","51041","(X)","(X)","44.3","(X)","(X)","(X)","647","102","1.5","2.4","0.0","6.4","0.9","1.6","0.0","6.4","1.5","2.1","2.8","3.3","12.5","7.9","30.9","13.3","14.5","9.5","35.2","12.5","149659","35196","N","N","(X)","(X)","(X)","(X)","(X)","(X)","621","134","2.6","3.0","1.4","2.4","11.9","9.7","17.1","15.1","6.8","5.4","24.3","14.0","5.0","4.9","12.6","8.2","16.9","16.1","1.4","2.6","59184","13200","79014","23165","(X)","(X)","(X)","(X)","56.8","(X)",
"1400000US25025130406","Census Tract 1304.06; Suffolk County; Massachusetts","2225","309","6.3","5.4","6.6","3.8","16.6","8.8","4.2","4.2","16.1","8.6","9.8","7.5","14.5","8.5","13.1","6.9","10.1","5.1","2.7","2.6","52616","21594","70993","9565","45.6","(X)","(X)","(X)","(X)","(X)","1579","313","4.9","7.7","0.0","2.7","16.0","10.9","5.6","5.7","20.1","11.4","13.7","10.7","14.6","10.5","10.7","7.5","11.8","7.0","2.5","3.0","54931","25507","75941","12375","(X)","(X)","42.2","(X)","(X)","(X)","689","164","0.0","6.0","0.0","6.0","2.9","5.0","0.0","6.0","7.5","10.2","28.6","19.6","18.0","13.2","17.4","14.1","19.7","15.9","5.8","7.1","91592","34410","N","N","(X)","(X)","(X)","(X)","(X)","(X)","646","163","9.8","7.2","22.8","12.1","18.3","14.7","0.8","1.1","6.2","6.7","0.0","6.4","14.4","10.1","18.9","13.5","6.0","7.0","2.9","4.8","-","**","58900","17913","(X)","(X)","(X)","(X)","53.9","(X)",
"1400000US25025140102","Census Tract 1401.02; Suffolk County; Massachusetts","1782","217","2.9","2.2","1.9","2.4","5.5","4.3","3.6","3.0","8.4","4.7","4.9","3.1","9.1","5.3","30.8","8.4","10.3","4.2","22.5","6.8","122990","12912","133480","15809","43.4","(X)","(X)","(X)","(X)","(X)","1237","213","0.0","3.4","2.1","3.3","0.2","0.7","1.5","2.5","9.6","6.5","2.9","2.0","9.5","6.9","33.6","10.6","11.7","5.6","28.8","8.5","128125","15129","152408","19476","(X)","(X)","53.9","(X)","(X)","(X)","816","140","0.0","5.1","0.0","5.1","0.2","1.0","0.0","5.1","5.0","4.9","3.7","3.3","11.0","9.5","26.7","10.2","15.2","7.2","38.1","10.4","154750","25520","N","N","(X)","(X)","(X)","(X)","(X)","(X)","545","137","9.5","6.9","1.3","2.0","17.6","12.9","8.3","7.7","7.2","8.0","9.5","9.0","10.6","8.6","25.9","13.9","7.2","5.7","2.9","3.8","-","**","80649","20171","(X)","(X)","(X)","(X)","19.4","(X)",
"1400000US25025140105","Census Tract 1401.05; Suffolk County; Massachusetts","1335","128","10.1","6.0","3.3","3.6","6.1","4.1","4.2","3.1","7.0","4.1","17.5","7.0","10.0","6.7","21.0","10.4","8.8","4.9","11.8","4.9","79375","29176","97366","12357","51.2","(X)","(X)","(X)","(X)","(X)","911","199","8.0","6.7","0.0","4.6","6.4","5.4","2.9","3.2","7.2","5.0","9.8","8.9","9.8","7.7","29.0","12.5","11.4","6.8","15.6","6.2","107776","12520","116304","13833","(X)","(X)","50.6","(X)","(X)","(X)","361","92","0.0","11.1","0.0","11.1","2.5","3.9","0.0","11.1","3.6","6.1","1.7","3.2","2.5","3.7","28.0","14.2","24.4","13.2","37.4","15.1","175733","26687","N","N","(X)","(X)","(X)","(X)","(X)","(X)","424","135","21.0","17.5","10.4","10.9","5.7","6.1","7.1","7.4","6.6","7.2","27.8","17.1","16.0","15.4","5.4","6.2","0.0","9.5","0.0","9.5","49063","36308","43513","12106","(X)","(X)","(X)","(X)","48.6","(X)",
"1400000US25025140106","Census Tract 1401.06; Suffolk County; Massachusetts","1034","170","9.3","6.9","9.2","5.5","13.7","6.5","17.6","6.8","3.6","3.1","9.8","5.7","8.5","4.5","16.1","9.3","3.4","2.8","8.9","5.2","35333","24725","76518","13649","41.1","(X)","(X)","(X)","(X)","(X)","558","88","1.6","2.4","10.9","8.5","7.3","7.2","20.8","8.7","2.9","4.5","13.4","8.9","12.4","7.2","8.6","6.9","6.3","5.3","15.8","9.3","65625","28579","99020","25046","(X)","(X)","38.2","(X)","(X)","(X)","238","78","3.8","5.5","6.3","10.0","3.4","5.2","0.0","16.3","0.0","16.3","5.0","6.8","24.8","12.2","18.5","12.8","14.7","12.5","23.5","14.3","108125","39777","N","N","(X)","(X)","(X)","(X)","(X)","(X)","476","148","18.3","13.9","7.1","5.1","21.2","12.7","13.9","10.6","4.4","4.4","6.9","6.2","2.5","3.4","24.8","18.3","0.0","8.5","0.8","1.6","27222","10820","49821","20715","(X)","(X)","(X)","(X)","44.5","(X)",
"1400000US25025140107","Census Tract 1401.07; Suffolk County; Massachusetts","1147","137","6.7","4.5","8.2","5.1","5.6","3.6","9.5","8.7","2.3","2.6","5.3","3.6","12.5","6.9","17.9","6.8","9.9","5.3","22.1","7.7","97344","21055","112258","14862","46.1","(X)","(X)","(X)","(X)","(X)","724","115","4.8","5.4","2.5","2.7","5.4","4.9","4.8","5.0","2.3","3.8","10.1","7.6","13.4","8.8","23.1","9.6","11.7","6.5","21.8","8.6","112985","12282","122159","15530","(X)","(X)","36.9","(X)","(X)","(X)","393","90","0.0","10.2","0.0","10.2","4.1","4.8","5.1","7.4","4.3","6.7","1.8","2.9","13.2","10.9","13.0","8.6","19.6","10.8","38.9","13.1","169531","26357","N","N","(X)","(X)","(X)","(X)","(X)","(X)","423","133","9.9","7.2","18.0","11.2","10.2","8.4","17.5","20.7","2.1","3.1","1.7","2.8","10.9","11.6","18.0","12.6","2.8","3.6","9.0","8.2","-","**","70677","20375","(X)","(X)","(X)","(X)","53.2","(X)",
"1400000US25025140201","Census Tract 1402.01; Suffolk County; Massachusetts","993","181","7.4","4.8","0.0","4.2","2.7","3.0","5.5","4.7","7.0","4.5","10.6","6.2","9.1","7.5","39.9","13.2","4.9","3.0","12.9","6.8","107882","9346","109191","15067","33.8","(X)","(X)","(X)","(X)","(X)","688","188","1.5","1.9","0.0","6.0","1.9","3.0","4.1","4.2","2.8","3.3","13.2","8.4","4.1","4.1","48.3","16.7","7.1","4.7","17.2","9.6","112288","13141","129094","19775","(X)","(X)","34.7","(X)","(X)","(X)","559","194","0.9","1.3","0.0","7.3","0.0","7.3","4.1","5.1","2.1","3.4","12.3","10.0","5.0","5.1","49.0","19.4","6.8","5.2","19.7","11.7","124205","24579","N","N","(X)","(X)","(X)","(X)","(X)","(X)","305","88","20.7","13.6","0.0","13.0","4.6","7.1","8.9","11.6","16.7","12.6","4.6","4.3","20.3","21.3","21.0","13.3","0.0","13.0","3.3","4.8","-","**","64297","16998","(X)","(X)","(X)","(X)","31.8","(X)",
"1400000US25025140202","Census Tract 1402.02; Suffolk County; Massachusetts","2068","149","1.6","1.6","3.1","3.3","0.9","1.0","5.2","4.4","7.9","6.4","8.2","4.5","14.5","6.0","11.8","4.7","20.1","10.4","26.5","6.6","130459","36655","173413","34608","49.1","(X)","(X)","(X)","(X)","(X)","1469","178","0.5","1.0","2.3","3.9","0.6","0.9","4.1","5.5","8.6","6.4","7.2","5.2","11.4","7.0","14.8","6.5","16.3","10.3","34.2","8.8","152737","40620","202070","44172","(X)","(X)","55.2","(X)","(X)","(X)","836","188","1.0","1.6","0.0","5.0","0.0","5.0","0.0","5.0","3.0","3.4","1.9","3.4","12.1","7.8","12.4","7.7","14.0","9.4","55.6","10.5","206636","40952","N","N","(X)","(X)","(X)","(X)","(X)","(X)","599","161","4.3","4.9","5.2","5.4","1.7","2.6","8.0","7.1","14.0","15.9","15.9","13.8","9.2","8.3","4.7","5.2","29.4","23.8","7.7","9.5","75982","56648","97690","30013","(X)","(X)","(X)","(X)","34.1","(X)",
"1400000US25025140300","Census Tract 1403; Suffolk County; Massachusetts","2749","454","5.1","4.6","8.4","6.9","7.4","6.4","7.1","7.5","4.8","4.7","10.7","6.4","24.2","11.8","16.7","9.6","8.3","6.6","7.4","4.4","87364","18635","89977","15492","52.1","(X)","(X)","(X)","(X)","(X)","1826","395","4.4","5.9","3.5","4.9","7.2","8.9","11.7","11.2","1.9","2.5","10.5","7.9","17.5","10.4","20.9","12.9","12.4","10.3","10.1","6.2","91354","15325","102583","19709","(X)","(X)","59.8","(X)","(X)","(X)","935","343","1.2","2.5","1.5","3.1","0.0","4.4","0.0","4.4","0.0","4.4","16.0","13.0","26.8","18.0","27.7","18.7","13.8","13.3","12.9","10.2","105943","17685","N","N","(X)","(X)","(X)","(X)","(X)","(X)","923","368","6.5","8.2","23.4","19.2","7.8","8.1","0.0","4.5","10.5","13.0","10.9","11.5","37.3","26.1","3.3","5.5","0.3","3.5","0.0","4.5","58089","49309","53503","20509","(X)","(X)","(X)","(X)","34.8","(X)",
"1400000US25025140400","Census Tract 1404; Suffolk County; Massachusetts","3086","309","5.8","4.7","7.6","5.1","6.0","4.3","7.3","4.1","5.8","3.9","14.8","6.3","9.3","4.8","16.2","8.8","14.8","6.0","12.5","4.8","79681","23726","101539","12050","56.6","(X)","(X)","(X)","(X)","(X)","1933","281","2.1","3.3","5.4","4.7","2.5","4.2","4.9","4.3","6.9","4.8","10.4","5.8","14.0","6.8","15.6","8.5","23.8","9.0","14.3","7.6","104104","11345","122150","16077","(X)","(X)","69.1","(X)","(X)","(X)","890","276","0.0","4.7","3.8","5.8","5.4","8.9","6.0","6.3","2.1","3.7","5.1","7.0","10.3","9.6","18.9","13.9","29.4","12.5","19.0","13.0","148750","72897","N","N","(X)","(X)","(X)","(X)","(X)","(X)","1153","344","12.0","12.6","11.1","10.1","11.9","10.5","11.4","8.5","11.6","9.3","18.1","12.2","4.8","6.3","14.6","17.7","1.8","3.0","2.7","4.4","46059","20860","58089","19736","(X)","(X)","(X)","(X)","33.9","(X)",
"1400000US25025160102","Census Tract 1601.02; Suffolk County; Massachusetts","1164","167","6.4","5.9","5.9","5.4","2.7","3.7","7.8","6.0","18.7","10.3","11.9","9.2","10.2","11.9","22.0","8.9","9.0","6.8","5.2","4.7","64605","39002","87420","16183","57.8","(X)","(X)","(X)","(X)","(X)","777","167","3.6","5.5","1.8","3.8","4.0","5.5","11.6","8.4","19.2","10.8","11.2","9.9","17.6","16.7","23.2","14.0","0.0","5.3","7.9","6.8","72019","45720","88613","19468","(X)","(X)","64.0","(X)","(X)","(X)","512","184","0.0","8.0","2.7","5.5","6.1","8.1","1.8","3.3","18.9","15.0","11.3","10.5","22.7","22.9","24.6","17.4","0.0","8.0","11.9","10.3","92870","32801","N","N","(X)","(X)","(X)","(X)","(X)","(X)","387","158","19.4","17.8","14.2","13.8","0.0","10.4","10.9","10.9","10.9","15.0","9.8","15.4","0.8","4.0","20.2","16.8","14.0","16.1","0.0","10.4","-","**","62698","25963","(X)","(X)","(X)","(X)","31.3","(X)",
"1400000US25025160103","Census Tract 1601.03; Suffolk County; Massachusetts","1205","177","2.5","4.2","6.9","6.5","8.2","11.3","7.6","6.0","11.8","9.4","9.2","7.0","21.1","11.8","19.4","9.9","5.5","6.4","7.9","6.7","76685","13766","86707","18752","71.6","(X)","(X)","(X)","(X)","(X)","727","183","4.1","6.8","6.2","7.2","1.2","2.7","5.1","7.5","20.6","15.7","17.6","16.0","9.5","13.3","16.5","11.4","14.9","15.0","4.3","5.4","61898","26564","89219","25025","(X)","(X)","78.0","(X)","(X)","(X)","317","180","0.0","12.5","0.0","12.5","0.0","12.5","0.0","12.5","16.4","18.1","5.4","9.0","21.8","29.0","12.6","14.1","34.1","27.7","9.8","13.6","-","**","N","N","(X)","(X)","(X)","(X)","(X)","(X)","478","180","0.0","8.5","7.9","13.3","20.7","25.4","19.0","15.4","4.4","8.0","1.9","3.8","19.5","15.1","23.8","19.3","0.0","8.5","2.7","4.6","-","**","62583","21196","(X)","(X)","(X)","(X)","54.2","(X)",
"1400000US25025160200","Census Tract 1602; Suffolk County; Massachusetts","1221","138","3.4","2.8","6.8","5.5","2.5","2.7","3.1","4.4","16.2","9.7","26.2","10.7","6.4","5.5","30.0","11.9","2.2","2.1","3.2","4.6","70672","9510","79295","12830","74.9","(X)","(X)","(X)","(X)","(X)","780","150","0.0","5.3","6.0","7.7","3.3","3.4","15.3","8.1","29.5","14.3","27.4","12.9","1.8","3.4","15.6","9.6","1.0","1.7","0.0","5.3","46912","13897","58950","7868","(X)","(X)","58.8","(X)","(X)","(X)","490","170","0.0","8.3","9.6","11.8","2.4","4.3","14.5","8.4","24.3","18.1","25.3","18.0","0.0","8.3","22.2","14.3","1.6","2.7","0.0","8.3","47404","24404","N","N","(X)","(X)","(X)","(X)","(X)","(X)","441","150","9.3","8.5","17.0","14.8","4.3","6.0","6.6","10.2","0.0","9.2","26.8","16.3","8.8","11.3","26.1","18.6","1.1","2.0","0.0","9.2","59256","20152","64370","18213","(X)","(X)","(X)","(X)","71.4","(X)",
"1400000US25025160300","Census Tract 1603; Suffolk County; Massachusetts","1329","163","4.0","2.5","10.3","7.4","22.0","11.2","6.2","3.4","6.6","4.4","5.7","3.0","10.2","4.4","15.3","6.0","10.0","5.2","9.6","5.7","55433","33646","86252","17014","49.7","(X)","(X)","(X)","(X)","(X)","332","90","2.4","4.0","0.0","12.0","21.1","17.2","0.0","12.0","4.5","6.9","1.8","3.2","8.1","6.9","25.9","16.8","12.3","11.0","23.8","16.3","127500","39749","140122","43187","(X)","(X)","50.6","(X)","(X)","(X)","236","67","3.4","5.6","0.0","16.4","0.0","16.4","0.0","16.4","6.4","9.5","2.5","4.6","11.4","9.9","25.4","19.9","17.4","15.3","33.5","19.4","150625","49197","N","N","(X)","(X)","(X)","(X)","(X)","(X)","997","169","4.5","3.0","13.7","9.7","22.3","12.6","8.3","4.4","7.3","5.4","7.0","4.0","10.9","5.1","11.7","6.2","9.2","5.2","4.9","4.9","36150","23322","68314","15248","(X)","(X)","(X)","(X)","49.4","(X)",
"1400000US25025160400","Census Tract 1604; Suffolk County; Massachusetts","1461","148","17.0","7.0","3.2","3.3","5.3","4.5","3.0","2.4","10.3","4.3","8.6","4.1","15.7","6.6","14.4","5.8","11.9","5.1","10.5","5.5","77695","12747","96734","17287","41.1","(X)","(X)","(X)","(X)","(X)","590","123","7.3","7.6","0.0","6.9","4.6","6.9","9.7","7.6","18.5","8.6","17.8","10.2","6.3","7.7","7.1","7.3","11.2","8.5","17.6","9.9","67750","18961","109997","27853","(X)","(X)","45.4","(X)","(X)","(X)","381","98","0.0","10.5","0.0","10.5","0.0","10.5","15.0","11.7","22.6","13.0","10.2","8.8","1.6","4.3","11.0","10.7","17.3","12.7","22.3","14.2","100272","88147","N","N","(X)","(X)","(X)","(X)","(X)","(X)","871","168","23.5","10.6","5.4","5.6","5.9","5.7","0.7","1.2","5.3","4.2","8.8","6.0","15.6","8.3","16.6","7.1","12.4","6.4","5.7","4.4","75257","31101","84868","18119","(X)","(X)","(X)","(X)","38.1","(X)",
"1400000US25025160501","Census Tract 1605.01; Suffolk County; Massachusetts","1971","244","16.1","8.9","7.2","3.8","3.8","2.3","2.4","3.3","7.4","5.0","13.2","6.7","14.7","4.6","20.3","8.2","10.8","6.9","4.2","2.9","74964","27078","81393","12875","64.1","(X)","(X)","(X)","(X)","(X)","1251","201","9.3","8.9","1.2","2.0","1.3","1.7","8.7","6.2","15.8","9.4","10.3","7.7","10.4","5.8","21.4","11.3","16.9","9.9","4.6","4.1","91895","39179","93547","14889","(X)","(X)","62.4","(X)","(X)","(X)","648","193","5.4","6.7","0.0","6.3","2.5","3.5","0.0","6.3","17.1","12.9","11.4","11.5","8.2","8.2","32.7","15.7","16.5","12.4","6.2","6.6","108750","33608","N","N","(X)","(X)","(X)","(X)","(X)","(X)","720","215","28.1","15.3","17.5","9.3","8.2","5.8","6.5","9.2","7.6","7.4","9.2","8.2","13.6","9.9","6.0","5.2","0.0","5.7","3.3","3.8","20000","15013","42880","13098","(X)","(X)","(X)","(X)","62.5","(X)",
"1400000US25025160502","Census Tract 1605.02; Suffolk County; Massachusetts","1856","205","5.2","3.4","8.8","4.8","7.8","4.3","19.1","7.8","4.3","3.3","16.1","6.9","9.7","5.3","12.0","5.1","8.5","5.2","8.7","4.5","59318","10557","79628","11053","49.0","(X)","(X)","(X)","(X)","(X)","1088","160","5.0","3.9","7.6","6.0","15.4","9.5","14.2","10.4","4.6","4.5","15.5","8.9","12.5","7.9","10.0","6.2","8.7","7.1","6.4","4.8","58393","28174","74826","14169","(X)","(X)","49.7","(X)","(X)","(X)","564","156","2.1","3.7","0.0","7.3","4.1","6.8","7.6","11.5","8.9","8.6","22.2","14.9","18.1","12.7","17.9","11.1","6.7","6.4","12.4","9.3","76648","24233","N","N","(X)","(X)","(X)","(X)","(X)","(X)","768","201","7.3","6.5","18.2","10.3","6.0","6.8","17.2","13.3","0.8","1.3","23.3","14.2","5.7","7.9","11.7","7.3","8.2","7.5","1.6","2.7","55625","48838","63177","14651","(X)","(X)","(X)","(X)","41.3","(X)",
"1400000US25025160601","Census Tract 1606.01; Suffolk County; Massachusetts","1553","199","4.1","4.1","3.4","3.4","7.7","5.7","9.0","5.1","9.9","5.1","11.5","6.6","10.0","4.1","28.2","8.4","10.6","6.7","5.7","3.8","80509","22971","96710","14321","47.4","(X)","(X)","(X)","(X)","(X)","768","167","1.4","2.2","4.2","6.6","3.0","3.3","3.9","4.8","18.0","10.5","3.9","6.4","6.8","6.0","31.0","13.4","16.3","11.3","11.6","7.3","106429","55324","120150","19541","(X)","(X)","55.3","(X)","(X)","(X)","490","155","0.0","8.3","0.0","8.3","2.4","4.0","2.4","4.1","21.8","14.5","6.1","10.3","10.6","8.7","22.9","13.6","23.1","18.3","10.6","7.4","131429","58157","N","N","(X)","(X)","(X)","(X)","(X)","(X)","785","181","6.8","7.8","2.7","2.9","13.8","10.5","16.2","9.1","6.4","4.0","17.3","11.6","13.1","7.9","18.9","7.8","5.0","5.7","0.0","5.3","55663","15406","63759","11952","(X)","(X)","(X)","(X)","39.6","(X)",
"1400000US25025160602","Census Tract 1606.02; Suffolk County; Massachusetts","1626","185","6.3","4.3","7.1","4.1","2.4","2.3","8.8","6.7","10.3","7.8","16.1","7.0","12.1","6.0","22.2","7.8","7.7","5.5","6.9","4.1","71667","31014","91718","16196","51.5","(X)","(X)","(X)","(X)","(X)","1090","169","1.6","2.4","5.8","4.2","6.1","6.2","3.7","4.2","11.7","10.3","24.3","10.8","8.0","4.8","18.7","8.6","14.7","8.9","5.6","3.9","70707","24435","94479","13663","(X)","(X)","61.6","(X)","(X)","(X)","702","171","0.6","0.9","0.0","5.9","1.7","2.5","4.8","6.1","12.7","13.9","14.4","11.5","12.4","7.7","29.1","12.9","15.7","11.0","8.7","6.1","101622","23248","N","N","(X)","(X)","(X)","(X)","(X)","(X)","536","141","16.0","11.0","9.9","9.6","1.5","2.5","19.0","15.7","7.5","6.6","23.1","13.9","14.0","10.1","5.6","5.7","0.0","7.6","3.4","2.9","43000","20766","66230","28509","(X)","(X)","(X)","(X)","19.6","(X)",
"1400000US25025170101","Census Tract 1701.01; Suffolk County; Massachusetts","1115","163","4.7","5.0","5.4","7.7","8.8","7.4","2.3","3.0","9.4","9.3","16.8","10.1","15.0","8.6","10.1","6.9","19.4","8.5","8.2","5.0","77379","11673","94378","11841","45.4","(X)","(X)","(X)","(X)","(X)","811","171","0.0","5.1","0.0","5.1","3.8","4.4","2.3","3.7","14.8","12.2","19.9","13.0","19.9","10.3","15.9","9.6","12.2","8.4","11.2","7.1","82269","20198","103586","15947","(X)","(X)","44.6","(X)","(X)","(X)","575","145","0.0","7.1","0.0","7.1","0.0","7.1","3.3","5.2","18.3","16.4","14.8","10.9","21.9","13.5","14.6","10.4","11.3","8.7","15.8","10.0","86513","28643","N","N","(X)","(X)","(X)","(X)","(X)","(X)","304","147","17.1","19.6","19.7","25.5","32.2","25.5","2.3","4.3","0.0","13.0","3.6","5.8","0.0","13.0","3.9","6.3","21.1","22.0","0.0","13.0","22868","8373","52880","34487","(X)","(X)","(X)","(X)","37.2","(X)",
"1400000US25025170102","Census Tract 1701.02; Suffolk County; Massachusetts","1583","235","5.9","5.4","0.6","0.9","1.3","1.8","5.3","4.1","6.9","4.5","12.7","7.5","26.8","11.0","13.2","6.9","21.5","10.5","5.6","4.0","92129","3981","103246","12973","48.1","(X)","(X)","(X)","(X)","(X)","1210","264","1.7","3.0","0.0","3.4","1.7","2.3","4.6","4.5","3.3","3.3","26.7","13.1","26.9","13.0","17.4","9.3","10.7","7.0","6.8","4.9","90452","9904","102223","13644","(X)","(X)","42.8","(X)","(X)","(X)","925","222","2.3","3.9","0.0","4.5","0.3","0.5","6.1","5.8","4.3","4.3","14.4","11.0","32.0","16.1","21.2","11.6","13.0","8.8","6.5","5.8","93103","5825","N","N","(X)","(X)","(X)","(X)","(X)","(X)","373","158","19.6","20.2","2.7","4.1","0.0","10.8","7.5","9.3","18.5","15.9","0.0","10.8","17.4","17.6","18.2","20.1","16.1","16.4","0.0","10.8","81477","78792","74518","25448","(X)","(X)","(X)","(X)","37.0","(X)",
"1400000US25025170200","Census Tract 1702; Suffolk County; Massachusetts","1940","311","8.9","9.8","4.9","4.5","13.1","6.0","3.4","2.5","17.9","6.5","15.8","6.4","6.9","4.4","19.6","8.3","1.7","1.4","7.8","4.4","52705","10027","77595","14238","57.1","(X)","(X)","(X)","(X)","(X)","1238","173","1.9","2.3","6.3","6.7","8.8","5.2","3.6","3.0","23.7","8.5","14.0","9.7","10.3","6.6","19.8","7.2","1.9","2.0","9.7","5.4","57805","10485","84432","14096","(X)","(X)","60.7","(X)","(X)","(X)","699","153","1.1","1.8","0.0","5.9","7.6","5.7","2.4","4.3","31.8","13.1","17.0","14.3","12.3","10.2","15.3","9.9","3.3","3.6","9.2","7.7","56488","10614","N","N","(X)","(X)","(X)","(X)","(X)","(X)","702","266","21.2","23.9","2.4","2.9","24.4","16.7","3.0","3.7","7.7","7.4","16.8","10.9","2.7","3.2","18.8","18.5","0.0","5.9","3.0","4.9","-","**","56357","26806","(X)","(X)","(X)","(X)","50.7","(X)",
"1400000US25025170301","Census Tract 1703.01; Suffolk County; Massachusetts","1986","384","0.9","1.4","6.3","6.7","6.5","5.5","8.5","6.5","8.3","5.7","6.1","4.3","19.3","10.2","20.8","11.1","12.9","8.0","10.3","6.6","93411","18236","107712","17487","65.5","(X)","(X)","(X)","(X)","(X)","1487","405","0.0","2.8","5.7","8.6","2.3","2.7","10.1","9.2","5.0","5.1","4.2","4.4","17.8","12.1","29.7","14.1","14.5","10.5","10.7","8.0","118770","37385","115534","21687","(X)","(X)","76.9","(X)","(X)","(X)","908","389","0.0","4.6","0.0","4.6","1.7","2.9","11.3","12.0","8.3","8.2","3.7","4.7","24.2","16.8","34.4","20.2","6.6","6.9","9.8","10.3","106458","45862","N","N","(X)","(X)","(X)","(X)","(X)","(X)","499","180","3.6","5.7","8.0","6.9","19.2","18.1","9.8","10.7","18.0","16.2","11.8","11.1","17.8","15.2","3.4","5.5","8.2","9.2","0.0","8.2","42473","23687","54461","14185","(X)","(X)","(X)","(X)","31.5","(X)",
"1400000US25025170302","Census Tract 1703.02; Suffolk County; Massachusetts","1712","255","19.7","12.3","0.6","1.2","4.6","4.5","1.6","1.8","1.6","2.7","10.0","5.8","7.1","5.0","32.4","11.2","9.7","7.5","12.6","7.8","104038","18355","111372","26227","43.6","(X)","(X)","(X)","(X)","(X)","786","197","21.8","22.6","0.0","5.3","0.0","5.3","0.0","5.3","3.6","6.0","9.2","9.6","16.4","13.3","20.7","12.2","14.0","12.6","14.4","11.4","94563","42976","125515","47563","(X)","(X)","67.4","(X)","(X)","(X)","463","153","9.5","14.3","0.0","8.8","0.0","8.8","0.0","8.8","0.0","8.8","6.0","7.2","19.2","15.5","19.9","13.0","21.0","17.5","24.4","17.6","138208","73744","N","N","(X)","(X)","(X)","(X)","(X)","(X)","926","325","17.9","14.0","1.2","2.4","8.4","7.8","3.0","3.5","0.0","4.5","11.9","9.2","3.6","3.1","36.8","17.2","7.5","8.3","9.7","9.9","103212","36416","96027","26260","(X)","(X)","(X)","(X)","23.4","(X)",
"1400000US25025170400","Census Tract 1704; Suffolk County; Massachusetts","1980","170","4.9","4.7","12.1","6.7","9.1","6.3","7.7","4.4","3.1","3.0","11.1","5.5","13.6","6.4","21.1","6.1","11.8","5.4","5.5","4.6","80591","19020","95746","17677","46.7","(X)","(X)","(X)","(X)","(X)","1125","194","1.4","2.2","0.0","3.7","1.4","2.2","9.4","6.2","5.9","5.3","9.8","7.5","13.4","7.6","29.9","9.8","19.1","9.3","9.7","8.2","120078","24991","135341","28446","(X)","(X)","55.5","(X)","(X)","(X)","844","171","1.9","2.9","0.0","4.9","1.9","3.0","6.6","7.0","3.9","5.5","7.9","6.2","12.0","9.9","27.4","10.9","25.5","11.7","12.9","11.1","142560","17234","N","N","(X)","(X)","(X)","(X)","(X)","(X)","855","180","9.6","10.3","28.0","14.5","19.2","13.1","5.5","5.4","0.8","1.4","15.4","10.6","18.5","13.5","3.0","3.4","0.0","4.8","0.0","4.8","22822","12150","38293","10208","(X)","(X)","(X)","(X)","35.2","(X)",
"1400000US25025170502","Census Tract 1705.02; Suffolk County; Massachusetts","1617","203","3.5","2.5","10.0","5.2","12.6","5.4","11.9","5.3","4.6","2.9","14.2","6.3","12.1","4.8","14.2","4.8","4.9","2.9","12.0","6.5","63884","14824","91175","16864","47.7","(X)","(X)","(X)","(X)","(X)","600","150","3.8","4.5","0.0","6.8","8.0","10.2","1.7","3.0","6.7","7.6","12.5","8.3","15.2","8.8","21.2","7.9","9.7","6.5","21.3","13.0","123611","67535","131701","30254","(X)","(X)","39.7","(X)","(X)","(X)","432","139","2.1","3.6","0.0","9.4","11.1","13.7","0.0","9.4","2.3","3.7","14.8","11.1","6.5","6.6","25.0","10.4","13.4","9.2","24.8","16.6","132222","25208","N","N","(X)","(X)","(X)","(X)","(X)","(X)","1017","166","3.3","2.9","15.8","8.0","15.3","7.0","17.9","8.0","6.3","4.2","15.2","8.6","11.5","6.8","5.9","3.8","2.2","2.5","6.5","5.7","33962","11575","63925","17289","(X)","(X)","(X)","(X)","52.5","(X)",
"1400000US25025170503","Census Tract 1705.03; Suffolk County; Massachusetts","681","76","6.3","6.9","4.1","4.0","15.0","9.7","2.5","3.8","3.2","4.2","9.4","7.5","17.5","8.4","24.5","9.5","1.9","2.4","15.6","10.7","90724","26334","103576","23754","45.1","(X)","(X)","(X)","(X)","(X)","345","86","3.8","6.2","2.0","3.3","13.3","15.0","0.0","11.6","2.0","3.5","7.0","8.6","7.8","8.4","38.0","14.2","3.8","4.8","22.3","16.2","119867","16717","127268","34104","(X)","(X)","48.4","(X)","(X)","(X)","191","79","0.0","19.8","0.0","19.8","10.5","15.2","0.0","19.8","3.7","6.3","12.6","14.6","4.7","10.1","48.7","18.9","6.8","7.9","13.1","13.1","119886","10860","N","N","(X)","(X)","(X)","(X)","(X)","(X)","336","93","8.9","12.0","6.3","7.2","16.7","13.6","5.1","7.8","4.5","7.8","14.6","13.1","24.7","14.6","14.9","13.2","0.0","11.9","4.5","5.3","54397","33738","73490","23944","(X)","(X)","(X)","(X)","32.7","(X)",
"1400000US25025170504","Census Tract 1705.04; Suffolk County; Massachusetts","1264","170","6.6","5.1","0.0","3.3","3.6","4.3","3.0","2.7","5.9","4.6","12.8","7.8","7.1","4.6","32.3","9.7","17.8","8.8","11.0","5.5","126471","30955","124080","16705","43.6","(X)","(X)","(X)","(X)","(X)","721","151","0.0","5.7","0.0","5.7","5.0","6.9","3.3","3.7","5.3","6.7","23.9","14.3","4.2","4.3","34.8","13.2","12.5","9.4","11.1","7.0","123750","37937","130397","24805","(X)","(X)","57.4","(X)","(X)","(X)","567","142","0.0","7.2","0.0","7.2","6.3","8.7","4.2","4.7","6.7","8.6","20.3","15.9","1.8","2.9","35.1","13.9","13.2","11.6","12.3","8.1","126544","43368","N","N","(X)","(X)","(X)","(X)","(X)","(X)","543","156","15.3","10.5","0.0","7.5","1.7","2.7","2.6","4.1","6.6","6.5","5.0","5.0","13.4","10.7","30.8","14.8","15.7","13.2","9.0","7.5","102235","35602","106189","21740","(X)","(X)","(X)","(X)","25.2","(X)",
"1400000US25025170601","Census Tract 1706.01; Suffolk County; Massachusetts","1828","182","2.8","2.8","1.9","1.7","1.5","1.7","6.0","4.5","11.1","6.3","13.8","8.1","15.2","6.5","14.1","7.3","15.4","7.2","18.3","7.5","98202","26100","128512","18934","51.1","(X)","(X)","(X)","(X)","(X)","1339","222","0.5","1.1","0.7","1.0","0.8","1.2","2.8","3.3","9.3","6.9","12.4","6.9","21.9","9.2","22.6","8.4","13.0","6.6","16.0","8.0","100827","6991","124518","15724","(X)","(X)","47.3","(X)","(X)","(X)","835","196","0.8","1.7","0.0","5.0","0.1","0.5","2.9","4.9","13.4","10.0","11.3","7.0","21.0","10.5","15.1","8.3","18.1","9.3","17.4","10.5","107250","61443","N","N","(X)","(X)","(X)","(X)","(X)","(X)","489","153","9.2","11.2","4.9","6.1","3.3","5.4","14.9","12.5","16.2","13.7","19.4","22.5","19.8","13.4","4.7","5.7","1.4","2.3","6.1","8.1","62723","52334","74573","24749","(X)","(X)","(X)","(X)","46.4","(X)",
"1400000US25025170701","Census Tract 1707.01; Suffolk County; Massachusetts","938","114","3.4","4.1","8.4","5.2","5.3","3.5","4.9","4.4","9.0","5.4","15.1","8.5","11.4","6.9","20.7","8.5","11.3","7.3","10.4","5.8","93875","22482","109008","23790","40.8","(X)","(X)","(X)","(X)","(X)","512","107","0.0","8.0","7.2","7.4","5.7","5.2","2.1","3.5","9.8","7.6","20.3","12.5","13.7","9.1","18.4","11.0","5.9","7.0","17.0","9.3","94375","22414","129640","43811","(X)","(X)","48.6","(X)","(X)","(X)","381","106","0.0","10.5","0.0","10.5","4.5","5.2","2.9","4.6","8.7","9.0","22.8","14.7","12.1","7.9","18.4","14.9","7.9","9.3","22.8","12.6","97276","21708","N","N","(X)","(X)","(X)","(X)","(X)","(X)","426","100","7.5","8.8","9.9","7.5","4.9","5.5","8.2","8.4","8.0","7.0","12.4","10.5","8.7","8.4","23.5","13.1","16.0","11.8","0.9","1.9","71389","41781","80853","14719","(X)","(X)","(X)","(X)","31.5","(X)",
"1400000US25025170702","Census Tract 1707.02; Suffolk County; Massachusetts","2422","286","5.7","5.5","3.9","2.8","8.4","5.6","9.7","8.4","14.2","8.2","17.8","9.9","11.3","8.1","12.6","6.1","10.0","6.7","6.4","5.6","60811","16243","81301","17935","56.0","(X)","(X)","(X)","(X)","(X)","1682","291","4.1","5.8","5.5","5.7","4.5","5.0","16.4","12.9","17.1","11.1","22.4","12.7","8.1","8.6","9.0","6.9","4.5","4.5","8.4","8.3","54318","19106","71838","19714","(X)","(X)","56.8","(X)","(X)","(X)","1092","316","0.0","3.8","4.4","5.6","4.9","7.0","8.6","9.6","15.8","14.7","27.0","17.9","7.1","9.2","12.5","10.3","6.9","7.0","12.9","12.8","66207","18101","N","N","(X)","(X)","(X)","(X)","(X)","(X)","740","239","18.5","16.3","6.4","6.5","11.2","11.0","2.2","3.5","5.0","6.0","8.2","9.8","9.9","12.0","20.5","13.4","18.1","15.0","0.0","5.6","59549","38699","75246","21368","(X)","(X)","(X)","(X)","39.9","(X)",
"1400000US25025170800","Census Tract 1708; Suffolk County; Massachusetts","2474","362","10.3","7.1","4.7","6.0","11.5","8.4","3.3","3.3","9.6","5.3","22.4","8.8","6.0","3.6","12.1","6.4","11.6","6.3","8.6","5.3","65786","7125","83682","12731","53.2","(X)","(X)","(X)","(X)","(X)","1400","230","6.0","6.1","0.0","3.0","2.2","2.8","2.7","3.0","8.6","6.1","25.0","11.9","16.4","9.0","11.1","8.5","19.1","11.1","8.9","6.7","79570","13509","104293","15741","(X)","(X)","59.0","(X)","(X)","(X)","995","240","0.0","4.2","0.0","4.2","3.1","3.9","3.8","4.3","10.1","7.8","26.6","14.2","8.2","7.4","15.7","11.4","19.9","12.7","12.6","9.7","94688","51508","N","N","(X)","(X)","(X)","(X)","(X)","(X)","1074","390","19.6","15.2","10.9","13.3","23.6","17.2","4.0","6.5","10.9","9.3","15.2","10.2","3.2","3.5","4.1","6.9","2.0","3.3","6.7","10.1","-","**","47955","22619","(X)","(X)","(X)","(X)","45.7","(X)",
"1400000US25025180101","Census Tract 1801.01; Suffolk County; Massachusetts","2466","231","1.3","1.2","7.1","4.2","7.7","4.9","2.0","1.8","10.5","5.6","12.7","6.2","14.2","6.5","17.7","7.8","8.6","5.3","18.2","8.2","92554","16958","117349","19060","46.2","(X)","(X)","(X)","(X)","(X)","1308","252","0.5","0.8","1.0","1.5","4.6","6.1","1.8","2.3","11.9","8.9","7.7","8.2","9.2","8.4","25.5","11.7","10.8","7.9","27.1","11.4","114067","32505","150432","31657","(X)","(X)","55.4","(X)","(X)","(X)","855","218","0.0","4.8","1.5","2.4","1.2","1.9","1.4","2.5","7.6","8.7","2.2","3.6","10.4","10.8","30.9","14.1","3.3","3.7","41.5","15.5","141250","36963","N","N","(X)","(X)","(X)","(X)","(X)","(X)","1158","279","2.2","2.5","13.9","9.1","11.3","7.4","2.2","2.6","16.8","10.3","18.3","9.6","12.2","8.1","14.0","11.2","1.0","1.9","8.1","11.8","52697","15683","73920","26611","(X)","(X)","(X)","(X)","35.8","(X)",
"1400000US25025180200","Census Tract 1802; Suffolk County; Massachusetts","1908","180","4.8","4.1","6.1","5.2","7.7","7.1","7.0","4.3","4.6","3.8","18.4","5.8","9.7","4.9","15.8","5.3","8.5","4.2","17.3","4.4","76274","21216","109183","12473","37.3","(X)","(X)","(X)","(X)","(X)","1045","130","4.6","4.9","6.4","8.1","0.0","4.0","5.5","5.2","1.0","1.6","14.4","7.6","8.1","5.9","21.1","8.7","12.5","6.9","26.4","7.0","120990","25482","136299","16257","(X)","(X)","41.9","(X)","(X)","(X)","661","132","0.0","6.2","0.0","6.2","0.0","6.2","5.3","7.9","0.0","6.2","12.7","10.2","8.9","7.5","24.5","12.1","18.0","9.9","30.6","12.1","144625","40495","N","N","(X)","(X)","(X)","(X)","(X)","(X)","863","197","5.1","7.1","5.7","6.4","17.0","14.4","8.9","6.7","8.9","8.1","23.3","9.6","11.7","9.0","10.7","5.5","3.8","4.1","4.9","4.3","58347","15831","72494","16192","(X)","(X)","(X)","(X)","31.6","(X)",
"1400000US25025180301","Census Tract 1803.01; Suffolk County; Massachusetts","1188","117","3.7","3.4","2.5","2.2","5.7","5.1","0.6","0.8","10.7","7.4","7.4","4.4","7.5","4.7","22.2","8.6","10.2","4.7","29.5","8.1","124167","22845","157470","30820","38.1","(X)","(X)","(X)","(X)","(X)","755","139","0.8","1.3","0.0","5.5","7.0","7.7","0.0","5.5","0.0","5.5","7.0","5.9","8.7","6.2","24.6","10.0","13.0","6.5","38.8","9.6","160347","35868","198772","38406","(X)","(X)","35.1","(X)","(X)","(X)","642","141","0.9","1.5","0.0","6.4","5.1","7.0","0.0","6.4","0.0","6.4","6.4","6.2","8.9","6.7","22.3","10.0","10.7","5.8","45.6","11.4","166250","49595","N","N","(X)","(X)","(X)","(X)","(X)","(X)","433","103","8.8","8.9","6.9","5.9","3.5","4.1","1.6","2.3","29.3","17.6","8.1","6.2","5.3","5.5","18.0","13.0","5.3","5.7","13.2","12.9","-","**","85455","23950","(X)","(X)","(X)","(X)","43.4","(X)",
"1400000US25025180400","Census Tract 1804; Suffolk County; Massachusetts","841","92","1.1","1.6","0.0","4.9","3.2","3.2","8.8","6.7","4.3","3.5","15.9","6.6","9.5","5.9","17.0","8.2","6.1","4.5","34.1","9.7","115679","14520","147161","21964","42.8","(X)","(X)","(X)","(X)","(X)","456","84","0.0","8.9","0.0","8.9","0.0","8.9","0.0","8.9","5.7","5.6","12.3","9.7","8.3","7.1","20.8","11.3","9.9","7.8","43.0","15.9","156184","65079","168273","26396","(X)","(X)","60.1","(X)","(X)","(X)","315","77","0.0","12.6","0.0","12.6","0.0","12.6","0.0","12.6","0.0","12.6","1.6","3.2","7.6","8.0","15.6","8.9","13.0","11.0","62.2","16.0","216328","33097","N","N","(X)","(X)","(X)","(X)","(X)","(X)","385","87","2.3","3.5","0.0","10.4","7.0","6.8","19.2","14.4","3.4","3.2","20.3","10.3","10.9","8.7","16.4","11.4","1.6","2.3","19.0","12.5","69034","27893","118109","38542","(X)","(X)","(X)","(X)","22.3","(X)",
"1400000US25025180500","Census Tract 1805; Suffolk County; Massachusetts","1925","272","1.4","1.5","1.6","1.7","3.4","2.5","5.3","3.5","7.7","5.8","13.9","5.5","14.6","4.8","18.9","8.7","15.6","5.6","17.7","5.9","102214","27548","137857","17182","34.0","(X)","(X)","(X)","(X)","(X)","904","149","1.9","2.9","0.0","4.6","2.1","2.4","4.1","6.0","5.3","4.1","7.2","4.7","14.9","7.2","11.5","6.0","27.9","10.3","25.1","9.8","159063","30470","155613","21635","(X)","(X)","45.9","(X)","(X)","(X)","621","131","0.0","6.6","0.0","6.6","0.0","6.6","0.3","1.2","3.9","4.3","7.2","6.0","11.9","5.6","11.4","7.3","32.5","12.4","32.7","12.7","169926","16011","N","N","(X)","(X)","(X)","(X)","(X)","(X)","1021","247","0.9","1.4","2.9","3.3","4.6","4.4","6.4","4.1","9.8","10.3","19.8","9.6","15.3","7.3","24.4","15.0","4.8","4.8","11.2","7.2","76891","23454","120172","24711","(X)","(X)","(X)","(X)","20.9","(X)",
"1400000US25025980101","Census Tract 9801.01; Suffolk County; Massachusetts","0","14","-","**","-","**","-","**","-","**","-","**","-","**","-","**","-","**","-","**","-","**","-","**","-","**","-","(X)","(X)","(X)","(X)","(X)","0","14","-","**","-","**","-","**","-","**","-","**","-","**","-","**","-","**","-","**","-","**","-","**","-","**","(X)","(X)","-","(X)","(X)","(X)","0","14","-","**","-","**","-","**","-","**","-","**","-","**","-","**","-","**","-","**","-","**","-","**","-","**","(X)","(X)","(X)","(X)","(X)","(X)","0","14","-","**","-","**","-","**","-","**","-","**","-","**","-","**","-","**","-","**","-","**","-","**","-","**","(X)","(X)","(X)","(X)","-","(X)",
"1400000US25025980300","Census Tract 9803; Suffolk County; Massachusetts","0","14","-","**","-","**","-","**","-","**","-","**","-","**","-","**","-","**","-","**","-","**","-","**","-","**","-","(X)","(X)","(X)","(X)","(X)","0","14","-","**","-","**","-","**","-","**","-","**","-","**","-","**","-","**","-","**","-","**","-","**","-","**","(X)","(X)","-","(X)","(X)","(X)","0","14","-","**","-","**","-","**","-","**","-","**","-","**","-","**","-","**","-","**","-","**","-","**","-","**","(X)","(X)","(X)","(X)","(X)","(X)","0","14","-","**","-","**","-","**","-","**","-","**","-","**","-","**","-","**","-","**","-","**","-","**","-","**","(X)","(X)","(X)","(X)","-","(X)",
"1400000US25025980700","Census Tract 9807; Suffolk County; Massachusetts","0","14","-","**","-","**","-","**","-","**","-","**","-","**","-","**","-","**","-","**","-","**","-","**","-","**","-","(X)","(X)","(X)","(X)","(X)","0","14","-","**","-","**","-","**","-","**","-","**","-","**","-","**","-","**","-","**","-","**","-","**","-","**","(X)","(X)","-","(X)","(X)","(X)","0","14","-","**","-","**","-","**","-","**","-","**","-","**","-","**","-","**","-","**","-","**","-","**","-","**","(X)","(X)","(X)","(X)","(X)","(X)","0","14","-","**","-","**","-","**","-","**","-","**","-","**","-","**","-","**","-","**","-","**","-","**","-","**","(X)","(X)","(X)","(X)","-","(X)",
"1400000US25025980900","Census Tract 9809; Suffolk County; Massachusetts","26","23","19.2","31.5","0.0","66.5","0.0","66.5","0.0","66.5","0.0","66.5","0.0","66.5","0.0","66.5","61.5","60.0","0.0","66.5","19.2","42.2","108750","64756","N","N","19.2","(X)","(X)","(X)","(X)","(X)","5","7","0.0","100.0","0.0","100.0","0.0","100.0","0.0","100.0","0.0","100.0","0.0","100.0","0.0","100.0","0.0","100.0","0.0","100.0","100.0","100.0","-","**","N","N","(X)","(X)","100.0","(X)","(X)","(X)","5","7","0.0","100.0","0.0","100.0","0.0","100.0","0.0","100.0","0.0","100.0","0.0","100.0","0.0","100.0","0.0","100.0","0.0","100.0","100.0","100.0","-","**","N","N","(X)","(X)","(X)","(X)","(X)","(X)","21","26","23.8","50.4","0.0","74.0","0.0","74.0","0.0","74.0","0.0","74.0","0.0","74.0","0.0","74.0","76.2","50.4","0.0","74.0","0.0","74.0","-","**","N","N","(X)","(X)","(X)","(X)","0.0","(X)",
"1400000US25025981000","Census Tract 9810; Suffolk County; Massachusetts","16","22","0.0","84.8","0.0","84.8","0.0","84.8","0.0","84.8","0.0","84.8","0.0","84.8","100.0","84.8","0.0","84.8","0.0","84.8","0.0","84.8","-","**","N","N","0.0","(X)","(X)","(X)","(X)","(X)","0","14","-","**","-","**","-","**","-","**","-","**","-","**","-","**","-","**","-","**","-","**","-","**","-","**","(X)","(X)","-","(X)","(X)","(X)","0","14","-","**","-","**","-","**","-","**","-","**","-","**","-","**","-","**","-","**","-","**","-","**","-","**","(X)","(X)","(X)","(X)","(X)","(X)","16","22","0.0","84.8","0.0","84.8","0.0","84.8","0.0","84.8","0.0","84.8","0.0","84.8","100.0","84.8","0.0","84.8","0.0","84.8","0.0","84.8","-","**","N","N","(X)","(X)","(X)","(X)","0.0","(X)",
"1400000US25025981100","Census Tract 9811; Suffolk County; Massachusetts","4","6","0.0","100.0","0.0","100.0","0.0","100.0","0.0","100.0","0.0","100.0","100.0","100.0","0.0","100.0","0.0","100.0","0.0","100.0","0.0","100.0","-","**","N","N","100.0","(X)","(X)","(X)","(X)","(X)","0","14","-","**","-","**","-","**","-","**","-","**","-","**","-","**","-","**","-","**","-","**","-","**","-","**","(X)","(X)","-","(X)","(X)","(X)","0","14","-","**","-","**","-","**","-","**","-","**","-","**","-","**","-","**","-","**","-","**","-","**","-","**","(X)","(X)","(X)","(X)","(X)","(X)","4","6","0.0","100.0","0.0","100.0","0.0","100.0","0.0","100.0","0.0","100.0","100.0","100.0","0.0","100.0","0.0","100.0","0.0","100.0","0.0","100.0","-","**","N","N","(X)","(X)","(X)","(X)","100.0","(X)",
"1400000US25025981201","Census Tract 9812.01; Suffolk County; Massachusetts","0","14","-","**","-","**","-","**","-","**","-","**","-","**","-","**","-","**","-","**","-","**","-","**","-","**","-","(X)","(X)","(X)","(X)","(X)","0","14","-","**","-","**","-","**","-","**","-","**","-","**","-","**","-","**","-","**","-","**","-","**","-","**","(X)","(X)","-","(X)","(X)","(X)","0","14","-","**","-","**","-","**","-","**","-","**","-","**","-","**","-","**","-","**","-","**","-","**","-","**","(X)","(X)","(X)","(X)","(X)","(X)","0","14","-","**","-","**","-","**","-","**","-","**","-","**","-","**","-","**","-","**","-","**","-","**","-","**","(X)","(X)","(X)","(X)","-","(X)",
"1400000US25025981202","Census Tract 9812.02; Suffolk County; Massachusetts","0","14","-","**","-","**","-","**","-","**","-","**","-","**","-","**","-","**","-","**","-","**","-","**","-","**","-","(X)","(X)","(X)","(X)","(X)","0","14","-","**","-","**","-","**","-","**","-","**","-","**","-","**","-","**","-","**","-","**","-","**","-","**","(X)","(X)","-","(X)","(X)","(X)","0","14","-","**","-","**","-","**","-","**","-","**","-","**","-","**","-","**","-","**","-","**","-","**","-","**","(X)","(X)","(X)","(X)","(X)","(X)","0","14","-","**","-","**","-","**","-","**","-","**","-","**","-","**","-","**","-","**","-","**","-","**","-","**","(X)","(X)","(X)","(X)","-","(X)",
"1400000US25025981300","Census Tract 9813; Suffolk County; Massachusetts","18","17","0.0","79.9","0.0","79.9","0.0","79.9","0.0","79.9","0.0","79.9","0.0","79.9","0.0","79.9","0.0","79.9","0.0","79.9","100.0","79.9","245000","110057","334156","114847","27.8","(X)","(X)","(X)","(X)","(X)","5","7","0.0","100.0","0.0","100.0","0.0","100.0","0.0","100.0","0.0","100.0","0.0","100.0","0.0","100.0","0.0","100.0","0.0","100.0","100.0","100.0","-","**","N","N","(X)","(X)","100.0","(X)","(X)","(X)","5","7","0.0","100.0","0.0","100.0","0.0","100.0","0.0","100.0","0.0","100.0","0.0","100.0","0.0","100.0","0.0","100.0","0.0","100.0","100.0","100.0","-","**","N","N","(X)","(X)","(X)","(X)","(X)","(X)","13","16","0.0","94.1","0.0","94.1","0.0","94.1","0.0","94.1","0.0","94.1","0.0","94.1","0.0","94.1","0.0","94.1","0.0","94.1","100.0","94.1","-","**","N","N","(X)","(X)","(X)","(X)","0.0","(X)",
"1400000US25025981501","Census Tract 9815.01; Suffolk County; Massachusetts","0","14","-","**","-","**","-","**","-","**","-","**","-","**","-","**","-","**","-","**","-","**","-","**","-","**","-","(X)","(X)","(X)","(X)","(X)","0","14","-","**","-","**","-","**","-","**","-","**","-","**","-","**","-","**","-","**","-","**","-","**","-","**","(X)","(X)","-","(X)","(X)","(X)","0","14","-","**","-","**","-","**","-","**","-","**","-","**","-","**","-","**","-","**","-","**","-","**","-","**","(X)","(X)","(X)","(X)","(X)","(X)","0","14","-","**","-","**","-","**","-","**","-","**","-","**","-","**","-","**","-","**","-","**","-","**","-","**","(X)","(X)","(X)","(X)","-","(X)",
"1400000US25025981502","Census Tract 9815.02; Suffolk County; Massachusetts","0","14","-","**","-","**","-","**","-","**","-","**","-","**","-","**","-","**","-","**","-","**","-","**","-","**","-","(X)","(X)","(X)","(X)","(X)","0","14","-","**","-","**","-","**","-","**","-","**","-","**","-","**","-","**","-","**","-","**","-","**","-","**","(X)","(X)","-","(X)","(X)","(X)","0","14","-","**","-","**","-","**","-","**","-","**","-","**","-","**","-","**","-","**","-","**","-","**","-","**","(X)","(X)","(X)","(X)","(X)","(X)","0","14","-","**","-","**","-","**","-","**","-","**","-","**","-","**","-","**","-","**","-","**","-","**","-","**","(X)","(X)","(X)","(X)","-","(X)",
"1400000US25025981600","Census Tract 9816; Suffolk County; Massachusetts","0","14","-","**","-","**","-","**","-","**","-","**","-","**","-","**","-","**","-","**","-","**","-","**","-","**","-","(X)","(X)","(X)","(X)","(X)","0","14","-","**","-","**","-","**","-","**","-","**","-","**","-","**","-","**","-","**","-","**","-","**","-","**","(X)","(X)","-","(X)","(X)","(X)","0","14","-","**","-","**","-","**","-","**","-","**","-","**","-","**","-","**","-","**","-","**","-","**","-","**","(X)","(X)","(X)","(X)","(X)","(X)","0","14","-","**","-","**","-","**","-","**","-","**","-","**","-","**","-","**","-","**","-","**","-","**","-","**","(X)","(X)","(X)","(X)","-","(X)",
"1400000US25025981700","Census Tract 9817; Suffolk County; Massachusetts","0","14","-","**","-","**","-","**","-","**","-","**","-","**","-","**","-","**","-","**","-","**","-","**","-","**","-","(X)","(X)","(X)","(X)","(X)","0","14","-","**","-","**","-","**","-","**","-","**","-","**","-","**","-","**","-","**","-","**","-","**","-","**","(X)","(X)","-","(X)","(X)","(X)","0","14","-","**","-","**","-","**","-","**","-","**","-","**","-","**","-","**","-","**","-","**","-","**","-","**","(X)","(X)","(X)","(X)","(X)","(X)","0","14","-","**","-","**","-","**","-","**","-","**","-","**","-","**","-","**","-","**","-","**","-","**","-","**","(X)","(X)","(X)","(X)","-","(X)",
"1400000US25025981800","Census Tract 9818; Suffolk County; Massachusetts","28","24","0.0","64.1","0.0","64.1","0.0","64.1","0.0","64.1","0.0","64.1","46.4","47.0","0.0","64.1","17.9","26.8","0.0","64.1","35.7","45.1","-","**","480454","520219","46.4","(X)","(X)","(X)","(X)","(X)","18","18","0.0","79.9","0.0","79.9","0.0","79.9","0.0","79.9","0.0","79.9","72.2","42.3","0.0","79.9","27.8","42.3","0.0","79.9","0.0","79.9","-","**","N","N","(X)","(X)","72.2","(X)","(X)","(X)","5","6","0.0","100.0","0.0","100.0","0.0","100.0","0.0","100.0","0.0","100.0","0.0","100.0","0.0","100.0","100.0","100.0","0.0","100.0","0.0","100.0","-","**","N","N","(X)","(X)","(X)","(X)","(X)","(X)","10","15","0.0","100.0","0.0","100.0","0.0","100.0","0.0","100.0","0.0","100.0","0.0","100.0","0.0","100.0","0.0","100.0","0.0","100.0","100.0","100.0","-","**","N","N","(X)","(X)","(X)","(X)","0.0","(X)",
"1400000US25025981900","Census Tract 9819; Suffolk County; Massachusetts","0","14","-","**","-","**","-","**","-","**","-","**","-","**","-","**","-","**","-","**","-","**","-","**","-","**","-","(X)","(X)","(X)","(X)","(X)","0","14","-","**","-","**","-","**","-","**","-","**","-","**","-","**","-","**","-","**","-","**","-","**","-","**","(X)","(X)","-","(X)","(X)","(X)","0","14","-","**","-","**","-","**","-","**","-","**","-","**","-","**","-","**","-","**","-","**","-","**","-","**","(X)","(X)","(X)","(X)","(X)","(X)","0","14","-","**","-","**","-","**","-","**","-","**","-","**","-","**","-","**","-","**","-","**","-","**","-","**","(X)","(X)","(X)","(X)","-","(X)",
"1400000US25025990101","Census Tract 9901.01; Suffolk County; Massachusetts","0","14","-","**","-","**","-","**","-","**","-","**","-","**","-","**","-","**","-","**","-","**","-","**","-","**","-","(X)","(X)","(X)","(X)","(X)","0","14","-","**","-","**","-","**","-","**","-","**","-","**","-","**","-","**","-","**","-","**","-","**","-","**","(X)","(X)","-","(X)","(X)","(X)","0","14","-","**","-","**","-","**","-","**","-","**","-","**","-","**","-","**","-","**","-","**","-","**","-","**","(X)","(X)","(X)","(X)","(X)","(X)","0","14","-","**","-","**","-","**","-","**","-","**","-","**","-","**","-","**","-","**","-","**","-","**","-","**","(X)","(X)","(X)","(X)","-","(X)",
